year,month,crop,state,season,rainfall_mm,temperature_c,demand_index,inflation_rate,price_per_quintal
2019,1,Wheat,Punjab,Rabi,171.5,19.1,0.854,0.0,2086.3
2019,1,Wheat,Haryana,Rabi,130.5,18.7,0.868,0.0,2373.81
2019,1,Wheat,UP,Rabi,144.7,13.8,0.891,0.0,2095.98
2019,1,Wheat,Maharashtra,Rabi,119.6,18.2,0.878,0.0,2134.07
2019,1,Wheat,Karnataka,Rabi,169.2,17.1,0.87,0.0,2160.61
2019,1,Wheat,Andhra Pradesh,Rabi,129.0,17.8,0.906,0.0,2212.84
2019,1,Wheat,Madhya Pradesh,Rabi,127.9,17.0,0.913,0.0,2091.43
2019,1,Wheat,Rajasthan,Rabi,139.6,15.5,0.855,0.0,2186.68
2019,1,Wheat,Gujarat,Rabi,156.3,15.1,0.88,0.0,2352.41
2019,1,Wheat,Bihar,Rabi,113.3,18.0,0.939,0.0,2214.91
2019,1,Wheat,West Bengal,Rabi,154.6,17.9,0.86,0.0,2305.01
2019,1,Wheat,Tamil Nadu,Rabi,137.6,17.0,0.887,0.0,2100.42
2019,1,Rice,Punjab,Kharif,162.6,11.4,1.036,0.0,2050.74
2019,1,Rice,Haryana,Kharif,146.8,8.4,0.974,0.0,2270.18
2019,1,Rice,UP,Kharif,120.8,11.8,0.969,0.0,2302.15
2019,1,Rice,Maharashtra,Kharif,174.5,7.8,1.027,0.0,2109.94
2019,1,Rice,Karnataka,Kharif,130.2,9.5,1.034,0.0,2310.54
2019,1,Rice,Andhra Pradesh,Kharif,180.9,10.3,1.012,0.0,2266.53
2019,1,Rice,Madhya Pradesh,Kharif,143.0,9.5,0.973,0.0,2183.66
2019,1,Rice,Rajasthan,Kharif,122.6,11.7,1.014,0.0,2012.63
2019,1,Rice,Gujarat,Kharif,140.3,6.6,1.039,0.0,2317.63
2019,1,Rice,Bihar,Kharif,146.7,8.8,0.978,0.0,2081.33
2019,1,Rice,West Bengal,Kharif,161.0,11.9,1.05,0.0,2325.33
2019,1,Rice,Tamil Nadu,Kharif,178.4,10.0,1.053,0.0,2281.46
2019,1,Maize,Punjab,Kharif,92.0,13.0,1.086,0.0,2475.57
2019,1,Maize,Haryana,Kharif,85.1,11.8,1.144,0.0,2236.42
2019,1,Maize,UP,Kharif,129.6,13.8,1.08,0.0,2274.28
2019,1,Maize,Maharashtra,Kharif,53.5,13.4,1.072,0.0,2517.16
2019,1,Maize,Karnataka,Kharif,93.1,18.4,1.046,0.0,2167.06
2019,1,Maize,Andhra Pradesh,Kharif,88.1,14.0,1.057,0.0,2257.6
2019,1,Maize,Madhya Pradesh,Kharif,114.8,14.9,1.067,0.0,2336.54
2019,1,Maize,Rajasthan,Kharif,120.0,10.6,1.11,0.0,2425.95
2019,1,Maize,Gujarat,Kharif,72.1,12.3,1.045,0.0,2353.88
2019,1,Maize,Bihar,Kharif,60.9,13.6,1.111,0.0,2374.52
2019,1,Maize,West Bengal,Kharif,73.5,16.5,1.143,0.0,2218.54
2019,1,Maize,Tamil Nadu,Kharif,76.3,12.8,1.142,0.0,2204.75
2019,1,Potato,Punjab,Rabi,99.2,18.8,1.057,0.0,851.0
2019,1,Potato,Haryana,Rabi,76.9,21.6,1.001,0.0,901.24
2019,1,Potato,UP,Rabi,118.1,21.6,0.974,0.0,877.6
2019,1,Potato,Maharashtra,Rabi,110.3,20.9,0.967,0.0,801.13
2019,1,Potato,Karnataka,Rabi,109.2,16.7,1.036,0.0,792.97
2019,1,Potato,Andhra Pradesh,Rabi,120.4,17.3,0.99,0.0,867.57
2019,1,Potato,Madhya Pradesh,Rabi,121.1,21.7,1.052,0.0,823.32
2019,1,Potato,Rajasthan,Rabi,88.4,19.5,1.003,0.0,868.34
2019,1,Potato,Gujarat,Rabi,123.3,18.7,1.03,0.0,815.16
2019,1,Potato,Bihar,Rabi,160.4,19.4,1.016,0.0,886.93
2019,1,Potato,West Bengal,Rabi,86.5,21.1,0.968,0.0,805.68
2019,1,Potato,Tamil Nadu,Rabi,103.2,20.7,1.064,0.0,866.69
2019,1,Tomato,Punjab,Year-round,89.6,14.0,0.907,0.0,1150.77
2019,1,Tomato,Haryana,Year-round,87.3,10.9,0.935,0.0,1066.91
2019,1,Tomato,UP,Year-round,107.8,15.3,0.888,0.0,1184.34
2019,1,Tomato,Maharashtra,Year-round,96.4,14.2,0.934,0.0,1102.75
2019,1,Tomato,Karnataka,Year-round,96.4,20.9,0.928,0.0,1215.81
2019,1,Tomato,Andhra Pradesh,Year-round,105.2,14.5,0.936,0.0,1167.77
2019,1,Tomato,Madhya Pradesh,Year-round,70.7,12.7,0.908,0.0,1110.85
2019,1,Tomato,Rajasthan,Year-round,132.4,9.5,0.882,0.0,1055.74
2019,1,Tomato,Gujarat,Year-round,76.7,15.4,0.867,0.0,1156.98
2019,1,Tomato,Bihar,Year-round,71.8,14.6,0.912,0.0,1144.47
2019,1,Tomato,West Bengal,Year-round,87.0,11.9,0.905,0.0,1064.75
2019,1,Tomato,Tamil Nadu,Year-round,45.6,13.6,0.927,0.0,1165.49
2019,1,Onion,Punjab,Rabi,108.6,8.7,0.921,0.0,1390.85
2019,1,Onion,Haryana,Rabi,109.8,15.2,0.912,0.0,1509.47
2019,1,Onion,UP,Rabi,87.6,9.4,0.925,0.0,1452.82
2019,1,Onion,Maharashtra,Rabi,97.5,15.7,0.866,0.0,1357.4
2019,1,Onion,Karnataka,Rabi,76.3,11.7,0.896,0.0,1469.77
2019,1,Onion,Andhra Pradesh,Rabi,133.1,14.6,0.861,0.0,1447.85
2019,1,Onion,Madhya Pradesh,Rabi,103.4,16.6,0.934,0.0,1442.22
2019,1,Onion,Rajasthan,Rabi,98.2,12.0,0.91,0.0,1509.12
2019,1,Onion,Gujarat,Rabi,64.3,14.5,0.915,0.0,1575.41
2019,1,Onion,Bihar,Rabi,116.0,12.1,0.892,0.0,1461.92
2019,1,Onion,West Bengal,Rabi,92.5,12.3,0.886,0.0,1580.35
2019,1,Onion,Tamil Nadu,Rabi,89.8,11.2,0.92,0.0,1552.96
2019,1,Soybean,Punjab,Kharif,170.9,19.5,0.98,0.0,4263.62
2019,1,Soybean,Haryana,Kharif,181.5,17.1,0.92,0.0,4432.78
2019,1,Soybean,UP,Kharif,151.6,20.4,0.958,0.0,4805.48
2019,1,Soybean,Maharashtra,Kharif,182.1,18.3,0.918,0.0,4678.73
2019,1,Soybean,Karnataka,Kharif,162.5,18.0,0.977,0.0,4780.13
2019,1,Soybean,Andhra Pradesh,Kharif,139.6,22.4,0.915,0.0,4548.46
2019,1,Soybean,Madhya Pradesh,Kharif,179.1,19.8,0.962,0.0,4372.39
2019,1,Soybean,Rajasthan,Kharif,155.7,16.5,0.893,0.0,4703.96
2019,1,Soybean,Gujarat,Kharif,175.5,18.0,0.921,0.0,4531.26
2019,1,Soybean,Bihar,Kharif,164.2,17.1,0.946,0.0,4220.19
2019,1,Soybean,West Bengal,Kharif,160.9,17.2,0.895,0.0,4208.72
2019,1,Soybean,Tamil Nadu,Kharif,146.6,18.7,0.896,0.0,4727.15
2019,1,Cotton,Punjab,Kharif,125.4,15.5,0.911,0.0,6506.41
2019,1,Cotton,Haryana,Kharif,160.1,12.3,0.872,0.0,5842.58
2019,1,Cotton,UP,Kharif,191.6,13.9,0.882,0.0,5787.86
2019,1,Cotton,Maharashtra,Kharif,137.3,10.7,0.907,0.0,6690.85
2019,1,Cotton,Karnataka,Kharif,167.6,14.3,0.918,0.0,5954.62
2019,1,Cotton,Andhra Pradesh,Kharif,175.6,12.5,0.877,0.0,5805.3
2019,1,Cotton,Madhya Pradesh,Kharif,157.5,16.1,0.886,0.0,6359.14
2019,1,Cotton,Rajasthan,Kharif,164.0,14.3,0.886,0.0,6314.19
2019,1,Cotton,Gujarat,Kharif,163.0,9.6,0.862,0.0,6008.24
2019,1,Cotton,Bihar,Kharif,127.9,13.1,0.903,0.0,6313.54
2019,1,Cotton,West Bengal,Kharif,181.0,15.3,0.868,0.0,6414.29
2019,1,Cotton,Tamil Nadu,Kharif,164.7,11.8,0.902,0.0,6661.5
2019,1,Sugarcane,Punjab,Year-round,51.6,14.6,1.001,0.0,316.68
2019,1,Sugarcane,Haryana,Year-round,42.5,15.8,0.97,0.0,351.97
2019,1,Sugarcane,UP,Year-round,53.9,15.6,0.948,0.0,309.09
2019,1,Sugarcane,Maharashtra,Year-round,20.8,17.1,0.937,0.0,337.62
2019,1,Sugarcane,Karnataka,Year-round,82.5,14.8,0.976,0.0,337.61
2019,1,Sugarcane,Andhra Pradesh,Year-round,92.7,18.1,1.011,0.0,347.11
2019,1,Sugarcane,Madhya Pradesh,Year-round,64.4,17.3,0.994,0.0,323.52
2019,1,Sugarcane,Rajasthan,Year-round,72.6,11.0,0.964,0.0,313.5
2019,1,Sugarcane,Gujarat,Year-round,46.1,16.0,0.976,0.0,325.3
2019,1,Sugarcane,Bihar,Year-round,84.0,11.8,1.01,0.0,343.5
2019,1,Sugarcane,West Bengal,Year-round,17.4,14.4,0.97,0.0,352.22
2019,1,Sugarcane,Tamil Nadu,Year-round,10.1,14.4,0.987,0.0,353.83
2019,1,Chilli,Punjab,Kharif,156.2,10.0,0.922,0.0,8437.7
2019,1,Chilli,Haryana,Kharif,98.8,9.5,0.914,0.0,7543.38
2019,1,Chilli,UP,Kharif,86.4,10.2,0.941,0.0,7452.42
2019,1,Chilli,Maharashtra,Kharif,113.0,10.7,0.982,0.0,7938.34
2019,1,Chilli,Karnataka,Kharif,132.1,9.4,0.977,0.0,8096.36
2019,1,Chilli,Andhra Pradesh,Kharif,104.1,8.1,0.952,0.0,7533.52
2019,1,Chilli,Madhya Pradesh,Kharif,102.6,6.2,0.977,0.0,8084.12
2019,1,Chilli,Rajasthan,Kharif,132.1,8.6,0.991,0.0,7345.85
2019,1,Chilli,Gujarat,Kharif,95.6,10.8,0.949,0.0,7948.82
2019,1,Chilli,Bihar,Kharif,98.9,8.8,0.942,0.0,7975.41
2019,1,Chilli,West Bengal,Kharif,93.9,9.3,0.937,0.0,7324.76
2019,1,Chilli,Tamil Nadu,Kharif,119.4,12.4,0.971,0.0,7451.31
2019,1,Gram,Punjab,Rabi,98.9,14.9,1.004,0.0,5713.09
2019,1,Gram,Haryana,Rabi,138.2,19.1,1.011,0.0,5376.79
2019,1,Gram,UP,Rabi,91.7,16.4,0.985,0.0,5925.13
2019,1,Gram,Maharashtra,Rabi,106.7,14.3,0.994,0.0,5191.89
2019,1,Gram,Karnataka,Rabi,120.7,13.6,1.017,0.0,5308.19
2019,1,Gram,Andhra Pradesh,Rabi,114.9,13.5,1.074,0.0,5921.49
2019,1,Gram,Madhya Pradesh,Rabi,108.1,16.8,0.992,0.0,5818.7
2019,1,Gram,Rajasthan,Rabi,121.7,16.8,1.033,0.0,5645.55
2019,1,Gram,Gujarat,Rabi,106.4,16.5,1.008,0.0,5303.69
2019,1,Gram,Bihar,Rabi,87.1,15.4,0.987,0.0,5431.63
2019,1,Gram,West Bengal,Rabi,132.5,12.0,0.991,0.0,5594.51
2019,1,Gram,Tamil Nadu,Rabi,106.6,15.4,1.009,0.0,5480.63
2019,1,Mustard,Punjab,Rabi,60.5,17.4,1.073,0.0,6083.54
2019,1,Mustard,Haryana,Rabi,99.3,19.6,0.996,0.0,6434.62
2019,1,Mustard,UP,Rabi,105.7,22.6,1.064,0.0,5687.45
2019,1,Mustard,Maharashtra,Rabi,84.0,20.6,0.994,0.0,5759.1
2019,1,Mustard,Karnataka,Rabi,106.8,21.5,1.031,0.0,5783.05
2019,1,Mustard,Andhra Pradesh,Rabi,90.5,21.3,1.061,0.0,5973.29
2019,1,Mustard,Madhya Pradesh,Rabi,82.4,15.0,1.008,0.0,6051.82
2019,1,Mustard,Rajasthan,Rabi,64.3,19.5,1.07,0.0,6353.45
2019,1,Mustard,Gujarat,Rabi,113.8,19.6,1.041,0.0,5997.8
2019,1,Mustard,Bihar,Rabi,99.2,20.6,1.012,0.0,5736.73
2019,1,Mustard,West Bengal,Rabi,106.1,21.9,1.032,0.0,5758.61
2019,1,Mustard,Tamil Nadu,Rabi,86.2,20.2,1.009,0.0,6496.48
2019,2,Wheat,Punjab,Rabi,161.3,25.8,0.827,0.0,2309.87
2019,2,Wheat,Haryana,Rabi,143.0,23.2,0.886,0.0,2299.3
2019,2,Wheat,UP,Rabi,133.6,25.2,0.879,0.0,2056.51
2019,2,Wheat,Maharashtra,Rabi,134.8,24.5,0.839,0.0,2227.74
2019,2,Wheat,Karnataka,Rabi,190.7,20.2,0.857,0.0,2124.75
2019,2,Wheat,Andhra Pradesh,Rabi,183.1,24.3,0.861,0.0,2334.45
2019,2,Wheat,Madhya Pradesh,Rabi,130.7,23.9,0.877,0.0,2217.39
2019,2,Wheat,Rajasthan,Rabi,167.7,22.1,0.867,0.0,2325.81
2019,2,Wheat,Gujarat,Rabi,162.6,26.9,0.897,0.0,2215.74
2019,2,Wheat,Bihar,Rabi,143.0,21.7,0.902,0.0,2326.88
2019,2,Wheat,West Bengal,Rabi,150.7,23.8,0.868,0.0,2296.67
2019,2,Wheat,Tamil Nadu,Rabi,175.1,23.4,0.886,0.0,2143.33
2019,2,Rice,Punjab,Kharif,128.3,30.6,1.121,0.0,2283.72
2019,2,Rice,Haryana,Kharif,80.4,32.0,1.09,0.0,2238.12
2019,2,Rice,UP,Kharif,119.0,31.9,1.11,0.0,2340.67
2019,2,Rice,Maharashtra,Kharif,82.6,33.3,1.178,0.0,2371.47
2019,2,Rice,Karnataka,Kharif,86.9,31.9,1.182,0.0,2209.67
2019,2,Rice,Andhra Pradesh,Kharif,89.4,32.6,1.154,0.0,2342.1
2019,2,Rice,Madhya Pradesh,Kharif,100.6,32.6,1.091,0.0,2232.61
2019,2,Rice,Rajasthan,Kharif,154.3,30.0,1.077,0.0,2167.67
2019,2,Rice,Gujarat,Kharif,130.7,26.9,1.119,0.0,2444.5
2019,2,Rice,Bihar,Kharif,79.4,32.7,1.09,0.0,2304.11
2019,2,Rice,West Bengal,Kharif,99.9,33.3,1.1,0.0,2476.81
2019,2,Rice,Tamil Nadu,Kharif,95.7,32.1,1.087,0.0,2395.22
2019,2,Maize,Punjab,Kharif,142.9,33.3,0.871,0.0,2001.89
2019,2,Maize,Haryana,Kharif,167.2,33.9,0.877,0.0,1866.69
2019,2,Maize,UP,Kharif,149.9,33.6,0.873,0.0,2059.19
2019,2,Maize,Maharashtra,Kharif,180.6,35.5,0.816,0.0,1856.35
2019,2,Maize,Karnataka,Kharif,151.2,35.0,0.851,0.0,1819.1
2019,2,Maize,Andhra Pradesh,Kharif,132.4,33.3,0.837,0.0,2070.72
2019,2,Maize,Madhya Pradesh,Kharif,178.4,31.2,0.869,0.0,1910.81
2019,2,Maize,Rajasthan,Kharif,169.5,30.2,0.84,0.0,1920.07
2019,2,Maize,Gujarat,Kharif,191.4,33.3,0.89,0.0,2088.11
2019,2,Maize,Bihar,Kharif,165.4,34.6,0.852,0.0,1944.39
2019,2,Maize,West Bengal,Kharif,160.4,35.0,0.87,0.0,1799.45
2019,2,Maize,Tamil Nadu,Kharif,123.2,34.7,0.9,0.0,1872.84
2019,2,Potato,Punjab,Rabi,80.0,22.7,0.937,0.0,725.23
2019,2,Potato,Haryana,Rabi,103.3,22.6,0.886,0.0,804.81
2019,2,Potato,UP,Rabi,145.1,24.7,0.947,0.0,740.13
2019,2,Potato,Maharashtra,Rabi,109.5,23.2,0.921,0.0,744.96
2019,2,Potato,Karnataka,Rabi,105.7,22.0,0.941,0.0,788.16
2019,2,Potato,Andhra Pradesh,Rabi,82.2,20.0,0.918,0.0,753.76
2019,2,Potato,Madhya Pradesh,Rabi,124.1,18.1,0.929,0.0,813.32
2019,2,Potato,Rajasthan,Rabi,114.5,21.9,0.905,0.0,806.35
2019,2,Potato,Gujarat,Rabi,124.8,18.5,0.89,0.0,726.84
2019,2,Potato,Bihar,Rabi,78.8,23.5,0.957,0.0,785.32
2019,2,Potato,West Bengal,Rabi,116.2,20.9,0.931,0.0,736.32
2019,2,Potato,Tamil Nadu,Rabi,81.5,20.8,0.961,0.0,809.46
2019,2,Tomato,Punjab,Year-round,168.2,32.7,0.902,0.0,1019.8
2019,2,Tomato,Haryana,Year-round,157.7,33.6,0.96,0.0,1098.41
2019,2,Tomato,UP,Year-round,157.5,34.5,0.908,0.0,1118.82
2019,2,Tomato,Maharashtra,Year-round,154.5,33.7,0.902,0.0,1089.25
2019,2,Tomato,Karnataka,Year-round,149.5,30.7,0.971,0.0,1102.96
2019,2,Tomato,Andhra Pradesh,Year-round,166.4,32.8,0.965,0.0,1173.33
2019,2,Tomato,Madhya Pradesh,Year-round,158.9,34.7,0.889,0.0,1151.25
2019,2,Tomato,Rajasthan,Year-round,135.0,32.0,0.892,0.0,1107.9
2019,2,Tomato,Gujarat,Year-round,139.1,35.4,0.891,0.0,1125.36
2019,2,Tomato,Bihar,Year-round,127.4,35.8,0.915,0.0,1058.85
2019,2,Tomato,West Bengal,Year-round,149.2,33.4,0.907,0.0,1113.07
2019,2,Tomato,Tamil Nadu,Year-round,163.1,33.0,0.973,0.0,1008.07
2019,2,Onion,Punjab,Rabi,181.0,34.7,1.018,0.0,1482.09
2019,2,Onion,Haryana,Rabi,129.0,30.6,0.994,0.0,1550.7
2019,2,Onion,UP,Rabi,156.6,32.5,0.95,0.0,1424.73
2019,2,Onion,Maharashtra,Rabi,123.9,31.7,0.988,0.0,1438.41
2019,2,Onion,Karnataka,Rabi,159.3,32.5,1.007,0.0,1419.85
2019,2,Onion,Andhra Pradesh,Rabi,208.8,32.8,0.938,0.0,1592.67
2019,2,Onion,Madhya Pradesh,Rabi,186.0,37.4,0.972,0.0,1603.72
2019,2,Onion,Rajasthan,Rabi,152.3,32.9,0.94,0.0,1422.8
2019,2,Onion,Gujarat,Rabi,152.7,33.8,1.016,0.0,1553.39
2019,2,Onion,Bihar,Rabi,155.2,31.8,0.996,0.0,1578.18
2019,2,Onion,West Bengal,Rabi,169.5,33.4,0.944,0.0,1533.51
2019,2,Onion,Tamil Nadu,Rabi,209.8,36.0,0.978,0.0,1421.17
2019,2,Soybean,Punjab,Kharif,117.2,25.7,1.102,0.0,5555.39
2019,2,Soybean,Haryana,Kharif,79.5,26.0,1.07,0.0,5298.72
2019,2,Soybean,UP,Kharif,131.4,25.0,1.156,0.0,5263.84
2019,2,Soybean,Maharashtra,Kharif,100.0,31.1,1.153,0.0,5506.27
2019,2,Soybean,Karnataka,Kharif,84.9,27.4,1.091,0.0,5376.36
2019,2,Soybean,Andhra Pradesh,Kharif,132.4,27.2,1.156,0.0,5844.38
2019,2,Soybean,Madhya Pradesh,Kharif,117.7,27.7,1.139,0.0,5834.38
2019,2,Soybean,Rajasthan,Kharif,105.6,28.8,1.079,0.0,5669.37
2019,2,Soybean,Gujarat,Kharif,108.5,25.7,1.098,0.0,5846.35
2019,2,Soybean,Bihar,Kharif,98.4,26.8,1.154,0.0,5725.24
2019,2,Soybean,West Bengal,Kharif,87.6,26.4,1.131,0.0,5517.13
2019,2,Soybean,Tamil Nadu,Kharif,96.4,27.4,1.148,0.0,5298.77
2019,2,Cotton,Punjab,Kharif,230.7,26.4,1.056,0.0,7437.0
2019,2,Cotton,Haryana,Kharif,210.0,30.1,0.969,0.0,6483.71
2019,2,Cotton,UP,Kharif,199.3,29.7,1.021,0.0,6703.57
2019,2,Cotton,Maharashtra,Kharif,196.9,29.6,1.05,0.0,6753.33
2019,2,Cotton,Karnataka,Kharif,213.9,28.3,0.964,0.0,7448.63
2019,2,Cotton,Andhra Pradesh,Kharif,203.9,25.3,1.04,0.0,6394.66
2019,2,Cotton,Madhya Pradesh,Kharif,172.5,28.5,1.063,0.0,7127.14
2019,2,Cotton,Rajasthan,Kharif,181.9,29.0,1.042,0.0,6842.29
2019,2,Cotton,Gujarat,Kharif,229.0,32.0,0.989,0.0,7138.64
2019,2,Cotton,Bihar,Kharif,202.1,27.0,1.057,0.0,7423.56
2019,2,Cotton,West Bengal,Kharif,182.0,32.7,0.99,0.0,6835.14
2019,2,Cotton,Tamil Nadu,Kharif,224.5,28.9,0.985,0.0,7460.25
2019,2,Sugarcane,Punjab,Year-round,69.4,35.9,1.139,0.0,355.49
2019,2,Sugarcane,Haryana,Year-round,79.1,36.5,1.068,0.0,394.97
2019,2,Sugarcane,UP,Year-round,96.5,35.6,1.142,0.0,346.32
2019,2,Sugarcane,Maharashtra,Year-round,84.1,33.9,1.076,0.0,373.22
2019,2,Sugarcane,Karnataka,Year-round,106.0,35.5,1.084,0.0,373.82
2019,2,Sugarcane,Andhra Pradesh,Year-round,56.3,34.3,1.055,0.0,392.14
2019,2,Sugarcane,Madhya Pradesh,Year-round,32.1,34.3,1.12,0.0,348.72
2019,2,Sugarcane,Rajasthan,Year-round,21.5,36.8,1.14,0.0,361.84
2019,2,Sugarcane,Gujarat,Year-round,78.4,33.3,1.081,0.0,346.75
2019,2,Sugarcane,Bihar,Year-round,69.0,35.2,1.122,0.0,403.47
2019,2,Sugarcane,West Bengal,Year-round,46.8,34.8,1.09,0.0,386.45
2019,2,Sugarcane,Tamil Nadu,Year-round,70.5,34.7,1.058,0.0,375.38
2019,2,Chilli,Punjab,Kharif,112.5,28.4,0.863,0.0,7334.04
2019,2,Chilli,Haryana,Kharif,98.2,25.5,0.908,0.0,6869.61
2019,2,Chilli,UP,Kharif,129.0,27.8,0.923,0.0,6711.85
2019,2,Chilli,Maharashtra,Kharif,81.1,29.3,0.918,0.0,7504.16
2019,2,Chilli,Karnataka,Kharif,95.0,29.0,0.918,0.0,6768.18
2019,2,Chilli,Andhra Pradesh,Kharif,100.7,31.5,0.91,0.0,7200.28
2019,2,Chilli,Madhya Pradesh,Kharif,72.1,26.0,0.916,0.0,6769.94
2019,2,Chilli,Rajasthan,Kharif,152.0,26.9,0.909,0.0,7439.87
2019,2,Chilli,Gujarat,Kharif,70.2,28.2,0.906,0.0,6940.39
2019,2,Chilli,Bihar,Kharif,114.5,26.9,0.91,0.0,6758.99
2019,2,Chilli,West Bengal,Kharif,55.4,25.3,0.878,0.0,7537.39
2019,2,Chilli,Tamil Nadu,Kharif,61.5,31.1,0.91,0.0,7821.74
2019,2,Gram,Punjab,Rabi,151.7,30.8,1.146,0.0,6069.07
2019,2,Gram,Haryana,Rabi,190.7,28.8,1.084,0.0,5628.14
2019,2,Gram,UP,Rabi,168.4,27.8,1.092,0.0,5729.55
2019,2,Gram,Maharashtra,Rabi,186.6,29.4,1.104,0.0,6335.47
2019,2,Gram,Karnataka,Rabi,106.2,27.1,1.173,0.0,6069.64
2019,2,Gram,Andhra Pradesh,Rabi,140.8,25.2,1.151,0.0,5749.25
2019,2,Gram,Madhya Pradesh,Rabi,186.4,27.7,1.091,0.0,5627.47
2019,2,Gram,Rajasthan,Rabi,172.7,28.0,1.102,0.0,5572.57
2019,2,Gram,Gujarat,Rabi,137.5,24.7,1.133,0.0,6295.41
2019,2,Gram,Bihar,Rabi,154.6,27.1,1.068,0.0,6178.56
2019,2,Gram,West Bengal,Rabi,156.2,27.2,1.159,0.0,6206.91
2019,2,Gram,Tamil Nadu,Rabi,204.7,29.9,1.087,0.0,6273.19
2019,2,Mustard,Punjab,Rabi,126.9,24.3,0.905,0.0,5055.95
2019,2,Mustard,Haryana,Rabi,117.8,26.4,0.837,0.0,4882.87
2019,2,Mustard,UP,Rabi,132.3,27.3,0.899,0.0,5422.56
2019,2,Mustard,Maharashtra,Rabi,87.5,32.2,0.882,0.0,4994.43
2019,2,Mustard,Karnataka,Rabi,110.8,27.7,0.882,0.0,4740.8
2019,2,Mustard,Andhra Pradesh,Rabi,135.1,25.1,0.862,0.0,5409.11
2019,2,Mustard,Madhya Pradesh,Rabi,140.5,24.5,0.896,0.0,5327.19
2019,2,Mustard,Rajasthan,Rabi,128.9,30.4,0.877,0.0,5388.74
2019,2,Mustard,Gujarat,Rabi,120.6,26.5,0.904,0.0,5327.8
2019,2,Mustard,Bihar,Rabi,108.0,27.7,0.881,0.0,5183.41
2019,2,Mustard,West Bengal,Rabi,114.1,27.0,0.881,0.0,4945.42
2019,2,Mustard,Tamil Nadu,Rabi,149.7,25.9,0.892,0.0,5432.85
2019,3,Wheat,Punjab,Rabi,165.9,31.5,1.147,0.0,2620.04
2019,3,Wheat,Haryana,Rabi,198.6,30.0,1.119,0.0,2525.32
2019,3,Wheat,UP,Rabi,187.1,28.1,1.102,0.0,2349.84
2019,3,Wheat,Maharashtra,Rabi,155.7,28.3,1.084,0.0,2631.42
2019,3,Wheat,Karnataka,Rabi,141.5,33.6,1.127,0.0,2499.87
2019,3,Wheat,Andhra Pradesh,Rabi,204.7,32.2,1.116,0.0,2536.72
2019,3,Wheat,Madhya Pradesh,Rabi,178.1,27.5,1.122,0.0,2543.12
2019,3,Wheat,Rajasthan,Rabi,151.6,33.0,1.148,0.0,2565.34
2019,3,Wheat,Gujarat,Rabi,195.8,31.8,1.085,0.0,2640.67
2019,3,Wheat,Bihar,Rabi,190.2,28.8,1.112,0.0,2725.96
2019,3,Wheat,West Bengal,Rabi,178.9,28.3,1.147,0.0,2452.32
2019,3,Wheat,Tamil Nadu,Rabi,162.5,32.1,1.138,0.0,2567.61
2019,3,Rice,Punjab,Kharif,37.8,26.1,0.889,0.0,1857.67
2019,3,Rice,Haryana,Kharif,60.4,23.1,0.865,0.0,2023.01
2019,3,Rice,UP,Kharif,85.1,24.8,0.891,0.0,2102.52
2019,3,Rice,Maharashtra,Kharif,66.6,25.3,0.896,0.0,1814.53
2019,3,Rice,Karnataka,Kharif,51.5,25.8,0.861,0.0,2057.5
2019,3,Rice,Andhra Pradesh,Kharif,80.2,24.4,0.922,0.0,1992.29
2019,3,Rice,Madhya Pradesh,Kharif,72.1,23.6,0.867,0.0,1911.62
2019,3,Rice,Rajasthan,Kharif,93.6,23.3,0.851,0.0,2058.58
2019,3,Rice,Gujarat,Kharif,101.6,22.5,0.857,0.0,1996.33
2019,3,Rice,Bihar,Kharif,50.1,25.9,0.851,0.0,2031.72
2019,3,Rice,West Bengal,Kharif,81.7,28.2,0.891,0.0,1808.33
2019,3,Rice,Tamil Nadu,Kharif,86.4,21.6,0.886,0.0,1873.58
2019,3,Maize,Punjab,Kharif,109.9,37.3,0.956,0.0,2635.1
2019,3,Maize,Haryana,Kharif,120.4,35.0,0.952,0.0,2278.67
2019,3,Maize,UP,Kharif,67.6,36.3,0.936,0.0,2386.39
2019,3,Maize,Maharashtra,Kharif,72.5,36.7,1.016,0.0,2560.47
2019,3,Maize,Karnataka,Kharif,56.7,32.2,0.962,0.0,2502.04
2019,3,Maize,Andhra Pradesh,Kharif,95.3,39.5,0.975,0.0,2509.32
2019,3,Maize,Madhya Pradesh,Kharif,96.2,37.3,0.947,0.0,2271.13
2019,3,Maize,Rajasthan,Kharif,89.4,36.5,0.939,0.0,2517.34
2019,3,Maize,Gujarat,Kharif,59.6,34.7,0.995,0.0,2423.67
2019,3,Maize,Bihar,Kharif,112.6,34.0,1.027,0.0,2558.56
2019,3,Maize,West Bengal,Kharif,81.5,38.6,0.981,0.0,2609.98
2019,3,Maize,Tamil Nadu,Kharif,90.7,36.6,0.942,0.0,2491.38
2019,3,Potato,Punjab,Rabi,86.2,28.7,1.048,0.0,869.77
2019,3,Potato,Haryana,Rabi,109.4,31.9,1.042,0.0,877.51
2019,3,Potato,UP,Rabi,150.8,28.3,1.064,0.0,924.01
2019,3,Potato,Maharashtra,Rabi,112.7,30.5,1.1,0.0,1002.54
2019,3,Potato,Karnataka,Rabi,98.9,32.9,1.103,0.0,895.68
2019,3,Potato,Andhra Pradesh,Rabi,119.0,31.7,1.042,0.0,994.82
2019,3,Potato,Madhya Pradesh,Rabi,83.9,29.8,1.083,0.0,876.5
2019,3,Potato,Rajasthan,Rabi,108.6,30.9,1.097,0.0,916.36
2019,3,Potato,Gujarat,Rabi,156.9,29.9,1.091,0.0,884.26
2019,3,Potato,Bihar,Rabi,57.1,30.6,1.025,0.0,890.62
2019,3,Potato,West Bengal,Rabi,117.8,30.6,1.055,0.0,919.58
2019,3,Potato,Tamil Nadu,Rabi,49.9,31.1,1.021,0.0,911.21
2019,3,Tomato,Punjab,Year-round,80.0,30.6,0.99,0.0,1200.01
2019,3,Tomato,Haryana,Year-round,101.4,31.3,1.086,0.0,1392.78
2019,3,Tomato,UP,Year-round,64.9,29.8,1.056,0.0,1236.74
2019,3,Tomato,Maharashtra,Year-round,65.6,31.3,1.068,0.0,1200.21
2019,3,Tomato,Karnataka,Year-round,71.7,32.9,1.039,0.0,1314.39
2019,3,Tomato,Andhra Pradesh,Year-round,41.9,28.3,1.022,0.0,1275.33
2019,3,Tomato,Madhya Pradesh,Year-round,67.1,32.1,1.064,0.0,1272.86
2019,3,Tomato,Rajasthan,Year-round,86.8,29.8,0.986,0.0,1189.62
2019,3,Tomato,Gujarat,Year-round,19.8,29.9,1.04,0.0,1241.0
2019,3,Tomato,Bihar,Year-round,79.4,31.0,0.995,0.0,1231.78
2019,3,Tomato,West Bengal,Year-round,83.2,33.4,0.994,0.0,1300.5
2019,3,Tomato,Tamil Nadu,Year-round,68.4,30.1,1.06,0.0,1288.17
2019,3,Onion,Punjab,Rabi,90.3,16.9,1.012,0.0,1530.8
2019,3,Onion,Haryana,Rabi,107.5,14.2,0.962,0.0,1611.53
2019,3,Onion,UP,Rabi,82.8,18.3,0.982,0.0,1480.32
2019,3,Onion,Maharashtra,Rabi,90.1,18.1,0.979,0.0,1580.08
2019,3,Onion,Karnataka,Rabi,60.8,16.6,0.991,0.0,1433.96
2019,3,Onion,Andhra Pradesh,Rabi,80.0,16.7,0.928,0.0,1543.81
2019,3,Onion,Madhya Pradesh,Rabi,68.6,19.1,0.949,0.0,1594.13
2019,3,Onion,Rajasthan,Rabi,98.2,18.8,0.938,0.0,1503.74
2019,3,Onion,Gujarat,Rabi,90.3,15.1,0.994,0.0,1460.45
2019,3,Onion,Bihar,Rabi,96.8,19.1,0.957,0.0,1482.87
2019,3,Onion,West Bengal,Rabi,90.2,14.6,0.995,0.0,1468.24
2019,3,Onion,Tamil Nadu,Rabi,72.9,16.6,1.014,0.0,1576.27
2019,3,Soybean,Punjab,Kharif,130.2,33.7,1.101,0.0,6252.98
2019,3,Soybean,Haryana,Kharif,115.7,30.5,1.137,0.0,5858.63
2019,3,Soybean,UP,Kharif,54.9,32.2,1.188,0.0,6122.94
2019,3,Soybean,Maharashtra,Kharif,88.7,34.4,1.185,0.0,6154.57
2019,3,Soybean,Karnataka,Kharif,82.6,32.3,1.173,0.0,6347.7
2019,3,Soybean,Andhra Pradesh,Kharif,99.9,33.6,1.176,0.0,5976.29
2019,3,Soybean,Madhya Pradesh,Kharif,109.0,33.0,1.199,0.0,6164.53
2019,3,Soybean,Rajasthan,Kharif,68.3,33.4,1.18,0.0,6435.15
2019,3,Soybean,Gujarat,Kharif,81.2,35.1,1.171,0.0,5738.58
2019,3,Soybean,Bihar,Kharif,94.7,33.1,1.121,0.0,6054.9
2019,3,Soybean,West Bengal,Kharif,146.3,34.1,1.16,0.0,6076.83
2019,3,Soybean,Tamil Nadu,Kharif,101.9,32.4,1.088,0.0,6265.53
2019,3,Cotton,Punjab,Kharif,96.8,31.3,1.114,0.0,7393.68
2019,3,Cotton,Haryana,Kharif,85.4,35.0,1.112,0.0,7969.98
2019,3,Cotton,UP,Kharif,76.6,35.1,1.091,0.0,7717.54
2019,3,Cotton,Maharashtra,Kharif,42.0,29.9,1.107,0.0,8230.25
2019,3,Cotton,Karnataka,Kharif,54.7,28.0,1.173,0.0,7654.62
2019,3,Cotton,Andhra Pradesh,Kharif,37.1,35.1,1.138,0.0,8388.52
2019,3,Cotton,Madhya Pradesh,Kharif,94.4,31.0,1.101,0.0,8147.62
2019,3,Cotton,Rajasthan,Kharif,115.3,31.6,1.098,0.0,8011.84
2019,3,Cotton,Gujarat,Kharif,108.3,35.9,1.159,0.0,8001.45
2019,3,Cotton,Bihar,Kharif,58.5,33.8,1.185,0.0,8123.41
2019,3,Cotton,West Bengal,Kharif,93.3,30.8,1.171,0.0,7898.14
2019,3,Cotton,Tamil Nadu,Kharif,15.6,33.7,1.107,0.0,8265.17
2019,3,Sugarcane,Punjab,Year-round,64.0,16.6,0.889,0.0,315.4
2019,3,Sugarcane,Haryana,Year-round,128.4,18.2,0.906,0.0,317.83
2019,3,Sugarcane,UP,Year-round,72.1,22.4,0.849,0.0,298.29
2019,3,Sugarcane,Maharashtra,Year-round,122.2,18.9,0.859,0.0,297.24
2019,3,Sugarcane,Karnataka,Year-round,56.0,17.7,0.909,0.0,325.37
2019,3,Sugarcane,Andhra Pradesh,Year-round,59.4,19.7,0.873,0.0,320.57
2019,3,Sugarcane,Madhya Pradesh,Year-round,80.7,18.6,0.871,0.0,303.11
2019,3,Sugarcane,Rajasthan,Year-round,126.8,17.5,0.886,0.0,315.1
2019,3,Sugarcane,Gujarat,Year-round,100.7,20.2,0.917,0.0,286.21
2019,3,Sugarcane,Bihar,Year-round,115.9,18.5,0.856,0.0,282.98
2019,3,Sugarcane,West Bengal,Year-round,87.3,18.2,0.857,0.0,291.63
2019,3,Sugarcane,Tamil Nadu,Year-round,98.7,21.7,0.838,0.0,316.55
2019,3,Chilli,Punjab,Kharif,111.2,23.1,0.861,0.0,7990.05
2019,3,Chilli,Haryana,Kharif,114.1,25.5,0.874,0.0,7318.95
2019,3,Chilli,UP,Kharif,107.0,24.2,0.848,0.0,8026.53
2019,3,Chilli,Maharashtra,Kharif,86.9,26.5,0.874,0.0,7779.25
2019,3,Chilli,Karnataka,Kharif,110.8,26.1,0.856,0.0,7458.89
2019,3,Chilli,Andhra Pradesh,Kharif,100.6,24.3,0.847,0.0,7038.97
2019,3,Chilli,Madhya Pradesh,Kharif,129.5,30.7,0.835,0.0,7923.05
2019,3,Chilli,Rajasthan,Kharif,103.2,25.7,0.887,0.0,7934.48
2019,3,Chilli,Gujarat,Kharif,107.5,23.7,0.867,0.0,7554.45
2019,3,Chilli,Bihar,Kharif,100.2,29.4,0.861,0.0,7101.0
2019,3,Chilli,West Bengal,Kharif,94.9,25.5,0.87,0.0,7683.41
2019,3,Chilli,Tamil Nadu,Kharif,96.2,25.3,0.894,0.0,7869.98
2019,3,Gram,Punjab,Rabi,78.8,24.7,0.934,0.0,5546.97
2019,3,Gram,Haryana,Rabi,89.1,23.4,0.943,0.0,5857.7
2019,3,Gram,UP,Rabi,62.9,25.8,0.903,0.0,5770.49
2019,3,Gram,Maharashtra,Rabi,92.6,24.6,0.928,0.0,5527.89
2019,3,Gram,Karnataka,Rabi,79.1,24.2,0.88,0.0,5424.02
2019,3,Gram,Andhra Pradesh,Rabi,65.4,27.8,0.926,0.0,5788.93
2019,3,Gram,Madhya Pradesh,Rabi,115.8,24.1,0.869,0.0,5437.78
2019,3,Gram,Rajasthan,Rabi,111.2,22.7,0.932,0.0,5703.15
2019,3,Gram,Gujarat,Rabi,114.8,23.3,0.871,0.0,5889.17
2019,3,Gram,Bihar,Rabi,86.1,22.1,0.894,0.0,5878.41
2019,3,Gram,West Bengal,Rabi,102.6,24.1,0.941,0.0,5631.83
2019,3,Gram,Tamil Nadu,Rabi,122.4,21.9,0.934,0.0,5457.06
2019,3,Mustard,Punjab,Rabi,173.0,22.5,0.887,0.0,5205.89
2019,3,Mustard,Haryana,Rabi,121.0,23.2,0.884,0.0,4809.57
2019,3,Mustard,UP,Rabi,173.3,22.8,0.838,0.0,5419.83
2019,3,Mustard,Maharashtra,Rabi,133.8,24.7,0.842,0.0,5132.8
2019,3,Mustard,Karnataka,Rabi,127.2,24.0,0.826,0.0,5151.81
2019,3,Mustard,Andhra Pradesh,Rabi,125.8,21.2,0.841,0.0,5331.51
2019,3,Mustard,Madhya Pradesh,Rabi,152.4,24.6,0.864,0.0,5115.62
2019,3,Mustard,Rajasthan,Rabi,135.1,24.5,0.895,0.0,5034.79
2019,3,Mustard,Gujarat,Rabi,144.6,20.5,0.839,0.0,5267.26
2019,3,Mustard,Bihar,Rabi,129.1,23.1,0.883,0.0,5310.32
2019,3,Mustard,West Bengal,Rabi,164.6,24.1,0.855,0.0,4974.48
2019,3,Mustard,Tamil Nadu,Rabi,157.7,19.4,0.891,0.0,4995.96
2019,4,Wheat,Punjab,Rabi,150.7,31.8,1.044,0.0,2630.52
2019,4,Wheat,Haryana,Rabi,172.0,32.7,1.092,0.0,2448.7
2019,4,Wheat,UP,Rabi,131.6,29.4,1.113,0.0,2422.36
2019,4,Wheat,Maharashtra,Rabi,132.2,31.9,1.064,0.0,2634.82
2019,4,Wheat,Karnataka,Rabi,125.3,31.9,1.034,0.0,2631.93
2019,4,Wheat,Andhra Pradesh,Rabi,146.3,28.6,1.122,0.0,2652.5
2019,4,Wheat,Madhya Pradesh,Rabi,155.7,31.2,1.043,0.0,2383.29
2019,4,Wheat,Rajasthan,Rabi,170.8,30.4,1.065,0.0,2367.63
2019,4,Wheat,Gujarat,Rabi,128.0,28.3,1.113,0.0,2508.49
2019,4,Wheat,Bihar,Rabi,112.7,32.3,1.129,0.0,2291.07
2019,4,Wheat,West Bengal,Rabi,168.2,30.2,1.119,0.0,2345.28
2019,4,Wheat,Tamil Nadu,Rabi,130.6,30.6,1.039,0.0,2285.75
2019,4,Rice,Punjab,Kharif,171.8,31.0,0.914,0.0,1983.84
2019,4,Rice,Haryana,Kharif,179.5,35.1,0.878,0.0,2250.37
2019,4,Rice,UP,Kharif,196.0,29.0,0.893,0.0,2059.57
2019,4,Rice,Maharashtra,Kharif,208.6,27.5,0.896,0.0,2254.97
2019,4,Rice,Karnataka,Kharif,146.2,31.3,0.886,0.0,2152.84
2019,4,Rice,Andhra Pradesh,Kharif,161.3,24.9,0.898,0.0,1987.36
2019,4,Rice,Madhya Pradesh,Kharif,196.1,31.0,0.885,0.0,2274.66
2019,4,Rice,Rajasthan,Kharif,164.4,29.4,0.872,0.0,2167.24
2019,4,Rice,Gujarat,Kharif,162.1,25.6,0.858,0.0,2112.38
2019,4,Rice,Bihar,Kharif,148.6,28.4,0.886,0.0,2159.32
2019,4,Rice,West Bengal,Kharif,188.2,28.6,0.891,0.0,1953.85
2019,4,Rice,Tamil Nadu,Kharif,174.0,29.4,0.875,0.0,2126.02
2019,4,Maize,Punjab,Kharif,85.3,28.0,0.928,0.0,2198.35
2019,4,Maize,Haryana,Kharif,127.3,22.8,0.877,0.0,1951.86
2019,4,Maize,UP,Kharif,98.3,24.8,0.894,0.0,2044.63
2019,4,Maize,Maharashtra,Kharif,138.7,23.3,0.863,0.0,2010.89
2019,4,Maize,Karnataka,Kharif,131.5,27.5,0.85,0.0,1927.98
2019,4,Maize,Andhra Pradesh,Kharif,146.5,19.9,0.851,0.0,2035.6
2019,4,Maize,Madhya Pradesh,Kharif,114.1,24.0,0.847,0.0,2047.26
2019,4,Maize,Rajasthan,Kharif,130.1,24.6,0.9,0.0,2025.96
2019,4,Maize,Gujarat,Kharif,137.4,24.0,0.896,0.0,2028.33
2019,4,Maize,Bihar,Kharif,128.9,26.1,0.904,0.0,2211.31
2019,4,Maize,West Bengal,Kharif,134.3,22.0,0.841,0.0,1948.23
2019,4,Maize,Tamil Nadu,Kharif,130.7,24.0,0.891,0.0,2048.28
2019,4,Potato,Punjab,Rabi,54.1,19.9,1.061,0.0,1088.56
2019,4,Potato,Haryana,Rabi,25.8,16.0,1.1,0.0,1092.08
2019,4,Potato,UP,Rabi,55.3,19.2,1.107,0.0,1053.56
2019,4,Potato,Maharashtra,Rabi,8.3,16.8,1.078,0.0,1133.51
2019,4,Potato,Karnataka,Rabi,76.4,19.8,1.089,0.0,1040.77
2019,4,Potato,Andhra Pradesh,Rabi,39.7,15.8,1.031,0.0,1041.34
2019,4,Potato,Madhya Pradesh,Rabi,25.4,17.3,1.018,0.0,1129.0
2019,4,Potato,Rajasthan,Rabi,16.5,20.6,1.023,0.0,1087.46
2019,4,Potato,Gujarat,Rabi,66.9,15.8,1.08,0.0,1047.3
2019,4,Potato,Bihar,Rabi,82.6,17.3,1.03,0.0,1039.65
2019,4,Potato,West Bengal,Rabi,44.8,17.3,1.118,0.0,1060.22
2019,4,Potato,Tamil Nadu,Rabi,22.8,17.5,1.018,0.0,1042.98
2019,4,Tomato,Punjab,Year-round,114.2,38.3,0.982,0.0,1249.0
2019,4,Tomato,Haryana,Year-round,117.0,35.8,0.926,0.0,1136.11
2019,4,Tomato,UP,Year-round,118.6,33.6,0.942,0.0,1145.89
2019,4,Tomato,Maharashtra,Year-round,112.5,37.3,0.931,0.0,1183.77
2019,4,Tomato,Karnataka,Year-round,119.7,34.4,0.895,0.0,1138.73
2019,4,Tomato,Andhra Pradesh,Year-round,97.2,32.0,0.944,0.0,1146.28
2019,4,Tomato,Madhya Pradesh,Year-round,124.6,40.1,0.936,0.0,1108.04
2019,4,Tomato,Rajasthan,Year-round,91.3,38.2,0.948,0.0,1157.44
2019,4,Tomato,Gujarat,Year-round,148.8,35.1,0.934,0.0,1119.73
2019,4,Tomato,Bihar,Year-round,107.5,36.5,0.94,0.0,1184.02
2019,4,Tomato,West Bengal,Year-round,119.0,36.6,0.902,0.0,1245.53
2019,4,Tomato,Tamil Nadu,Year-round,101.8,37.2,0.978,0.0,1231.28
2019,4,Onion,Punjab,Rabi,110.3,29.5,1.13,0.0,1713.17
2019,4,Onion,Haryana,Rabi,118.0,25.9,1.131,0.0,1658.86
2019,4,Onion,UP,Rabi,159.5,26.8,1.186,0.0,1720.83
2019,4,Onion,Maharashtra,Rabi,129.1,26.7,1.175,0.0,1849.86
2019,4,Onion,Karnataka,Rabi,128.5,27.0,1.189,0.0,1737.94
2019,4,Onion,Andhra Pradesh,Rabi,102.5,29.4,1.145,0.0,1597.48
2019,4,Onion,Madhya Pradesh,Rabi,144.4,26.9,1.17,0.0,1752.53
2019,4,Onion,Rajasthan,Rabi,97.0,25.9,1.128,0.0,1770.65
2019,4,Onion,Gujarat,Rabi,87.3,26.0,1.197,0.0,1801.4
2019,4,Onion,Bihar,Rabi,94.5,29.1,1.089,0.0,1582.75
2019,4,Onion,West Bengal,Rabi,115.5,28.8,1.103,0.0,1783.11
2019,4,Onion,Tamil Nadu,Rabi,119.2,29.7,1.175,0.0,1787.39
2019,4,Soybean,Punjab,Kharif,133.6,32.0,0.863,0.0,4034.4
2019,4,Soybean,Haryana,Kharif,131.2,29.6,0.839,0.0,3840.1
2019,4,Soybean,UP,Kharif,138.3,34.7,0.837,0.0,4095.38
2019,4,Soybean,Maharashtra,Kharif,152.8,30.1,0.853,0.0,3815.14
2019,4,Soybean,Karnataka,Kharif,118.8,35.0,0.861,0.0,3951.49
2019,4,Soybean,Andhra Pradesh,Kharif,130.2,34.6,0.919,0.0,4079.54
2019,4,Soybean,Madhya Pradesh,Kharif,109.3,36.1,0.844,0.0,4162.78
2019,4,Soybean,Rajasthan,Kharif,107.9,27.3,0.884,0.0,4349.62
2019,4,Soybean,Gujarat,Kharif,137.7,33.8,0.854,0.0,4176.73
2019,4,Soybean,Bihar,Kharif,124.2,34.3,0.881,0.0,4235.16
2019,4,Soybean,West Bengal,Kharif,144.2,34.1,0.857,0.0,4108.19
2019,4,Soybean,Tamil Nadu,Kharif,123.9,32.0,0.888,0.0,4092.81
2019,4,Cotton,Punjab,Kharif,86.5,27.1,0.896,0.0,6703.1
2019,4,Cotton,Haryana,Kharif,118.2,23.9,0.915,0.0,6343.14
2019,4,Cotton,UP,Kharif,100.4,26.8,0.971,0.0,6788.18
2019,4,Cotton,Maharashtra,Kharif,102.3,28.8,0.922,0.0,6360.88
2019,4,Cotton,Karnataka,Kharif,114.1,23.2,0.948,0.0,6626.01
2019,4,Cotton,Andhra Pradesh,Kharif,82.5,27.0,0.896,0.0,6972.05
2019,4,Cotton,Madhya Pradesh,Kharif,94.9,25.1,0.92,0.0,6780.8
2019,4,Cotton,Rajasthan,Kharif,47.0,24.9,0.929,0.0,6962.45
2019,4,Cotton,Gujarat,Kharif,75.5,22.0,0.891,0.0,6186.02
2019,4,Cotton,Bihar,Kharif,128.3,24.2,0.966,0.0,6766.0
2019,4,Cotton,West Bengal,Kharif,96.2,29.1,0.968,0.0,6189.25
2019,4,Cotton,Tamil Nadu,Kharif,123.0,28.1,0.914,0.0,6193.14
2019,4,Sugarcane,Punjab,Year-round,107.7,21.7,1.113,0.0,363.46
2019,4,Sugarcane,Haryana,Year-round,147.8,22.4,1.03,0.0,357.09
2019,4,Sugarcane,UP,Year-round,131.8,25.0,1.02,0.0,370.61
2019,4,Sugarcane,Maharashtra,Year-round,124.8,23.0,1.071,0.0,362.52
2019,4,Sugarcane,Karnataka,Year-round,115.2,28.3,1.019,0.0,364.01
2019,4,Sugarcane,Andhra Pradesh,Year-round,150.7,23.5,1.091,0.0,367.54
2019,4,Sugarcane,Madhya Pradesh,Year-round,146.0,24.9,1.074,0.0,358.54
2019,4,Sugarcane,Rajasthan,Year-round,149.4,24.8,1.031,0.0,397.82
2019,4,Sugarcane,Gujarat,Year-round,146.9,23.7,1.055,0.0,355.8
2019,4,Sugarcane,Bihar,Year-round,166.0,23.8,1.109,0.0,362.08
2019,4,Sugarcane,West Bengal,Year-round,136.1,23.8,1.102,0.0,341.49
2019,4,Sugarcane,Tamil Nadu,Year-round,139.9,20.3,1.025,0.0,367.18
2019,4,Chilli,Punjab,Kharif,73.0,24.2,1.041,0.0,8413.79
2019,4,Chilli,Haryana,Kharif,97.6,24.4,0.953,0.0,8666.66
2019,4,Chilli,UP,Kharif,73.6,23.1,0.959,0.0,7919.43
2019,4,Chilli,Maharashtra,Kharif,94.7,27.1,0.96,0.0,8251.88
2019,4,Chilli,Karnataka,Kharif,60.9,27.4,1.013,0.0,8496.25
2019,4,Chilli,Andhra Pradesh,Kharif,99.6,23.8,0.974,0.0,7782.45
2019,4,Chilli,Madhya Pradesh,Kharif,93.5,25.5,0.952,0.0,8054.5
2019,4,Chilli,Rajasthan,Kharif,65.1,24.0,1.041,0.0,7636.64
2019,4,Chilli,Gujarat,Kharif,86.9,21.0,1.013,0.0,8131.77
2019,4,Chilli,Bihar,Kharif,103.7,23.0,0.991,0.0,7544.62
2019,4,Chilli,West Bengal,Kharif,75.6,24.1,0.962,0.0,8153.67
2019,4,Chilli,Tamil Nadu,Kharif,95.8,25.0,0.97,0.0,8022.84
2019,4,Gram,Punjab,Rabi,59.2,31.2,1.006,0.0,5549.95
2019,4,Gram,Haryana,Rabi,56.5,33.9,0.956,0.0,5148.73
2019,4,Gram,UP,Rabi,52.3,28.4,0.987,0.0,5565.86
2019,4,Gram,Maharashtra,Rabi,65.5,29.7,0.933,0.0,5679.96
2019,4,Gram,Karnataka,Rabi,56.1,27.8,0.964,0.0,5318.87
2019,4,Gram,Andhra Pradesh,Rabi,68.2,29.4,0.974,0.0,5746.52
2019,4,Gram,Madhya Pradesh,Rabi,61.4,34.5,0.944,0.0,5033.33
2019,4,Gram,Rajasthan,Rabi,51.1,31.8,1.029,0.0,5259.52
2019,4,Gram,Gujarat,Rabi,52.5,29.0,0.971,0.0,5047.04
2019,4,Gram,Bihar,Rabi,82.5,26.6,1.009,0.0,5664.84
2019,4,Gram,West Bengal,Rabi,76.2,26.4,0.996,0.0,5226.53
2019,4,Gram,Tamil Nadu,Rabi,73.9,30.3,0.954,0.0,5217.3
2019,4,Mustard,Punjab,Rabi,51.0,33.0,0.942,0.0,5900.0
2019,4,Mustard,Haryana,Rabi,65.7,31.0,0.921,0.0,5518.06
2019,4,Mustard,UP,Rabi,110.1,28.3,0.933,0.0,5850.37
2019,4,Mustard,Maharashtra,Rabi,90.0,26.4,0.905,0.0,5501.19
2019,4,Mustard,Karnataka,Rabi,74.5,30.0,0.895,0.0,5355.04
2019,4,Mustard,Andhra Pradesh,Rabi,82.1,30.5,0.926,0.0,5123.85
2019,4,Mustard,Madhya Pradesh,Rabi,72.3,31.0,0.953,0.0,5777.09
2019,4,Mustard,Rajasthan,Rabi,62.8,29.9,0.97,0.0,5742.09
2019,4,Mustard,Gujarat,Rabi,70.4,25.7,0.892,0.0,5537.78
2019,4,Mustard,Bihar,Rabi,95.6,24.0,0.893,0.0,5175.68
2019,4,Mustard,West Bengal,Rabi,67.2,27.0,0.916,0.0,5919.91
2019,4,Mustard,Tamil Nadu,Rabi,106.2,30.7,0.967,0.0,5265.97
2019,5,Wheat,Punjab,Rabi,66.6,41.1,1.129,0.0,2157.93
2019,5,Wheat,Haryana,Rabi,39.0,44.4,1.105,0.0,2450.15
2019,5,Wheat,UP,Rabi,52.7,40.0,1.118,0.0,2332.34
2019,5,Wheat,Maharashtra,Rabi,59.3,44.4,1.145,0.0,2152.73
2019,5,Wheat,Karnataka,Rabi,64.0,38.6,1.073,0.0,2107.29
2019,5,Wheat,Andhra Pradesh,Rabi,43.3,42.1,1.097,0.0,2351.77
2019,5,Wheat,Madhya Pradesh,Rabi,63.1,41.2,1.131,0.0,2276.99
2019,5,Wheat,Rajasthan,Rabi,44.6,45.2,1.141,0.0,2345.5
2019,5,Wheat,Gujarat,Rabi,64.3,42.4,1.07,0.0,2344.55
2019,5,Wheat,Bihar,Rabi,39.8,39.4,1.077,0.0,2385.47
2019,5,Wheat,West Bengal,Rabi,59.8,43.1,1.12,0.0,2447.85
2019,5,Wheat,Tamil Nadu,Rabi,50.9,42.9,1.082,0.0,2296.34
2019,5,Rice,Punjab,Kharif,137.0,36.8,0.835,0.0,1983.24
2019,5,Rice,Haryana,Kharif,142.0,38.5,0.898,0.0,1942.86
2019,5,Rice,UP,Kharif,174.6,35.9,0.889,0.0,1746.26
2019,5,Rice,Maharashtra,Kharif,143.0,38.6,0.849,0.0,1784.66
2019,5,Rice,Karnataka,Kharif,115.8,33.8,0.889,0.0,1770.35
2019,5,Rice,Andhra Pradesh,Kharif,125.2,37.4,0.868,0.0,1933.18
2019,5,Rice,Madhya Pradesh,Kharif,139.6,34.6,0.839,0.0,1902.79
2019,5,Rice,Rajasthan,Kharif,163.2,32.8,0.843,0.0,1823.04
2019,5,Rice,Gujarat,Kharif,124.5,35.6,0.882,0.0,1951.24
2019,5,Rice,Bihar,Kharif,174.4,34.5,0.843,0.0,1816.71
2019,5,Rice,West Bengal,Kharif,149.0,35.6,0.87,0.0,1747.74
2019,5,Rice,Tamil Nadu,Kharif,114.5,36.9,0.851,0.0,1932.81
2019,5,Maize,Punjab,Kharif,104.1,33.6,0.948,0.0,2144.42
2019,5,Maize,Haryana,Kharif,98.9,33.3,1.003,0.0,2141.33
2019,5,Maize,UP,Kharif,66.5,33.2,0.97,0.0,2056.54
2019,5,Maize,Maharashtra,Kharif,101.8,32.2,0.957,0.0,1916.26
2019,5,Maize,Karnataka,Kharif,107.6,35.2,0.99,0.0,1923.65
2019,5,Maize,Andhra Pradesh,Kharif,92.5,34.6,0.989,0.0,1856.58
2019,5,Maize,Madhya Pradesh,Kharif,77.5,36.8,0.932,0.0,2030.76
2019,5,Maize,Rajasthan,Kharif,119.7,32.8,1.0,0.0,2139.53
2019,5,Maize,Gujarat,Kharif,81.0,33.3,0.989,0.0,2026.42
2019,5,Maize,Bihar,Kharif,114.5,35.8,0.95,0.0,2108.01
2019,5,Maize,West Bengal,Kharif,124.4,37.4,0.971,0.0,2019.27
2019,5,Maize,Tamil Nadu,Kharif,72.8,36.1,0.975,0.0,1836.96
2019,5,Potato,Punjab,Rabi,98.3,36.6,1.078,0.0,874.8
2019,5,Potato,Haryana,Rabi,83.5,36.0,1.045,0.0,866.67
2019,5,Potato,UP,Rabi,115.9,36.7,1.064,0.0,841.82
2019,5,Potato,Maharashtra,Rabi,131.8,34.9,1.009,0.0,830.67
2019,5,Potato,Karnataka,Rabi,122.8,38.0,1.001,0.0,773.66
2019,5,Potato,Andhra Pradesh,Rabi,101.6,35.1,1.025,0.0,780.04
2019,5,Potato,Madhya Pradesh,Rabi,149.7,36.2,1.063,0.0,755.87
2019,5,Potato,Rajasthan,Rabi,123.8,37.7,1.086,0.0,835.24
2019,5,Potato,Gujarat,Rabi,87.6,37.3,1.064,0.0,869.03
2019,5,Potato,Bihar,Rabi,118.7,40.3,1.006,0.0,844.35
2019,5,Potato,West Bengal,Rabi,118.7,38.4,1.056,0.0,796.0
2019,5,Potato,Tamil Nadu,Rabi,131.8,36.3,1.069,0.0,782.71
2019,5,Tomato,Punjab,Year-round,150.6,32.5,1.108,0.0,1229.4
2019,5,Tomato,Haryana,Year-round,99.8,35.7,1.056,0.0,1157.05
2019,5,Tomato,UP,Year-round,111.3,30.1,1.015,0.0,1148.67
2019,5,Tomato,Maharashtra,Year-round,100.9,36.9,1.078,0.0,1242.04
2019,5,Tomato,Karnataka,Year-round,105.2,33.4,1.016,0.0,1196.1
2019,5,Tomato,Andhra Pradesh,Year-round,126.6,34.7,1.095,0.0,1181.25
2019,5,Tomato,Madhya Pradesh,Year-round,104.1,32.8,1.041,0.0,1280.66
2019,5,Tomato,Rajasthan,Year-round,169.7,36.5,1.046,0.0,1194.05
2019,5,Tomato,Gujarat,Year-round,120.4,35.1,1.041,0.0,1214.71
2019,5,Tomato,Bihar,Year-round,108.3,34.6,1.046,0.0,1326.16
2019,5,Tomato,West Bengal,Year-round,106.2,32.3,1.067,0.0,1244.93
2019,5,Tomato,Tamil Nadu,Year-round,118.1,33.4,1.08,0.0,1244.44
2019,5,Onion,Punjab,Rabi,107.2,37.9,1.053,0.0,1480.85
2019,5,Onion,Haryana,Rabi,129.2,40.3,0.998,0.0,1498.2
2019,5,Onion,UP,Rabi,121.4,37.7,1.018,0.0,1461.61
2019,5,Onion,Maharashtra,Rabi,129.1,33.8,1.044,0.0,1467.07
2019,5,Onion,Karnataka,Rabi,124.1,35.6,1.006,0.0,1502.15
2019,5,Onion,Andhra Pradesh,Rabi,129.2,37.7,1.039,0.0,1495.68
2019,5,Onion,Madhya Pradesh,Rabi,153.8,32.2,1.053,0.0,1544.84
2019,5,Onion,Rajasthan,Rabi,127.0,34.2,1.024,0.0,1616.6
2019,5,Onion,Gujarat,Rabi,138.0,41.3,0.993,0.0,1658.78
2019,5,Onion,Bihar,Rabi,120.3,35.3,0.996,0.0,1592.42
2019,5,Onion,West Bengal,Rabi,117.5,34.3,1.074,0.0,1614.07
2019,5,Onion,Tamil Nadu,Rabi,73.3,37.4,0.983,0.0,1491.86
2019,5,Soybean,Punjab,Kharif,230.4,45.9,0.957,0.0,4188.22
2019,5,Soybean,Haryana,Kharif,223.8,44.8,0.911,0.0,4778.21
2019,5,Soybean,UP,Kharif,198.4,42.0,0.959,0.0,4756.52
2019,5,Soybean,Maharashtra,Kharif,208.8,42.3,0.916,0.0,4822.69
2019,5,Soybean,Karnataka,Kharif,224.0,42.5,0.886,0.0,4765.23
2019,5,Soybean,Andhra Pradesh,Kharif,241.8,37.9,0.969,0.0,4818.91
2019,5,Soybean,Madhya Pradesh,Kharif,212.7,42.8,0.914,0.0,4229.36
2019,5,Soybean,Rajasthan,Kharif,187.3,43.6,0.9,0.0,4765.44
2019,5,Soybean,Gujarat,Kharif,212.3,42.0,0.914,0.0,4435.83
2019,5,Soybean,Bihar,Kharif,242.8,44.9,0.945,0.0,4518.52
2019,5,Soybean,West Bengal,Kharif,237.9,40.1,0.924,0.0,4187.04
2019,5,Soybean,Tamil Nadu,Kharif,236.8,43.7,0.93,0.0,4184.83
2019,5,Cotton,Punjab,Kharif,197.3,43.3,1.03,0.0,6107.86
2019,5,Cotton,Haryana,Kharif,178.9,40.0,1.031,0.0,6138.5
2019,5,Cotton,UP,Kharif,186.7,43.1,1.021,0.0,6904.12
2019,5,Cotton,Maharashtra,Kharif,213.2,42.5,0.971,0.0,6884.31
2019,5,Cotton,Karnataka,Kharif,156.1,42.1,0.975,0.0,6453.77
2019,5,Cotton,Andhra Pradesh,Kharif,160.7,38.9,0.998,0.0,6287.77
2019,5,Cotton,Madhya Pradesh,Kharif,148.4,40.3,0.963,0.0,6903.72
2019,5,Cotton,Rajasthan,Kharif,199.0,39.4,1.021,0.0,6684.22
2019,5,Cotton,Gujarat,Kharif,194.4,38.1,0.982,0.0,6788.0
2019,5,Cotton,Bihar,Kharif,147.4,42.5,0.982,0.0,6936.1
2019,5,Cotton,West Bengal,Kharif,155.6,41.7,1.015,0.0,6160.33
2019,5,Cotton,Tamil Nadu,Kharif,196.8,41.3,1.033,0.0,6236.76
2019,5,Sugarcane,Punjab,Year-round,99.1,35.7,0.916,0.0,278.19
2019,5,Sugarcane,Haryana,Year-round,105.7,38.2,0.998,0.0,288.74
2019,5,Sugarcane,UP,Year-round,98.8,39.4,0.936,0.0,273.37
2019,5,Sugarcane,Maharashtra,Year-round,107.3,40.0,0.995,0.0,284.69
2019,5,Sugarcane,Karnataka,Year-round,71.8,38.3,0.915,0.0,303.63
2019,5,Sugarcane,Andhra Pradesh,Year-round,98.8,41.6,0.943,0.0,274.96
2019,5,Sugarcane,Madhya Pradesh,Year-round,104.6,41.4,0.986,0.0,288.18
2019,5,Sugarcane,Rajasthan,Year-round,99.9,41.0,0.967,0.0,260.49
2019,5,Sugarcane,Gujarat,Year-round,97.1,40.9,0.968,0.0,286.84
2019,5,Sugarcane,Bihar,Year-round,85.1,41.9,0.98,0.0,303.32
2019,5,Sugarcane,West Bengal,Year-round,102.1,36.0,1.002,0.0,276.25
2019,5,Sugarcane,Tamil Nadu,Year-round,99.5,34.6,0.933,0.0,300.55
2019,5,Chilli,Punjab,Kharif,188.5,42.4,0.855,0.0,6951.49
2019,5,Chilli,Haryana,Kharif,164.8,37.5,0.883,0.0,7497.01
2019,5,Chilli,UP,Kharif,138.5,41.8,0.836,0.0,7223.03
2019,5,Chilli,Maharashtra,Kharif,140.6,40.8,0.884,0.0,7154.47
2019,5,Chilli,Karnataka,Kharif,183.8,41.0,0.837,0.0,6951.94
2019,5,Chilli,Andhra Pradesh,Kharif,175.2,42.7,0.883,0.0,6463.44
2019,5,Chilli,Madhya Pradesh,Kharif,145.1,46.2,0.858,0.0,7381.02
2019,5,Chilli,Rajasthan,Kharif,131.6,41.2,0.902,0.0,6614.18
2019,5,Chilli,Gujarat,Kharif,130.0,42.3,0.827,0.0,7095.37
2019,5,Chilli,Bihar,Kharif,148.6,39.8,0.875,0.0,6477.56
2019,5,Chilli,West Bengal,Kharif,171.4,41.7,0.841,0.0,7428.99
2019,5,Chilli,Tamil Nadu,Kharif,161.4,40.5,0.887,0.0,7408.85
2019,5,Gram,Punjab,Rabi,145.5,38.4,1.196,0.0,6061.47
2019,5,Gram,Haryana,Rabi,151.7,37.3,1.093,0.0,6404.74
2019,5,Gram,UP,Rabi,152.3,35.7,1.116,0.0,5813.53
2019,5,Gram,Maharashtra,Rabi,150.7,38.3,1.196,0.0,5706.43
2019,5,Gram,Karnataka,Rabi,154.6,39.7,1.117,0.0,6348.48
2019,5,Gram,Andhra Pradesh,Rabi,131.8,36.7,1.111,0.0,6386.52
2019,5,Gram,Madhya Pradesh,Rabi,140.4,36.2,1.162,0.0,5734.42
2019,5,Gram,Rajasthan,Rabi,167.7,37.6,1.102,0.0,5668.97
2019,5,Gram,Gujarat,Rabi,155.2,37.1,1.119,0.0,5942.13
2019,5,Gram,Bihar,Rabi,148.6,39.4,1.151,0.0,6157.44
2019,5,Gram,West Bengal,Rabi,162.8,36.8,1.116,0.0,6100.97
2019,5,Gram,Tamil Nadu,Rabi,154.2,37.1,1.12,0.0,6083.73
2019,5,Mustard,Punjab,Rabi,64.3,41.2,1.054,0.0,6273.05
2019,5,Mustard,Haryana,Rabi,48.9,38.6,1.049,0.0,6333.66
2019,5,Mustard,UP,Rabi,6.1,36.7,1.086,0.0,6239.02
2019,5,Mustard,Maharashtra,Rabi,67.1,41.7,1.032,0.0,5873.58
2019,5,Mustard,Karnataka,Rabi,62.7,40.3,1.018,0.0,5962.57
2019,5,Mustard,Andhra Pradesh,Rabi,77.8,37.1,1.058,0.0,6440.66
2019,5,Mustard,Madhya Pradesh,Rabi,47.9,40.9,1.056,0.0,5996.81
2019,5,Mustard,Rajasthan,Rabi,54.7,40.4,1.058,0.0,5883.93
2019,5,Mustard,Gujarat,Rabi,54.4,38.2,1.017,0.0,5704.3
2019,5,Mustard,Bihar,Rabi,80.2,39.2,1.1,0.0,6319.82
2019,5,Mustard,West Bengal,Rabi,65.6,37.6,1.081,0.0,6075.27
2019,5,Mustard,Tamil Nadu,Rabi,74.9,37.9,1.086,0.0,5879.34
2019,6,Wheat,Punjab,Rabi,239.8,41.1,0.938,0.0,1737.89
2019,6,Wheat,Haryana,Rabi,253.6,35.9,0.878,0.0,1705.75
2019,6,Wheat,UP,Rabi,217.3,38.2,0.891,0.0,1802.31
2019,6,Wheat,Maharashtra,Rabi,215.7,35.6,0.939,0.0,1924.36
2019,6,Wheat,Karnataka,Rabi,186.6,34.5,0.924,0.0,1706.46
2019,6,Wheat,Andhra Pradesh,Rabi,219.0,39.0,0.945,0.0,1950.69
2019,6,Wheat,Madhya Pradesh,Rabi,256.8,40.3,0.926,0.0,1711.15
2019,6,Wheat,Rajasthan,Rabi,186.4,41.1,0.874,0.0,1924.99
2019,6,Wheat,Gujarat,Rabi,307.6,35.9,0.947,0.0,1671.9
2019,6,Wheat,Bihar,Rabi,263.5,40.0,0.891,0.0,1708.25
2019,6,Wheat,West Bengal,Rabi,220.5,38.9,0.925,0.0,1676.15
2019,6,Wheat,Tamil Nadu,Rabi,235.6,39.2,0.943,0.0,1743.04
2019,6,Rice,Punjab,Kharif,300.6,39.2,0.911,0.0,1787.17
2019,6,Rice,Haryana,Kharif,316.4,39.3,0.897,0.0,1617.22
2019,6,Rice,UP,Kharif,295.9,39.4,0.899,0.0,1694.77
2019,6,Rice,Maharashtra,Kharif,262.3,41.3,0.953,0.0,1768.84
2019,6,Rice,Karnataka,Kharif,292.4,40.0,0.901,0.0,1862.18
2019,6,Rice,Andhra Pradesh,Kharif,305.6,41.1,0.932,0.0,1677.12
2019,6,Rice,Madhya Pradesh,Kharif,264.0,36.4,0.882,0.0,1874.13
2019,6,Rice,Rajasthan,Kharif,269.3,36.5,0.952,0.0,1721.94
2019,6,Rice,Gujarat,Kharif,276.4,36.7,0.961,0.0,1858.94
2019,6,Rice,Bihar,Kharif,263.8,39.6,0.964,0.0,1616.01
2019,6,Rice,West Bengal,Kharif,252.8,39.0,0.918,0.0,1723.03
2019,6,Rice,Tamil Nadu,Kharif,302.2,40.6,0.928,0.0,1782.87
2019,6,Maize,Punjab,Kharif,316.7,35.6,1.083,0.0,2456.21
2019,6,Maize,Haryana,Kharif,292.7,39.7,1.076,0.0,2323.14
2019,6,Maize,UP,Kharif,299.7,33.6,1.118,0.0,2472.94
2019,6,Maize,Maharashtra,Kharif,310.2,34.6,1.081,0.0,2307.06
2019,6,Maize,Karnataka,Kharif,344.6,39.1,1.101,0.0,2237.14
2019,6,Maize,Andhra Pradesh,Kharif,307.0,38.4,1.155,0.0,2472.2
2019,6,Maize,Madhya Pradesh,Kharif,308.8,38.8,1.107,0.0,2408.75
2019,6,Maize,Rajasthan,Kharif,310.6,37.0,1.127,0.0,2317.3
2019,6,Maize,Gujarat,Kharif,306.7,40.3,1.066,0.0,2369.62
2019,6,Maize,Bihar,Kharif,316.9,35.4,1.082,0.0,2443.88
2019,6,Maize,West Bengal,Kharif,306.4,38.0,1.154,0.0,2409.27
2019,6,Maize,Tamil Nadu,Kharif,301.7,33.5,1.068,0.0,2567.75
2019,6,Potato,Punjab,Rabi,170.5,35.5,1.068,0.0,692.74
2019,6,Potato,Haryana,Rabi,164.5,32.8,1.02,0.0,758.27
2019,6,Potato,UP,Rabi,186.2,32.2,0.991,0.0,756.54
2019,6,Potato,Maharashtra,Rabi,232.4,33.3,1.005,0.0,717.41
2019,6,Potato,Karnataka,Rabi,217.5,34.4,1.022,0.0,707.52
2019,6,Potato,Andhra Pradesh,Rabi,216.0,33.1,0.995,0.0,716.54
2019,6,Potato,Madhya Pradesh,Rabi,214.5,37.4,0.986,0.0,771.31
2019,6,Potato,Rajasthan,Rabi,184.8,32.8,1.05,0.0,718.44
2019,6,Potato,Gujarat,Rabi,242.2,34.4,0.99,0.0,775.63
2019,6,Potato,Bihar,Rabi,213.1,31.6,1.08,0.0,711.76
2019,6,Potato,West Bengal,Rabi,203.4,32.2,1.039,0.0,739.93
2019,6,Potato,Tamil Nadu,Rabi,215.8,34.3,1.046,0.0,710.09
2019,6,Tomato,Punjab,Year-round,183.2,33.2,0.941,0.0,1002.09
2019,6,Tomato,Haryana,Year-round,149.5,35.5,0.942,0.0,1132.46
2019,6,Tomato,UP,Year-round,146.8,32.6,0.974,0.0,1141.42
2019,6,Tomato,Maharashtra,Year-round,163.9,36.1,0.987,0.0,1115.96
2019,6,Tomato,Karnataka,Year-round,171.3,36.1,0.991,0.0,1059.44
2019,6,Tomato,Andhra Pradesh,Year-round,190.1,37.2,0.94,0.0,1063.79
2019,6,Tomato,Madhya Pradesh,Year-round,168.5,38.0,0.967,0.0,1133.43
2019,6,Tomato,Rajasthan,Year-round,160.2,35.3,1.007,0.0,1055.28
2019,6,Tomato,Gujarat,Year-round,163.6,31.7,0.981,0.0,1073.35
2019,6,Tomato,Bihar,Year-round,160.3,35.5,0.996,0.0,1046.01
2019,6,Tomato,West Bengal,Year-round,165.8,37.7,1.017,0.0,1049.56
2019,6,Tomato,Tamil Nadu,Year-round,169.1,34.2,1.022,0.0,1058.92
2019,6,Onion,Punjab,Rabi,213.3,39.5,0.862,0.0,1306.21
2019,6,Onion,Haryana,Rabi,159.4,44.4,0.856,0.0,1182.92
2019,6,Onion,UP,Rabi,234.3,40.9,0.921,0.0,1156.3
2019,6,Onion,Maharashtra,Rabi,187.6,41.4,0.843,0.0,1139.35
2019,6,Onion,Karnataka,Rabi,181.8,42.5,0.863,0.0,1252.15
2019,6,Onion,Andhra Pradesh,Rabi,196.9,40.8,0.919,0.0,1127.55
2019,6,Onion,Madhya Pradesh,Rabi,192.5,41.6,0.845,0.0,1303.85
2019,6,Onion,Rajasthan,Rabi,197.2,41.7,0.893,0.0,1235.01
2019,6,Onion,Gujarat,Rabi,190.9,43.9,0.845,0.0,1125.13
2019,6,Onion,Bihar,Rabi,211.3,41.7,0.89,0.0,1237.82
2019,6,Onion,West Bengal,Rabi,184.0,43.7,0.922,0.0,1176.67
2019,6,Onion,Tamil Nadu,Rabi,191.8,42.0,0.88,0.0,1196.1
2019,6,Soybean,Punjab,Kharif,216.0,30.0,1.077,0.0,4323.31
2019,6,Soybean,Haryana,Kharif,220.7,33.4,1.103,0.0,4012.4
2019,6,Soybean,UP,Kharif,230.4,34.7,1.057,0.0,4280.69
2019,6,Soybean,Maharashtra,Kharif,237.3,33.6,1.115,0.0,3929.86
2019,6,Soybean,Karnataka,Kharif,193.2,35.7,1.117,0.0,3791.76
2019,6,Soybean,Andhra Pradesh,Kharif,219.9,33.2,1.137,0.0,3881.06
2019,6,Soybean,Madhya Pradesh,Kharif,243.7,33.9,1.085,0.0,4339.63
2019,6,Soybean,Rajasthan,Kharif,213.2,37.8,1.114,0.0,3911.81
2019,6,Soybean,Gujarat,Kharif,238.5,33.7,1.121,0.0,4293.05
2019,6,Soybean,Bihar,Kharif,221.6,33.5,1.049,0.0,3990.14
2019,6,Soybean,West Bengal,Kharif,246.1,37.6,1.135,0.0,4402.9
2019,6,Soybean,Tamil Nadu,Kharif,264.8,40.4,1.085,0.0,3943.75
2019,6,Cotton,Punjab,Kharif,108.4,42.5,0.916,0.0,5720.23
2019,6,Cotton,Haryana,Kharif,103.1,40.0,0.888,0.0,5587.66
2019,6,Cotton,UP,Kharif,80.8,43.2,0.927,0.0,5661.29
2019,6,Cotton,Maharashtra,Kharif,122.3,43.3,0.917,0.0,5429.11
2019,6,Cotton,Karnataka,Kharif,108.2,39.9,0.886,0.0,5287.75
2019,6,Cotton,Andhra Pradesh,Kharif,102.2,38.8,0.933,0.0,5513.07
2019,6,Cotton,Madhya Pradesh,Kharif,111.3,42.1,0.869,0.0,5107.75
2019,6,Cotton,Rajasthan,Kharif,84.1,37.2,0.95,0.0,5548.84
2019,6,Cotton,Gujarat,Kharif,83.5,41.4,0.872,0.0,5204.67
2019,6,Cotton,Bihar,Kharif,91.4,40.9,0.904,0.0,5141.87
2019,6,Cotton,West Bengal,Kharif,78.9,39.7,0.925,0.0,5389.66
2019,6,Cotton,Tamil Nadu,Kharif,122.3,45.3,0.91,0.0,5746.64
2019,6,Sugarcane,Punjab,Year-round,284.3,41.5,0.919,0.0,238.63
2019,6,Sugarcane,Haryana,Year-round,269.5,41.1,0.875,0.0,244.36
2019,6,Sugarcane,UP,Year-round,266.5,38.6,0.907,0.0,218.69
2019,6,Sugarcane,Maharashtra,Year-round,249.3,39.8,0.913,0.0,242.74
2019,6,Sugarcane,Karnataka,Year-round,264.4,41.6,0.879,0.0,230.95
2019,6,Sugarcane,Andhra Pradesh,Year-round,302.3,40.8,0.858,0.0,223.76
2019,6,Sugarcane,Madhya Pradesh,Year-round,276.5,42.1,0.859,0.0,233.93
2019,6,Sugarcane,Rajasthan,Year-round,277.9,38.5,0.871,0.0,218.65
2019,6,Sugarcane,Gujarat,Year-round,290.6,42.7,0.934,0.0,219.13
2019,6,Sugarcane,Bihar,Year-round,266.2,38.6,0.897,0.0,240.16
2019,6,Sugarcane,West Bengal,Year-round,264.1,37.2,0.87,0.0,233.09
2019,6,Sugarcane,Tamil Nadu,Year-round,293.6,39.1,0.864,0.0,222.26
2019,6,Chilli,Punjab,Kharif,186.9,43.2,1.126,0.0,8223.55
2019,6,Chilli,Haryana,Kharif,222.2,43.5,1.127,0.0,7989.79
2019,6,Chilli,UP,Kharif,179.8,41.9,1.158,0.0,7639.83
2019,6,Chilli,Maharashtra,Kharif,218.8,42.8,1.191,0.0,8367.31
2019,6,Chilli,Karnataka,Kharif,213.0,44.1,1.113,0.0,8116.08
2019,6,Chilli,Andhra Pradesh,Kharif,188.9,37.7,1.162,0.0,7500.21
2019,6,Chilli,Madhya Pradesh,Kharif,192.2,40.7,1.202,0.0,8570.59
2019,6,Chilli,Rajasthan,Kharif,249.2,39.9,1.153,0.0,7607.15
2019,6,Chilli,Gujarat,Kharif,221.7,45.8,1.118,0.0,7578.57
2019,6,Chilli,Bihar,Kharif,237.5,41.2,1.12,0.0,8295.05
2019,6,Chilli,West Bengal,Kharif,214.8,41.7,1.184,0.0,7866.51
2019,6,Chilli,Tamil Nadu,Kharif,182.1,43.9,1.165,0.0,8224.09
2019,6,Gram,Punjab,Rabi,188.0,41.3,0.974,0.0,5084.76
2019,6,Gram,Haryana,Rabi,215.7,42.8,0.949,0.0,4795.59
2019,6,Gram,UP,Rabi,222.9,42.4,0.966,0.0,5216.0
2019,6,Gram,Maharashtra,Rabi,184.2,42.2,0.942,0.0,5242.99
2019,6,Gram,Karnataka,Rabi,187.7,44.3,1.005,0.0,4881.42
2019,6,Gram,Andhra Pradesh,Rabi,171.5,41.1,0.921,0.0,4839.13
2019,6,Gram,Madhya Pradesh,Rabi,157.3,39.8,0.973,0.0,5175.85
2019,6,Gram,Rajasthan,Rabi,164.0,42.3,0.988,0.0,4831.56
2019,6,Gram,Gujarat,Rabi,194.6,44.2,0.924,0.0,5220.51
2019,6,Gram,Bihar,Rabi,193.7,46.3,0.948,0.0,4859.17
2019,6,Gram,West Bengal,Rabi,227.2,42.8,0.925,0.0,4750.45
2019,6,Gram,Tamil Nadu,Rabi,171.8,47.7,0.993,0.0,5059.66
2019,6,Mustard,Punjab,Rabi,85.2,40.2,0.856,0.0,4634.45
2019,6,Mustard,Haryana,Rabi,84.8,36.3,0.882,0.0,4324.52
2019,6,Mustard,UP,Rabi,113.3,39.2,0.837,0.0,4278.4
2019,6,Mustard,Maharashtra,Rabi,111.1,39.4,0.899,0.0,4569.14
2019,6,Mustard,Karnataka,Rabi,100.4,36.9,0.834,0.0,4422.55
2019,6,Mustard,Andhra Pradesh,Rabi,141.9,39.6,0.912,0.0,4516.73
2019,6,Mustard,Madhya Pradesh,Rabi,116.8,38.4,0.913,0.0,4712.53
2019,6,Mustard,Rajasthan,Rabi,77.4,40.2,0.842,0.0,4235.43
2019,6,Mustard,Gujarat,Rabi,63.9,41.6,0.835,0.0,4542.0
2019,6,Mustard,Bihar,Rabi,84.6,40.2,0.849,0.0,4659.12
2019,6,Mustard,West Bengal,Rabi,95.8,41.0,0.861,0.0,4544.0
2019,6,Mustard,Tamil Nadu,Rabi,114.6,39.0,0.885,0.0,4806.11
2019,7,Wheat,Punjab,Rabi,292.2,28.1,1.02,0.0,1982.72
2019,7,Wheat,Haryana,Rabi,283.7,29.4,1.039,0.0,1851.61
2019,7,Wheat,UP,Rabi,294.7,28.3,0.97,0.0,1957.23
2019,7,Wheat,Maharashtra,Rabi,273.0,29.8,0.982,0.0,1931.79
2019,7,Wheat,Karnataka,Rabi,278.2,29.5,1.014,0.0,1914.59
2019,7,Wheat,Andhra Pradesh,Rabi,302.5,29.9,0.976,0.0,1944.72
2019,7,Wheat,Madhya Pradesh,Rabi,314.7,34.4,1.051,0.0,1951.71
2019,7,Wheat,Rajasthan,Rabi,284.3,27.9,1.027,0.0,1967.99
2019,7,Wheat,Gujarat,Rabi,271.7,30.2,0.979,0.0,1808.16
2019,7,Wheat,Bihar,Rabi,281.8,28.5,0.987,0.0,1833.54
2019,7,Wheat,West Bengal,Rabi,300.3,26.4,0.969,0.0,1905.68
2019,7,Wheat,Tamil Nadu,Rabi,303.8,33.4,1.003,0.0,1795.25
2019,7,Rice,Punjab,Kharif,152.7,27.4,1.026,0.0,1963.31
2019,7,Rice,Haryana,Kharif,193.0,30.6,1.074,0.0,1919.19
2019,7,Rice,UP,Kharif,162.6,25.9,1.099,0.0,2015.02
2019,7,Rice,Maharashtra,Kharif,190.6,27.9,1.104,0.0,2182.5
2019,7,Rice,Karnataka,Kharif,150.0,25.1,1.12,0.0,1933.95
2019,7,Rice,Andhra Pradesh,Kharif,168.6,30.7,1.093,0.0,1919.79
2019,7,Rice,Madhya Pradesh,Kharif,204.6,29.1,1.101,0.0,1997.19
2019,7,Rice,Rajasthan,Kharif,183.8,27.8,1.03,0.0,2141.69
2019,7,Rice,Gujarat,Kharif,136.4,30.8,1.071,0.0,1995.83
2019,7,Rice,Bihar,Kharif,188.6,26.9,1.057,0.0,2183.8
2019,7,Rice,West Bengal,Kharif,208.0,26.2,1.067,0.0,1904.29
2019,7,Rice,Tamil Nadu,Kharif,203.4,25.1,1.077,0.0,1996.66
2019,7,Maize,Punjab,Kharif,124.7,38.2,0.939,0.0,1908.11
2019,7,Maize,Haryana,Kharif,143.2,36.3,0.919,0.0,1855.68
2019,7,Maize,UP,Kharif,139.4,41.4,0.912,0.0,1923.97
2019,7,Maize,Maharashtra,Kharif,115.0,35.3,0.922,0.0,1729.09
2019,7,Maize,Karnataka,Kharif,88.9,38.4,0.934,0.0,1840.93
2019,7,Maize,Andhra Pradesh,Kharif,138.5,38.7,0.883,0.0,1696.99
2019,7,Maize,Madhya Pradesh,Kharif,130.3,37.0,0.918,0.0,1828.57
2019,7,Maize,Rajasthan,Kharif,144.8,38.6,0.885,0.0,1809.68
2019,7,Maize,Gujarat,Kharif,130.2,40.6,0.949,0.0,1696.58
2019,7,Maize,Bihar,Kharif,119.7,41.1,0.936,0.0,1865.39
2019,7,Maize,West Bengal,Kharif,100.3,39.1,0.892,0.0,1958.3
2019,7,Maize,Tamil Nadu,Kharif,109.3,36.3,0.918,0.0,1748.33
2019,7,Potato,Punjab,Rabi,282.0,24.6,0.857,0.0,626.05
2019,7,Potato,Haryana,Rabi,338.5,26.7,0.903,0.0,650.21
2019,7,Potato,UP,Rabi,309.6,26.4,0.882,0.0,706.49
2019,7,Potato,Maharashtra,Rabi,321.4,24.8,0.92,0.0,677.98
2019,7,Potato,Karnataka,Rabi,324.8,23.6,0.837,0.0,684.02
2019,7,Potato,Andhra Pradesh,Rabi,306.2,25.3,0.852,0.0,632.31
2019,7,Potato,Madhya Pradesh,Rabi,311.8,26.7,0.892,0.0,622.49
2019,7,Potato,Rajasthan,Rabi,327.6,25.9,0.86,0.0,633.16
2019,7,Potato,Gujarat,Rabi,323.0,24.7,0.859,0.0,651.3
2019,7,Potato,Bihar,Rabi,327.0,26.5,0.917,0.0,690.55
2019,7,Potato,West Bengal,Rabi,319.4,22.7,0.896,0.0,649.49
2019,7,Potato,Tamil Nadu,Rabi,312.2,21.5,0.86,0.0,668.68
2019,7,Tomato,Punjab,Year-round,155.1,22.6,1.011,0.0,983.6
2019,7,Tomato,Haryana,Year-round,151.6,24.4,1.005,0.0,1000.11
2019,7,Tomato,UP,Year-round,140.7,24.7,0.956,0.0,969.48
2019,7,Tomato,Maharashtra,Year-round,123.3,23.8,0.947,0.0,949.81
2019,7,Tomato,Karnataka,Year-round,148.3,24.3,0.952,0.0,991.4
2019,7,Tomato,Andhra Pradesh,Year-round,151.3,24.9,0.937,0.0,1079.93
2019,7,Tomato,Madhya Pradesh,Year-round,146.1,24.6,0.955,0.0,1052.42
2019,7,Tomato,Rajasthan,Year-round,146.3,28.3,0.935,0.0,1021.41
2019,7,Tomato,Gujarat,Year-round,150.6,24.5,0.936,0.0,990.61
2019,7,Tomato,Bihar,Year-round,167.0,21.3,0.996,0.0,1095.24
2019,7,Tomato,West Bengal,Year-round,140.3,24.5,1.006,0.0,1072.29
2019,7,Tomato,Tamil Nadu,Year-round,163.7,25.6,0.989,0.0,961.13
2019,7,Onion,Punjab,Rabi,184.7,26.3,1.11,0.0,1482.13
2019,7,Onion,Haryana,Rabi,179.8,30.6,1.116,0.0,1435.21
2019,7,Onion,UP,Rabi,185.5,27.7,1.128,0.0,1500.86
2019,7,Onion,Maharashtra,Rabi,187.4,28.9,1.126,0.0,1414.96
2019,7,Onion,Karnataka,Rabi,185.2,28.2,1.062,0.0,1477.2
2019,7,Onion,Andhra Pradesh,Rabi,179.4,27.4,1.119,0.0,1488.03
2019,7,Onion,Madhya Pradesh,Rabi,197.9,25.5,1.093,0.0,1454.87
2019,7,Onion,Rajasthan,Rabi,178.4,26.5,1.157,0.0,1423.14
2019,7,Onion,Gujarat,Rabi,150.6,24.5,1.107,0.0,1478.69
2019,7,Onion,Bihar,Rabi,178.3,29.1,1.106,0.0,1495.97
2019,7,Onion,West Bengal,Rabi,182.3,25.9,1.115,0.0,1422.92
2019,7,Onion,Tamil Nadu,Rabi,205.9,26.2,1.071,0.0,1489.81
2019,7,Soybean,Punjab,Kharif,223.8,22.3,0.936,0.0,3421.41
2019,7,Soybean,Haryana,Kharif,280.0,21.8,0.913,0.0,3549.6
2019,7,Soybean,UP,Kharif,256.8,19.3,0.901,0.0,3054.45
2019,7,Soybean,Maharashtra,Kharif,249.9,23.0,0.892,0.0,3025.77
2019,7,Soybean,Karnataka,Kharif,270.6,22.3,0.921,0.0,3061.22
2019,7,Soybean,Andhra Pradesh,Kharif,220.6,22.4,0.915,0.0,3088.34
2019,7,Soybean,Madhya Pradesh,Kharif,252.5,22.7,0.884,0.0,3352.59
2019,7,Soybean,Rajasthan,Kharif,289.2,21.1,0.912,0.0,3548.86
2019,7,Soybean,Gujarat,Kharif,266.3,26.1,0.96,0.0,3259.38
2019,7,Soybean,Bihar,Kharif,269.7,22.0,0.925,0.0,3481.36
2019,7,Soybean,West Bengal,Kharif,247.9,23.6,0.931,0.0,3544.95
2019,7,Soybean,Tamil Nadu,Kharif,244.7,24.6,0.881,0.0,3547.71
2019,7,Cotton,Punjab,Kharif,147.7,23.8,1.069,0.0,5920.33
2019,7,Cotton,Haryana,Kharif,173.7,22.7,1.075,0.0,5989.92
2019,7,Cotton,UP,Kharif,187.4,24.8,1.143,0.0,6349.43
2019,7,Cotton,Maharashtra,Kharif,154.5,24.7,1.148,0.0,6427.22
2019,7,Cotton,Karnataka,Kharif,147.8,23.3,1.079,0.0,5981.72
2019,7,Cotton,Andhra Pradesh,Kharif,161.3,26.0,1.113,0.0,6088.85
2019,7,Cotton,Madhya Pradesh,Kharif,178.7,24.4,1.103,0.0,6047.22
2019,7,Cotton,Rajasthan,Kharif,164.9,25.8,1.137,0.0,5999.87
2019,7,Cotton,Gujarat,Kharif,200.4,25.5,1.146,0.0,5933.34
2019,7,Cotton,Bihar,Kharif,156.2,23.6,1.075,0.0,6855.76
2019,7,Cotton,West Bengal,Kharif,187.6,20.9,1.061,0.0,6307.9
2019,7,Cotton,Tamil Nadu,Kharif,158.7,23.6,1.099,0.0,6631.37
2019,7,Sugarcane,Punjab,Year-round,223.4,19.4,0.967,0.0,257.87
2019,7,Sugarcane,Haryana,Year-round,241.0,22.8,0.982,0.0,266.11
2019,7,Sugarcane,UP,Year-round,240.6,23.6,1.063,0.0,271.33
2019,7,Sugarcane,Maharashtra,Year-round,235.2,25.4,1.027,0.0,270.86
2019,7,Sugarcane,Karnataka,Year-round,272.3,24.0,0.97,0.0,262.49
2019,7,Sugarcane,Andhra Pradesh,Year-round,269.4,20.2,1.0,0.0,268.79
2019,7,Sugarcane,Madhya Pradesh,Year-round,273.4,23.8,1.002,0.0,260.57
2019,7,Sugarcane,Rajasthan,Year-round,236.4,21.6,0.994,0.0,259.85
2019,7,Sugarcane,Gujarat,Year-round,280.8,24.7,1.0,0.0,282.4
2019,7,Sugarcane,Bihar,Year-round,245.6,20.2,1.045,0.0,290.41
2019,7,Sugarcane,West Bengal,Year-round,274.6,20.8,0.966,0.0,261.96
2019,7,Sugarcane,Tamil Nadu,Year-round,241.3,22.7,1.025,0.0,284.49
2019,7,Chilli,Punjab,Kharif,95.8,25.2,1.102,0.0,6960.13
2019,7,Chilli,Haryana,Kharif,130.2,23.7,1.128,0.0,8072.6
2019,7,Chilli,UP,Kharif,147.9,30.1,1.089,0.0,8022.32
2019,7,Chilli,Maharashtra,Kharif,112.1,26.5,1.109,0.0,7153.82
2019,7,Chilli,Karnataka,Kharif,124.6,25.0,1.15,0.0,7871.59
2019,7,Chilli,Andhra Pradesh,Kharif,112.2,22.0,1.093,0.0,7675.23
2019,7,Chilli,Madhya Pradesh,Kharif,114.1,26.9,1.106,0.0,7852.34
2019,7,Chilli,Rajasthan,Kharif,105.5,19.5,1.107,0.0,8115.52
2019,7,Chilli,Gujarat,Kharif,147.3,26.1,1.158,0.0,8052.64
2019,7,Chilli,Bihar,Kharif,140.0,24.9,1.108,0.0,7366.18
2019,7,Chilli,West Bengal,Kharif,120.2,26.5,1.15,0.0,7912.84
2019,7,Chilli,Tamil Nadu,Kharif,110.3,27.5,1.073,0.0,7926.34
2019,7,Gram,Punjab,Rabi,155.2,34.6,0.961,0.0,4462.78
2019,7,Gram,Haryana,Rabi,163.6,34.4,0.955,0.0,4161.75
2019,7,Gram,UP,Rabi,141.7,37.2,0.955,0.0,4170.11
2019,7,Gram,Maharashtra,Rabi,180.6,36.5,0.933,0.0,4646.76
2019,7,Gram,Karnataka,Rabi,138.2,35.4,0.909,0.0,4331.36
2019,7,Gram,Andhra Pradesh,Rabi,162.7,37.0,0.962,0.0,4046.56
2019,7,Gram,Madhya Pradesh,Rabi,156.9,39.1,0.979,0.0,4126.16
2019,7,Gram,Rajasthan,Rabi,144.6,36.9,0.942,0.0,4557.15
2019,7,Gram,Gujarat,Rabi,136.5,34.5,0.987,0.0,4472.37
2019,7,Gram,Bihar,Rabi,131.5,31.3,0.991,0.0,4436.62
2019,7,Gram,West Bengal,Rabi,154.2,36.9,0.927,0.0,4256.77
2019,7,Gram,Tamil Nadu,Rabi,153.8,34.4,0.96,0.0,4319.91
2019,7,Mustard,Punjab,Rabi,243.0,31.0,1.132,0.0,5050.34
2019,7,Mustard,Haryana,Rabi,197.4,31.5,1.058,0.0,5257.52
2019,7,Mustard,UP,Rabi,223.9,29.7,1.111,0.0,5096.9
2019,7,Mustard,Maharashtra,Rabi,208.2,31.8,1.094,0.0,4969.66
2019,7,Mustard,Karnataka,Rabi,232.8,31.4,1.118,0.0,5011.2
2019,7,Mustard,Andhra Pradesh,Rabi,253.6,34.2,1.119,0.0,4676.58
2019,7,Mustard,Madhya Pradesh,Rabi,190.1,31.9,1.11,0.0,4910.93
2019,7,Mustard,Rajasthan,Rabi,220.8,32.2,1.061,0.0,4680.93
2019,7,Mustard,Gujarat,Rabi,216.0,35.0,1.083,0.0,4868.79
2019,7,Mustard,Bihar,Rabi,242.2,30.8,1.154,0.0,4964.75
2019,7,Mustard,West Bengal,Rabi,254.9,29.4,1.056,0.0,4920.83
2019,7,Mustard,Tamil Nadu,Rabi,243.2,30.7,1.053,0.0,4899.11
2019,8,Wheat,Punjab,Rabi,194.3,24.9,1.14,0.0,2341.52
2019,8,Wheat,Haryana,Rabi,211.9,24.9,1.107,0.0,2308.32
2019,8,Wheat,UP,Rabi,201.9,24.1,1.089,0.0,2336.63
2019,8,Wheat,Maharashtra,Rabi,220.1,22.5,1.181,0.0,2167.71
2019,8,Wheat,Karnataka,Rabi,211.3,23.5,1.136,0.0,2246.04
2019,8,Wheat,Andhra Pradesh,Rabi,184.6,25.2,1.121,0.0,2363.79
2019,8,Wheat,Madhya Pradesh,Rabi,206.0,23.2,1.172,0.0,2187.84
2019,8,Wheat,Rajasthan,Rabi,253.6,25.3,1.117,0.0,2508.98
2019,8,Wheat,Gujarat,Rabi,198.6,18.0,1.171,0.0,2383.64
2019,8,Wheat,Bihar,Rabi,232.0,23.2,1.091,0.0,2253.32
2019,8,Wheat,West Bengal,Rabi,225.7,25.2,1.147,0.0,2329.43
2019,8,Wheat,Tamil Nadu,Rabi,240.3,22.9,1.148,0.0,2241.3
2019,8,Rice,Punjab,Kharif,204.6,36.3,0.841,0.0,1651.85
2019,8,Rice,Haryana,Kharif,192.1,37.7,0.907,0.0,1625.82
2019,8,Rice,UP,Kharif,207.1,36.5,0.842,0.0,1643.01
2019,8,Rice,Maharashtra,Kharif,217.4,37.1,0.857,0.0,1555.97
2019,8,Rice,Karnataka,Kharif,198.8,38.1,0.85,0.0,1523.71
2019,8,Rice,Andhra Pradesh,Kharif,200.2,34.4,0.871,0.0,1634.78
2019,8,Rice,Madhya Pradesh,Kharif,196.3,34.1,0.897,0.0,1514.44
2019,8,Rice,Rajasthan,Kharif,194.8,34.9,0.833,0.0,1585.71
2019,8,Rice,Gujarat,Kharif,203.7,35.0,0.838,0.0,1590.92
2019,8,Rice,Bihar,Kharif,198.0,36.4,0.903,0.0,1614.69
2019,8,Rice,West Bengal,Kharif,205.4,35.7,0.862,0.0,1510.78
2019,8,Rice,Tamil Nadu,Kharif,183.9,32.4,0.891,0.0,1717.35
2019,8,Maize,Punjab,Kharif,191.6,29.1,1.012,0.0,1872.9
2019,8,Maize,Haryana,Kharif,158.7,30.1,1.002,0.0,1902.22
2019,8,Maize,UP,Kharif,187.5,25.8,0.956,0.0,1841.2
2019,8,Maize,Maharashtra,Kharif,197.2,26.6,0.94,0.0,1973.94
2019,8,Maize,Karnataka,Kharif,159.8,23.6,0.934,0.0,1803.26
2019,8,Maize,Andhra Pradesh,Kharif,152.5,27.1,0.974,0.0,1895.26
2019,8,Maize,Madhya Pradesh,Kharif,170.8,25.1,0.982,0.0,2059.66
2019,8,Maize,Rajasthan,Kharif,149.9,30.7,0.967,0.0,1915.3
2019,8,Maize,Gujarat,Kharif,186.0,29.9,0.922,0.0,1787.4
2019,8,Maize,Bihar,Kharif,163.5,28.0,0.966,0.0,1899.44
2019,8,Maize,West Bengal,Kharif,177.0,30.6,0.995,0.0,2067.61
2019,8,Maize,Tamil Nadu,Kharif,134.2,22.1,0.955,0.0,2053.46
2019,8,Potato,Punjab,Rabi,202.4,19.5,1.064,0.0,803.94
2019,8,Potato,Haryana,Rabi,160.7,17.2,1.11,0.0,907.62
2019,8,Potato,UP,Rabi,178.9,15.8,1.072,0.0,892.23
2019,8,Potato,Maharashtra,Rabi,194.9,20.0,1.083,0.0,816.61
2019,8,Potato,Karnataka,Rabi,207.1,16.7,1.096,0.0,798.83
2019,8,Potato,Andhra Pradesh,Rabi,171.3,16.9,1.157,0.0,909.82
2019,8,Potato,Madhya Pradesh,Rabi,178.5,19.0,1.078,0.0,838.55
2019,8,Potato,Rajasthan,Rabi,196.0,14.8,1.125,0.0,781.71
2019,8,Potato,Gujarat,Rabi,194.7,18.9,1.117,0.0,834.23
2019,8,Potato,Bihar,Rabi,215.8,16.5,1.157,0.0,840.8
2019,8,Potato,West Bengal,Rabi,211.5,17.4,1.165,0.0,821.74
2019,8,Potato,Tamil Nadu,Rabi,163.1,16.3,1.164,0.0,845.12
2019,8,Tomato,Punjab,Year-round,136.8,21.8,0.931,0.0,1089.0
2019,8,Tomato,Haryana,Year-round,144.5,17.4,0.948,0.0,952.76
2019,8,Tomato,UP,Year-round,129.5,22.0,1.017,0.0,978.89
2019,8,Tomato,Maharashtra,Year-round,150.5,19.4,1.011,0.0,1080.27
2019,8,Tomato,Karnataka,Year-round,135.5,24.2,0.924,0.0,928.83
2019,8,Tomato,Andhra Pradesh,Year-round,171.7,22.1,0.994,0.0,969.4
2019,8,Tomato,Madhya Pradesh,Year-round,141.1,19.5,0.975,0.0,1088.45
2019,8,Tomato,Rajasthan,Year-round,134.5,25.4,0.982,0.0,993.29
2019,8,Tomato,Gujarat,Year-round,172.0,23.9,0.973,0.0,964.5
2019,8,Tomato,Bihar,Year-round,103.2,25.8,0.998,0.0,1087.62
2019,8,Tomato,West Bengal,Year-round,103.3,20.7,0.965,0.0,955.34
2019,8,Tomato,Tamil Nadu,Year-round,163.7,22.9,0.979,0.0,1053.98
2019,8,Onion,Punjab,Rabi,109.1,25.4,1.048,0.0,1262.59
2019,8,Onion,Haryana,Rabi,188.3,24.6,1.01,0.0,1327.78
2019,8,Onion,UP,Rabi,152.0,23.7,0.997,0.0,1358.62
2019,8,Onion,Maharashtra,Rabi,159.6,25.3,1.048,0.0,1290.66
2019,8,Onion,Karnataka,Rabi,152.2,21.7,1.041,0.0,1409.06
2019,8,Onion,Andhra Pradesh,Rabi,129.4,23.0,1.004,0.0,1410.84
2019,8,Onion,Madhya Pradesh,Rabi,186.0,22.4,0.956,0.0,1352.27
2019,8,Onion,Rajasthan,Rabi,135.7,21.8,0.983,0.0,1218.16
2019,8,Onion,Gujarat,Rabi,147.1,23.0,0.982,0.0,1310.94
2019,8,Onion,Bihar,Rabi,140.8,20.0,1.009,0.0,1412.58
2019,8,Onion,West Bengal,Rabi,182.8,22.0,1.023,0.0,1414.35
2019,8,Onion,Tamil Nadu,Rabi,172.4,23.0,0.958,0.0,1335.37
2019,8,Soybean,Punjab,Kharif,206.7,30.1,0.828,0.0,3687.77
2019,8,Soybean,Haryana,Kharif,260.5,27.5,0.863,0.0,3749.0
2019,8,Soybean,UP,Kharif,216.6,29.0,0.834,0.0,3286.11
2019,8,Soybean,Maharashtra,Kharif,216.9,31.9,0.848,0.0,3445.79
2019,8,Soybean,Karnataka,Kharif,223.7,32.0,0.822,0.0,3434.47
2019,8,Soybean,Andhra Pradesh,Kharif,237.2,27.1,0.883,0.0,3393.08
2019,8,Soybean,Madhya Pradesh,Kharif,228.2,32.6,0.875,0.0,3695.88
2019,8,Soybean,Rajasthan,Kharif,239.4,29.9,0.817,0.0,3390.8
2019,8,Soybean,Gujarat,Kharif,260.7,28.4,0.882,0.0,3444.69
2019,8,Soybean,Bihar,Kharif,224.4,32.3,0.854,0.0,3385.91
2019,8,Soybean,West Bengal,Kharif,250.0,28.2,0.869,0.0,3622.45
2019,8,Soybean,Tamil Nadu,Kharif,245.8,29.3,0.865,0.0,3727.64
2019,8,Cotton,Punjab,Kharif,100.5,36.9,1.067,0.0,6241.68
2019,8,Cotton,Haryana,Kharif,54.7,32.1,1.081,0.0,5909.37
2019,8,Cotton,UP,Kharif,70.9,30.6,1.113,0.0,6177.31
2019,8,Cotton,Maharashtra,Kharif,81.9,32.9,1.148,0.0,5811.02
2019,8,Cotton,Karnataka,Kharif,85.8,32.9,1.133,0.0,6477.4
2019,8,Cotton,Andhra Pradesh,Kharif,131.2,34.3,1.112,0.0,6503.45
2019,8,Cotton,Madhya Pradesh,Kharif,95.9,31.7,1.07,0.0,6201.58
2019,8,Cotton,Rajasthan,Kharif,101.9,28.7,1.076,0.0,6109.04
2019,8,Cotton,Gujarat,Kharif,84.0,33.2,1.073,0.0,6362.52
2019,8,Cotton,Bihar,Kharif,95.6,34.4,1.113,0.0,5823.1
2019,8,Cotton,West Bengal,Kharif,111.8,33.0,1.153,0.0,5784.77
2019,8,Cotton,Tamil Nadu,Kharif,85.9,31.1,1.104,0.0,6297.73
2019,8,Sugarcane,Punjab,Year-round,251.9,27.9,0.87,0.0,268.53
2019,8,Sugarcane,Haryana,Year-round,217.1,28.6,0.922,0.0,279.36
2019,8,Sugarcane,UP,Year-round,256.7,32.5,0.913,0.0,239.08
2019,8,Sugarcane,Maharashtra,Year-round,244.9,32.7,0.897,0.0,278.4
2019,8,Sugarcane,Karnataka,Year-round,232.6,32.3,0.843,0.0,243.37
2019,8,Sugarcane,Andhra Pradesh,Year-round,245.9,32.3,0.88,0.0,253.06
2019,8,Sugarcane,Madhya Pradesh,Year-round,213.9,25.6,0.922,0.0,240.34
2019,8,Sugarcane,Rajasthan,Year-round,240.4,26.7,0.845,0.0,264.6
2019,8,Sugarcane,Gujarat,Year-round,228.1,26.1,0.871,0.0,278.33
2019,8,Sugarcane,Bihar,Year-round,260.2,32.5,0.863,0.0,266.32
2019,8,Sugarcane,West Bengal,Year-round,242.1,28.9,0.843,0.0,251.13
2019,8,Sugarcane,Tamil Nadu,Year-round,199.5,26.1,0.846,0.0,262.8
2019,8,Chilli,Punjab,Kharif,238.0,22.5,1.068,0.0,7901.51
2019,8,Chilli,Haryana,Kharif,227.5,28.0,1.084,0.0,6977.19
2019,8,Chilli,UP,Kharif,235.8,25.0,1.111,0.0,7507.28
2019,8,Chilli,Maharashtra,Kharif,221.9,24.7,1.053,0.0,7078.19
2019,8,Chilli,Karnataka,Kharif,233.7,24.5,1.137,0.0,7556.55
2019,8,Chilli,Andhra Pradesh,Kharif,253.7,22.3,1.077,0.0,7245.29
2019,8,Chilli,Madhya Pradesh,Kharif,246.7,28.5,1.111,0.0,6887.44
2019,8,Chilli,Rajasthan,Kharif,210.6,26.9,1.085,0.0,7740.03
2019,8,Chilli,Gujarat,Kharif,239.4,24.1,1.141,0.0,7006.08
2019,8,Chilli,Bihar,Kharif,208.8,26.6,1.058,0.0,8003.58
2019,8,Chilli,West Bengal,Kharif,269.1,28.2,1.133,0.0,7824.88
2019,8,Chilli,Tamil Nadu,Kharif,244.5,26.6,1.078,0.0,7694.24
2019,8,Gram,Punjab,Rabi,262.6,18.8,1.108,0.0,4994.1
2019,8,Gram,Haryana,Rabi,271.6,20.9,1.064,0.0,5024.29
2019,8,Gram,UP,Rabi,271.1,20.1,1.035,0.0,5614.28
2019,8,Gram,Maharashtra,Rabi,280.4,25.4,1.091,0.0,4977.98
2019,8,Gram,Karnataka,Rabi,219.8,19.6,1.115,0.0,5106.67
2019,8,Gram,Andhra Pradesh,Rabi,244.1,19.3,1.071,0.0,5092.16
2019,8,Gram,Madhya Pradesh,Rabi,259.0,22.8,1.106,0.0,5058.51
2019,8,Gram,Rajasthan,Rabi,277.0,22.6,1.028,0.0,4933.07
2019,8,Gram,Gujarat,Rabi,276.4,21.9,1.082,0.0,5661.93
2019,8,Gram,Bihar,Rabi,251.5,20.2,1.02,0.0,5100.03
2019,8,Gram,West Bengal,Rabi,259.7,20.2,1.095,0.0,4967.11
2019,8,Gram,Tamil Nadu,Rabi,270.2,20.2,1.031,0.0,4965.02
2019,8,Mustard,Punjab,Rabi,143.8,37.6,1.062,0.0,5565.05
2019,8,Mustard,Haryana,Rabi,146.1,40.3,1.105,0.0,5742.73
2019,8,Mustard,UP,Rabi,102.5,39.5,1.086,0.0,5876.4
2019,8,Mustard,Maharashtra,Rabi,126.9,38.0,1.042,0.0,5109.9
2019,8,Mustard,Karnataka,Rabi,89.9,34.0,1.035,0.0,5566.71
2019,8,Mustard,Andhra Pradesh,Rabi,127.0,37.6,1.08,0.0,5681.43
2019,8,Mustard,Madhya Pradesh,Rabi,121.8,37.4,1.098,0.0,5237.11
2019,8,Mustard,Rajasthan,Rabi,105.1,39.6,1.078,0.0,5568.93
2019,8,Mustard,Gujarat,Rabi,153.3,35.0,1.017,0.0,5041.05
2019,8,Mustard,Bihar,Rabi,138.3,35.4,1.045,0.0,5734.54
2019,8,Mustard,West Bengal,Rabi,119.4,38.7,1.089,0.0,5536.53
2019,8,Mustard,Tamil Nadu,Rabi,110.6,36.2,1.072,0.0,5888.39
2019,9,Wheat,Punjab,Rabi,185.9,24.6,0.917,0.0,2089.7
2019,9,Wheat,Haryana,Rabi,177.3,28.7,0.9,0.0,2142.35
2019,9,Wheat,UP,Rabi,189.5,26.7,0.891,0.0,2143.88
2019,9,Wheat,Maharashtra,Rabi,205.0,23.0,0.971,0.0,1848.03
2019,9,Wheat,Karnataka,Rabi,197.1,27.4,0.951,0.0,1988.11
2019,9,Wheat,Andhra Pradesh,Rabi,191.7,22.9,0.944,0.0,2062.94
2019,9,Wheat,Madhya Pradesh,Rabi,211.8,20.7,0.978,0.0,1852.51
2019,9,Wheat,Rajasthan,Rabi,195.3,27.6,0.959,0.0,1981.04
2019,9,Wheat,Gujarat,Rabi,196.5,26.9,0.941,0.0,2019.51
2019,9,Wheat,Bihar,Rabi,179.0,24.5,0.894,0.0,2030.52
2019,9,Wheat,West Bengal,Rabi,193.9,26.0,0.905,0.0,1835.32
2019,9,Wheat,Tamil Nadu,Rabi,202.2,21.0,0.9,0.0,2064.27
2019,9,Rice,Punjab,Kharif,238.8,29.7,0.854,0.0,1659.45
2019,9,Rice,Haryana,Kharif,295.3,24.0,0.848,0.0,1655.85
2019,9,Rice,UP,Kharif,275.6,24.0,0.86,0.0,1864.29
2019,9,Rice,Maharashtra,Kharif,275.0,22.5,0.881,0.0,1714.32
2019,9,Rice,Karnataka,Kharif,274.2,24.4,0.867,0.0,1773.24
2019,9,Rice,Andhra Pradesh,Kharif,233.3,25.1,0.863,0.0,1782.57
2019,9,Rice,Madhya Pradesh,Kharif,262.0,25.5,0.851,0.0,1756.88
2019,9,Rice,Rajasthan,Kharif,297.2,24.4,0.86,0.0,1816.44
2019,9,Rice,Gujarat,Kharif,259.0,22.4,0.831,0.0,1795.31
2019,9,Rice,Bihar,Kharif,269.5,24.9,0.855,0.0,1916.81
2019,9,Rice,West Bengal,Kharif,240.7,25.4,0.842,0.0,1835.34
2019,9,Rice,Tamil Nadu,Kharif,244.0,29.4,0.876,0.0,1682.22
2019,9,Maize,Punjab,Kharif,154.6,31.7,1.115,0.0,2204.04
2019,9,Maize,Haryana,Kharif,184.8,28.3,1.022,0.0,2292.46
2019,9,Maize,UP,Kharif,181.3,29.5,1.036,0.0,2399.44
2019,9,Maize,Maharashtra,Kharif,185.6,33.8,1.075,0.0,2310.73
2019,9,Maize,Karnataka,Kharif,167.1,30.4,1.036,0.0,2373.23
2019,9,Maize,Andhra Pradesh,Kharif,201.1,30.2,1.083,0.0,2407.36
2019,9,Maize,Madhya Pradesh,Kharif,155.8,29.7,1.054,0.0,2130.14
2019,9,Maize,Rajasthan,Kharif,170.1,32.1,1.046,0.0,2138.08
2019,9,Maize,Gujarat,Kharif,190.7,32.6,1.026,0.0,2056.9
2019,9,Maize,Bihar,Kharif,181.9,34.1,1.015,0.0,2111.41
2019,9,Maize,West Bengal,Kharif,151.9,28.7,1.092,0.0,2276.79
2019,9,Maize,Tamil Nadu,Kharif,183.3,31.3,1.053,0.0,2344.1
2019,9,Potato,Punjab,Rabi,284.1,32.0,0.951,0.0,741.48
2019,9,Potato,Haryana,Rabi,295.9,28.1,0.917,0.0,656.05
2019,9,Potato,UP,Rabi,294.1,29.9,0.95,0.0,723.38
2019,9,Potato,Maharashtra,Rabi,252.7,34.7,0.91,0.0,725.73
2019,9,Potato,Karnataka,Rabi,294.1,34.4,0.934,0.0,658.57
2019,9,Potato,Andhra Pradesh,Rabi,301.5,28.5,0.88,0.0,705.3
2019,9,Potato,Madhya Pradesh,Rabi,271.7,31.2,0.952,0.0,749.09
2019,9,Potato,Rajasthan,Rabi,297.2,29.1,0.888,0.0,709.04
2019,9,Potato,Gujarat,Rabi,231.4,30.7,0.933,0.0,741.31
2019,9,Potato,Bihar,Rabi,333.4,34.5,0.873,0.0,665.39
2019,9,Potato,West Bengal,Rabi,305.1,29.7,0.876,0.0,697.69
2019,9,Potato,Tamil Nadu,Rabi,298.4,28.8,0.897,0.0,731.85
2019,9,Tomato,Punjab,Year-round,223.4,22.1,1.056,0.0,1319.99
2019,9,Tomato,Haryana,Year-round,263.9,23.2,1.022,0.0,1177.94
2019,9,Tomato,UP,Year-round,256.2,21.7,1.068,0.0,1246.75
2019,9,Tomato,Maharashtra,Year-round,242.8,24.1,1.061,0.0,1224.44
2019,9,Tomato,Karnataka,Year-round,248.9,22.2,1.054,0.0,1243.6
2019,9,Tomato,Andhra Pradesh,Year-round,298.4,21.0,1.036,0.0,1212.31
2019,9,Tomato,Madhya Pradesh,Year-round,201.5,21.3,1.022,0.0,1304.11
2019,9,Tomato,Rajasthan,Year-round,241.0,22.2,1.029,0.0,1193.48
2019,9,Tomato,Gujarat,Year-round,253.0,17.8,1.07,0.0,1237.69
2019,9,Tomato,Bihar,Year-round,253.5,21.5,1.051,0.0,1216.94
2019,9,Tomato,West Bengal,Year-round,238.1,18.5,1.092,0.0,1197.34
2019,9,Tomato,Tamil Nadu,Year-round,271.9,20.8,1.047,0.0,1186.93
2019,9,Onion,Punjab,Rabi,199.2,28.5,1.157,0.0,1573.34
2019,9,Onion,Haryana,Rabi,217.4,23.6,1.066,0.0,1515.1
2019,9,Onion,UP,Rabi,231.6,25.8,1.117,0.0,1532.97
2019,9,Onion,Maharashtra,Rabi,238.1,28.8,1.167,0.0,1551.99
2019,9,Onion,Karnataka,Rabi,210.4,26.5,1.069,0.0,1550.78
2019,9,Onion,Andhra Pradesh,Rabi,219.0,29.2,1.09,0.0,1483.46
2019,9,Onion,Madhya Pradesh,Rabi,201.3,23.3,1.141,0.0,1521.45
2019,9,Onion,Rajasthan,Rabi,214.0,24.5,1.161,0.0,1621.58
2019,9,Onion,Gujarat,Rabi,214.9,29.0,1.097,0.0,1646.78
2019,9,Onion,Bihar,Rabi,223.9,27.0,1.075,0.0,1510.39
2019,9,Onion,West Bengal,Rabi,264.8,25.8,1.162,0.0,1614.52
2019,9,Onion,Tamil Nadu,Rabi,205.3,26.3,1.064,0.0,1631.92
2019,9,Soybean,Punjab,Kharif,243.2,26.0,0.874,0.0,3771.33
2019,9,Soybean,Haryana,Kharif,260.7,28.6,0.857,0.0,3888.36
2019,9,Soybean,UP,Kharif,259.9,27.6,0.857,0.0,3672.24
2019,9,Soybean,Maharashtra,Kharif,318.5,31.4,0.902,0.0,4104.93
2019,9,Soybean,Karnataka,Kharif,244.8,26.6,0.905,0.0,3690.09
2019,9,Soybean,Andhra Pradesh,Kharif,243.3,30.6,0.864,0.0,3714.58
2019,9,Soybean,Madhya Pradesh,Kharif,276.8,31.4,0.922,0.0,3674.39
2019,9,Soybean,Rajasthan,Kharif,239.9,29.6,0.873,0.0,4167.9
2019,9,Soybean,Gujarat,Kharif,241.5,31.9,0.934,0.0,4108.52
2019,9,Soybean,Bihar,Kharif,240.5,26.2,0.888,0.0,3988.89
2019,9,Soybean,West Bengal,Kharif,235.6,28.6,0.888,0.0,3615.55
2019,9,Soybean,Tamil Nadu,Kharif,270.3,29.9,0.865,0.0,3802.2
2019,9,Cotton,Punjab,Kharif,96.7,29.4,1.076,0.0,6236.06
2019,9,Cotton,Haryana,Kharif,139.6,26.2,1.106,0.0,6163.61
2019,9,Cotton,UP,Kharif,104.5,27.6,1.099,0.0,6617.88
2019,9,Cotton,Maharashtra,Kharif,130.8,30.6,1.104,0.0,6712.48
2019,9,Cotton,Karnataka,Kharif,114.9,28.1,1.088,0.0,7001.78
2019,9,Cotton,Andhra Pradesh,Kharif,90.2,30.6,1.094,0.0,6830.8
2019,9,Cotton,Madhya Pradesh,Kharif,111.5,28.2,1.028,0.0,6792.16
2019,9,Cotton,Rajasthan,Kharif,111.9,29.4,1.067,0.0,6390.48
2019,9,Cotton,Gujarat,Kharif,132.4,30.8,1.032,0.0,6686.62
2019,9,Cotton,Bihar,Kharif,109.3,30.3,1.113,0.0,6162.68
2019,9,Cotton,West Bengal,Kharif,120.8,29.9,1.019,0.0,6920.68
2019,9,Cotton,Tamil Nadu,Kharif,85.1,32.5,1.108,0.0,6354.35
2019,9,Sugarcane,Punjab,Year-round,148.6,37.6,0.957,0.0,282.59
2019,9,Sugarcane,Haryana,Year-round,172.1,38.7,0.9,0.0,291.75
2019,9,Sugarcane,UP,Year-round,152.4,38.9,0.97,0.0,292.03
2019,9,Sugarcane,Maharashtra,Year-round,149.9,34.7,0.969,0.0,286.64
2019,9,Sugarcane,Karnataka,Year-round,143.2,36.3,0.948,0.0,280.52
2019,9,Sugarcane,Andhra Pradesh,Year-round,150.4,39.6,0.925,0.0,280.14
2019,9,Sugarcane,Madhya Pradesh,Year-round,136.1,32.6,0.915,0.0,301.7
2019,9,Sugarcane,Rajasthan,Year-round,183.9,37.0,0.914,0.0,282.72
2019,9,Sugarcane,Gujarat,Year-round,132.4,38.5,0.906,0.0,289.97
2019,9,Sugarcane,Bihar,Year-round,167.6,40.0,0.94,0.0,308.88
2019,9,Sugarcane,West Bengal,Year-round,160.2,41.5,0.931,0.0,267.1
2019,9,Sugarcane,Tamil Nadu,Year-round,154.0,37.9,0.924,0.0,282.36
2019,9,Chilli,Punjab,Kharif,303.5,17.1,1.05,0.0,8516.27
2019,9,Chilli,Haryana,Kharif,333.8,22.4,1.108,0.0,8630.27
2019,9,Chilli,UP,Kharif,303.5,19.2,1.125,0.0,8875.26
2019,9,Chilli,Maharashtra,Kharif,295.8,19.9,1.081,0.0,9132.19
2019,9,Chilli,Karnataka,Kharif,307.8,20.8,1.069,0.0,9599.16
2019,9,Chilli,Andhra Pradesh,Kharif,297.5,20.2,1.07,0.0,9634.05
2019,9,Chilli,Madhya Pradesh,Kharif,257.5,16.5,1.082,0.0,8619.89
2019,9,Chilli,Rajasthan,Kharif,307.2,17.3,1.109,0.0,8787.57
2019,9,Chilli,Gujarat,Kharif,317.1,19.5,1.118,0.0,9229.68
2019,9,Chilli,Bihar,Kharif,311.6,21.7,1.077,0.0,8575.43
2019,9,Chilli,West Bengal,Kharif,301.8,16.6,1.087,0.0,8314.24
2019,9,Chilli,Tamil Nadu,Kharif,289.5,21.8,1.08,0.0,9076.06
2019,9,Gram,Punjab,Rabi,109.7,32.1,1.14,0.0,5962.98
2019,9,Gram,Haryana,Rabi,165.8,32.8,1.113,0.0,6535.8
2019,9,Gram,UP,Rabi,126.9,29.9,1.149,0.0,6552.04
2019,9,Gram,Maharashtra,Rabi,148.5,31.3,1.188,0.0,6618.64
2019,9,Gram,Karnataka,Rabi,144.5,29.5,1.134,0.0,6079.87
2019,9,Gram,Andhra Pradesh,Rabi,151.9,35.4,1.203,0.0,6593.64
2019,9,Gram,Madhya Pradesh,Rabi,127.7,31.7,1.199,0.0,6148.35
2019,9,Gram,Rajasthan,Rabi,163.4,29.0,1.173,0.0,6446.67
2019,9,Gram,Gujarat,Rabi,152.1,34.2,1.179,0.0,6619.22
2019,9,Gram,Bihar,Rabi,131.4,32.4,1.104,0.0,6244.17
2019,9,Gram,West Bengal,Rabi,170.4,36.8,1.201,0.0,6211.91
2019,9,Gram,Tamil Nadu,Rabi,152.9,30.7,1.186,0.0,6167.08
2019,9,Mustard,Punjab,Rabi,157.9,28.6,0.99,0.0,4598.95
2019,9,Mustard,Haryana,Rabi,199.5,29.1,0.929,0.0,5319.81
2019,9,Mustard,UP,Rabi,197.5,32.6,1.003,0.0,4993.68
2019,9,Mustard,Maharashtra,Rabi,184.0,31.9,0.935,0.0,5080.55
2019,9,Mustard,Karnataka,Rabi,188.3,28.3,0.97,0.0,4985.78
2019,9,Mustard,Andhra Pradesh,Rabi,196.3,30.2,0.96,0.0,5060.74
2019,9,Mustard,Madhya Pradesh,Rabi,198.4,33.4,0.952,0.0,4903.34
2019,9,Mustard,Rajasthan,Rabi,176.9,28.4,0.926,0.0,4892.58
2019,9,Mustard,Gujarat,Rabi,170.4,31.5,0.931,0.0,4742.45
2019,9,Mustard,Bihar,Rabi,195.1,31.6,1.012,0.0,4943.11
2019,9,Mustard,West Bengal,Rabi,176.6,30.5,0.999,0.0,5244.94
2019,9,Mustard,Tamil Nadu,Rabi,184.2,33.1,0.946,0.0,5237.79
2019,10,Wheat,Punjab,Rabi,128.0,30.5,1.095,0.0,2390.14
2019,10,Wheat,Haryana,Rabi,149.9,33.7,1.15,0.0,2705.56
2019,10,Wheat,UP,Rabi,131.0,31.4,1.164,0.0,2666.7
2019,10,Wheat,Maharashtra,Rabi,135.0,36.2,1.109,0.0,2661.34
2019,10,Wheat,Karnataka,Rabi,122.1,29.9,1.151,0.0,2627.95
2019,10,Wheat,Andhra Pradesh,Rabi,139.0,31.3,1.125,0.0,2506.8
2019,10,Wheat,Madhya Pradesh,Rabi,116.6,31.5,1.174,0.0,2514.43
2019,10,Wheat,Rajasthan,Rabi,139.5,30.6,1.173,0.0,2591.08
2019,10,Wheat,Gujarat,Rabi,136.2,30.1,1.108,0.0,2688.17
2019,10,Wheat,Bihar,Rabi,116.6,30.8,1.167,0.0,2536.53
2019,10,Wheat,West Bengal,Rabi,119.3,29.0,1.151,0.0,2529.78
2019,10,Wheat,Tamil Nadu,Rabi,102.1,32.1,1.192,0.0,2307.58
2019,10,Rice,Punjab,Kharif,107.2,22.8,1.012,0.0,2187.71
2019,10,Rice,Haryana,Kharif,97.6,26.9,1.0,0.0,2052.12
2019,10,Rice,UP,Kharif,110.9,25.3,0.997,0.0,2023.53
2019,10,Rice,Maharashtra,Kharif,107.4,23.8,1.029,0.0,1935.61
2019,10,Rice,Karnataka,Kharif,68.0,26.5,1.052,0.0,2072.83
2019,10,Rice,Andhra Pradesh,Kharif,116.6,24.2,1.001,0.0,2069.47
2019,10,Rice,Madhya Pradesh,Kharif,86.7,25.7,0.973,0.0,2183.69
2019,10,Rice,Rajasthan,Kharif,85.3,25.3,1.008,0.0,1930.44
2019,10,Rice,Gujarat,Kharif,90.7,24.7,1.011,0.0,2062.35
2019,10,Rice,Bihar,Kharif,128.6,24.4,0.987,0.0,2056.86
2019,10,Rice,West Bengal,Kharif,112.8,27.7,1.041,0.0,2163.34
2019,10,Rice,Tamil Nadu,Kharif,110.1,22.3,1.023,0.0,2032.76
2019,10,Maize,Punjab,Kharif,67.4,35.5,1.121,0.0,2349.69
2019,10,Maize,Haryana,Kharif,77.2,32.8,1.167,0.0,2518.33
2019,10,Maize,UP,Kharif,32.9,35.7,1.076,0.0,2518.9
2019,10,Maize,Maharashtra,Kharif,72.6,32.1,1.093,0.0,2507.05
2019,10,Maize,Karnataka,Kharif,53.3,32.4,1.081,0.0,2337.63
2019,10,Maize,Andhra Pradesh,Kharif,41.4,30.8,1.105,0.0,2291.47
2019,10,Maize,Madhya Pradesh,Kharif,104.5,34.6,1.103,0.0,2462.12
2019,10,Maize,Rajasthan,Kharif,72.4,36.2,1.094,0.0,2461.36
2019,10,Maize,Gujarat,Kharif,53.1,31.3,1.128,0.0,2203.19
2019,10,Maize,Bihar,Kharif,78.6,31.6,1.163,0.0,2379.17
2019,10,Maize,West Bengal,Kharif,78.1,31.1,1.127,0.0,2296.47
2019,10,Maize,Tamil Nadu,Kharif,38.8,32.7,1.142,0.0,2206.79
2019,10,Potato,Punjab,Rabi,168.8,28.3,1.05,0.0,909.25
2019,10,Potato,Haryana,Rabi,132.6,32.2,1.051,0.0,896.4
2019,10,Potato,UP,Rabi,186.6,30.5,1.116,0.0,880.53
2019,10,Potato,Maharashtra,Rabi,161.7,27.4,1.107,0.0,829.37
2019,10,Potato,Karnataka,Rabi,129.9,29.0,1.066,0.0,936.93
2019,10,Potato,Andhra Pradesh,Rabi,165.8,27.9,1.027,0.0,848.11
2019,10,Potato,Madhya Pradesh,Rabi,184.5,26.5,1.028,0.0,932.75
2019,10,Potato,Rajasthan,Rabi,142.8,32.1,1.043,0.0,863.23
2019,10,Potato,Gujarat,Rabi,126.7,28.5,1.079,0.0,947.77
2019,10,Potato,Bihar,Rabi,149.9,27.5,1.111,0.0,949.23
2019,10,Potato,West Bengal,Rabi,114.2,28.0,1.078,0.0,883.05
2019,10,Potato,Tamil Nadu,Rabi,170.9,29.0,1.08,0.0,858.55
2019,10,Tomato,Punjab,Year-round,75.8,24.8,0.864,0.0,1167.21
2019,10,Tomato,Haryana,Year-round,104.5,23.4,0.893,0.0,1160.94
2019,10,Tomato,UP,Year-round,97.7,24.9,0.943,0.0,1058.74
2019,10,Tomato,Maharashtra,Year-round,122.6,25.0,0.9,0.0,1017.97
2019,10,Tomato,Karnataka,Year-round,45.1,26.7,0.939,0.0,1063.77
2019,10,Tomato,Andhra Pradesh,Year-round,96.6,25.8,0.929,0.0,1149.56
2019,10,Tomato,Madhya Pradesh,Year-round,112.4,22.2,0.896,0.0,1061.59
2019,10,Tomato,Rajasthan,Year-round,71.0,25.4,0.863,0.0,1058.45
2019,10,Tomato,Gujarat,Year-round,91.4,25.1,0.893,0.0,1100.75
2019,10,Tomato,Bihar,Year-round,59.2,24.5,0.884,0.0,1148.61
2019,10,Tomato,West Bengal,Year-round,120.9,23.3,0.875,0.0,1063.87
2019,10,Tomato,Tamil Nadu,Year-round,87.8,26.4,0.898,0.0,1171.9
2019,10,Onion,Punjab,Rabi,139.1,31.3,1.107,0.0,1600.3
2019,10,Onion,Haryana,Rabi,163.3,29.9,1.093,0.0,1723.92
2019,10,Onion,UP,Rabi,141.6,28.2,1.153,0.0,1679.78
2019,10,Onion,Maharashtra,Rabi,142.5,27.6,1.134,0.0,1585.31
2019,10,Onion,Karnataka,Rabi,171.4,27.3,1.114,0.0,1703.25
2019,10,Onion,Andhra Pradesh,Rabi,137.0,30.6,1.186,0.0,1786.56
2019,10,Onion,Madhya Pradesh,Rabi,150.8,28.6,1.117,0.0,1799.49
2019,10,Onion,Rajasthan,Rabi,155.7,27.7,1.192,0.0,1647.94
2019,10,Onion,Gujarat,Rabi,153.7,28.8,1.122,0.0,1677.51
2019,10,Onion,Bihar,Rabi,122.9,29.7,1.105,0.0,1772.17
2019,10,Onion,West Bengal,Rabi,167.2,28.7,1.106,0.0,1748.78
2019,10,Onion,Tamil Nadu,Rabi,163.3,30.1,1.189,0.0,1628.85
2019,10,Soybean,Punjab,Kharif,112.7,21.7,0.894,0.0,3765.19
2019,10,Soybean,Haryana,Kharif,110.3,20.6,0.871,0.0,3762.63
2019,10,Soybean,UP,Kharif,61.7,22.3,0.874,0.0,3368.22
2019,10,Soybean,Maharashtra,Kharif,90.3,23.5,0.926,0.0,3284.88
2019,10,Soybean,Karnataka,Kharif,84.9,22.8,0.868,0.0,3528.72
2019,10,Soybean,Andhra Pradesh,Kharif,96.0,20.4,0.884,0.0,3377.16
2019,10,Soybean,Madhya Pradesh,Kharif,86.4,19.4,0.934,0.0,3770.89
2019,10,Soybean,Rajasthan,Kharif,132.6,22.7,0.905,0.0,3282.68
2019,10,Soybean,Gujarat,Kharif,69.0,25.5,0.913,0.0,3277.64
2019,10,Soybean,Bihar,Kharif,75.0,20.8,0.888,0.0,3616.51
2019,10,Soybean,West Bengal,Kharif,91.6,22.0,0.878,0.0,3328.13
2019,10,Soybean,Tamil Nadu,Kharif,110.4,18.2,0.923,0.0,3689.07
2019,10,Cotton,Punjab,Kharif,108.5,30.7,0.841,0.0,5852.59
2019,10,Cotton,Haryana,Kharif,66.8,27.4,0.821,0.0,6145.55
2019,10,Cotton,UP,Kharif,131.5,25.7,0.879,0.0,6087.09
2019,10,Cotton,Maharashtra,Kharif,120.0,31.1,0.855,0.0,5978.89
2019,10,Cotton,Karnataka,Kharif,91.7,31.9,0.832,0.0,6211.53
2019,10,Cotton,Andhra Pradesh,Kharif,147.3,27.5,0.862,0.0,6108.54
2019,10,Cotton,Madhya Pradesh,Kharif,106.6,30.2,0.857,0.0,5512.17
2019,10,Cotton,Rajasthan,Kharif,150.8,29.1,0.892,0.0,5834.33
2019,10,Cotton,Gujarat,Kharif,133.9,30.1,0.893,0.0,6042.47
2019,10,Cotton,Bihar,Kharif,106.5,26.4,0.862,0.0,6108.53
2019,10,Cotton,West Bengal,Kharif,103.4,28.4,0.828,0.0,5473.67
2019,10,Cotton,Tamil Nadu,Kharif,155.1,31.7,0.9,0.0,6188.19
2019,10,Sugarcane,Punjab,Year-round,159.5,17.9,0.865,0.0,282.24
2019,10,Sugarcane,Haryana,Year-round,137.8,18.9,0.84,0.0,249.04
2019,10,Sugarcane,UP,Year-round,154.6,18.7,0.862,0.0,283.94
2019,10,Sugarcane,Maharashtra,Year-round,155.6,20.0,0.849,0.0,286.52
2019,10,Sugarcane,Karnataka,Year-round,165.6,23.0,0.901,0.0,281.41
2019,10,Sugarcane,Andhra Pradesh,Year-round,172.0,20.1,0.822,0.0,283.36
2019,10,Sugarcane,Madhya Pradesh,Year-round,217.8,18.3,0.876,0.0,291.66
2019,10,Sugarcane,Rajasthan,Year-round,160.7,23.8,0.857,0.0,261.34
2019,10,Sugarcane,Gujarat,Year-round,201.2,19.7,0.865,0.0,285.24
2019,10,Sugarcane,Bihar,Year-round,134.4,19.4,0.874,0.0,277.77
2019,10,Sugarcane,West Bengal,Year-round,194.4,20.1,0.881,0.0,255.55
2019,10,Sugarcane,Tamil Nadu,Year-round,180.6,20.3,0.894,0.0,249.91
2019,10,Chilli,Punjab,Kharif,66.2,31.3,0.97,0.0,7805.2
2019,10,Chilli,Haryana,Kharif,102.3,32.3,1.023,0.0,8316.95
2019,10,Chilli,UP,Kharif,53.4,32.0,0.995,0.0,7355.64
2019,10,Chilli,Maharashtra,Kharif,52.4,29.6,0.988,0.0,7385.44
2019,10,Chilli,Karnataka,Kharif,62.1,30.2,0.964,0.0,7971.2
2019,10,Chilli,Andhra Pradesh,Kharif,78.8,35.9,1.019,0.0,7909.67
2019,10,Chilli,Madhya Pradesh,Kharif,54.3,34.9,0.994,0.0,7611.53
2019,10,Chilli,Rajasthan,Kharif,31.6,33.8,0.954,0.0,8002.38
2019,10,Chilli,Gujarat,Kharif,66.5,32.9,0.958,0.0,7305.51
2019,10,Chilli,Bihar,Kharif,85.2,32.5,0.95,0.0,7637.94
2019,10,Chilli,West Bengal,Kharif,33.1,33.2,0.952,0.0,7487.74
2019,10,Chilli,Tamil Nadu,Kharif,71.7,31.2,0.987,0.0,7227.03
2019,10,Gram,Punjab,Rabi,109.1,30.4,1.012,0.0,5539.57
2019,10,Gram,Haryana,Rabi,172.1,31.2,0.964,0.0,4885.94
2019,10,Gram,UP,Rabi,138.6,28.8,0.955,0.0,5185.06
2019,10,Gram,Maharashtra,Rabi,130.2,28.5,0.989,0.0,5570.39
2019,10,Gram,Karnataka,Rabi,101.2,32.5,1.008,0.0,4918.98
2019,10,Gram,Andhra Pradesh,Rabi,134.8,27.5,1.016,0.0,5305.09
2019,10,Gram,Madhya Pradesh,Rabi,144.1,27.6,1.015,0.0,4894.34
2019,10,Gram,Rajasthan,Rabi,154.0,27.5,0.967,0.0,5383.05
2019,10,Gram,Gujarat,Rabi,150.9,28.4,1.017,0.0,5298.06
2019,10,Gram,Bihar,Rabi,141.4,30.7,0.974,0.0,5524.71
2019,10,Gram,West Bengal,Rabi,125.6,30.6,0.995,0.0,5168.26
2019,10,Gram,Tamil Nadu,Rabi,101.9,32.0,0.993,0.0,5125.94
2019,10,Mustard,Punjab,Rabi,152.1,21.3,0.946,0.0,5033.95
2019,10,Mustard,Haryana,Rabi,162.5,19.6,0.947,0.0,4722.05
2019,10,Mustard,UP,Rabi,125.8,19.6,0.914,0.0,4813.88
2019,10,Mustard,Maharashtra,Rabi,143.0,21.0,0.961,0.0,5273.87
2019,10,Mustard,Karnataka,Rabi,158.3,14.8,0.932,0.0,5122.43
2019,10,Mustard,Andhra Pradesh,Rabi,183.2,12.5,0.893,0.0,5096.04
2019,10,Mustard,Madhya Pradesh,Rabi,135.9,19.8,0.947,0.0,5300.24
2019,10,Mustard,Rajasthan,Rabi,154.6,20.6,0.889,0.0,5396.92
2019,10,Mustard,Gujarat,Rabi,146.0,18.1,0.914,0.0,5062.53
2019,10,Mustard,Bihar,Rabi,153.3,22.4,0.892,0.0,4953.31
2019,10,Mustard,West Bengal,Rabi,133.9,19.7,0.933,0.0,4859.66
2019,10,Mustard,Tamil Nadu,Rabi,163.3,19.9,0.961,0.0,5100.77
2019,11,Wheat,Punjab,Rabi,103.5,24.4,1.1,0.0,2504.83
2019,11,Wheat,Haryana,Rabi,91.9,26.2,1.137,0.0,2517.38
2019,11,Wheat,UP,Rabi,110.0,24.4,1.094,0.0,2501.45
2019,11,Wheat,Maharashtra,Rabi,83.3,26.0,1.081,0.0,2344.91
2019,11,Wheat,Karnataka,Rabi,112.0,25.2,1.098,0.0,2654.5
2019,11,Wheat,Andhra Pradesh,Rabi,98.8,23.4,1.091,0.0,2549.3
2019,11,Wheat,Madhya Pradesh,Rabi,138.4,23.4,1.117,0.0,2402.9
2019,11,Wheat,Rajasthan,Rabi,79.7,24.5,1.134,0.0,2469.47
2019,11,Wheat,Gujarat,Rabi,103.0,26.3,1.096,0.0,2335.36
2019,11,Wheat,Bihar,Rabi,100.2,25.4,1.126,0.0,2364.13
2019,11,Wheat,West Bengal,Rabi,132.2,25.0,1.086,0.0,2347.55
2019,11,Wheat,Tamil Nadu,Rabi,84.2,20.7,1.169,0.0,2529.77
2019,11,Rice,Punjab,Kharif,109.8,30.4,0.915,0.0,1840.42
2019,11,Rice,Haryana,Kharif,89.3,30.0,0.886,0.0,1856.88
2019,11,Rice,UP,Kharif,101.5,29.4,0.907,0.0,1847.62
2019,11,Rice,Maharashtra,Kharif,154.0,29.1,0.832,0.0,1819.82
2019,11,Rice,Karnataka,Kharif,96.6,31.0,0.861,0.0,2110.92
2019,11,Rice,Andhra Pradesh,Kharif,120.1,34.4,0.913,0.0,1827.93
2019,11,Rice,Madhya Pradesh,Kharif,103.5,36.1,0.891,0.0,1884.38
2019,11,Rice,Rajasthan,Kharif,123.2,29.2,0.894,0.0,1828.44
2019,11,Rice,Gujarat,Kharif,106.5,31.2,0.905,0.0,1866.51
2019,11,Rice,Bihar,Kharif,91.0,31.0,0.85,0.0,2103.17
2019,11,Rice,West Bengal,Kharif,151.7,27.9,0.876,0.0,1822.71
2019,11,Rice,Tamil Nadu,Kharif,166.6,28.7,0.872,0.0,2103.75
2019,11,Maize,Punjab,Kharif,44.9,27.9,0.986,0.0,2523.65
2019,11,Maize,Haryana,Kharif,48.0,29.5,1.034,0.0,2374.22
2019,11,Maize,UP,Kharif,37.1,29.1,1.007,0.0,2525.59
2019,11,Maize,Maharashtra,Kharif,45.3,30.8,0.985,0.0,2340.04
2019,11,Maize,Karnataka,Kharif,52.8,33.9,0.956,0.0,2309.62
2019,11,Maize,Andhra Pradesh,Kharif,45.5,30.7,0.947,0.0,2508.67
2019,11,Maize,Madhya Pradesh,Kharif,78.9,23.6,0.995,0.0,2396.74
2019,11,Maize,Rajasthan,Kharif,63.8,26.0,1.035,0.0,2202.51
2019,11,Maize,Gujarat,Kharif,44.8,26.2,0.947,0.0,2380.51
2019,11,Maize,Bihar,Kharif,74.0,27.3,1.001,0.0,2536.94
2019,11,Maize,West Bengal,Kharif,16.6,28.8,0.965,0.0,2178.17
2019,11,Maize,Tamil Nadu,Kharif,77.4,26.3,0.944,0.0,2192.09
2019,11,Potato,Punjab,Rabi,166.1,29.2,1.017,0.0,813.97
2019,11,Potato,Haryana,Rabi,123.7,35.1,0.966,0.0,788.95
2019,11,Potato,UP,Rabi,151.6,34.0,0.976,0.0,799.39
2019,11,Potato,Maharashtra,Rabi,135.0,32.6,0.99,0.0,806.13
2019,11,Potato,Karnataka,Rabi,134.8,26.4,0.959,0.0,817.53
2019,11,Potato,Andhra Pradesh,Rabi,174.5,28.8,0.987,0.0,778.95
2019,11,Potato,Madhya Pradesh,Rabi,125.3,31.0,0.943,0.0,803.66
2019,11,Potato,Rajasthan,Rabi,149.6,31.8,0.945,0.0,768.62
2019,11,Potato,Gujarat,Rabi,159.5,29.6,0.93,0.0,802.78
2019,11,Potato,Bihar,Rabi,125.6,33.8,0.992,0.0,783.42
2019,11,Potato,West Bengal,Rabi,168.5,28.8,0.934,0.0,839.77
2019,11,Potato,Tamil Nadu,Rabi,119.8,30.5,0.981,0.0,836.97
2019,11,Tomato,Punjab,Year-round,27.1,35.9,0.906,0.0,1071.53
2019,11,Tomato,Haryana,Year-round,75.2,37.3,0.928,0.0,1074.38
2019,11,Tomato,UP,Year-round,81.0,36.4,0.908,0.0,1065.73
2019,11,Tomato,Maharashtra,Year-round,82.7,36.1,0.903,0.0,1094.29
2019,11,Tomato,Karnataka,Year-round,82.1,36.0,0.909,0.0,1031.42
2019,11,Tomato,Andhra Pradesh,Year-round,2.9,37.4,0.927,0.0,1126.08
2019,11,Tomato,Madhya Pradesh,Year-round,59.1,35.9,0.903,0.0,1148.64
2019,11,Tomato,Rajasthan,Year-round,43.0,37.7,0.921,0.0,1106.95
2019,11,Tomato,Gujarat,Year-round,38.9,37.6,0.91,0.0,1153.09
2019,11,Tomato,Bihar,Year-round,62.5,37.7,0.948,0.0,1064.47
2019,11,Tomato,West Bengal,Year-round,64.2,38.7,0.898,0.0,1181.57
2019,11,Tomato,Tamil Nadu,Year-round,68.9,36.6,0.923,0.0,1049.1
2019,11,Onion,Punjab,Rabi,69.2,25.2,1.009,0.0,1903.28
2019,11,Onion,Haryana,Rabi,21.6,23.0,1.034,0.0,1752.85
2019,11,Onion,UP,Rabi,46.9,25.2,1.018,0.0,1979.9
2019,11,Onion,Maharashtra,Rabi,2.7,22.9,0.988,0.0,1848.98
2019,11,Onion,Karnataka,Rabi,41.5,22.7,1.055,0.0,1904.94
2019,11,Onion,Andhra Pradesh,Rabi,62.1,21.9,1.03,0.0,2011.52
2019,11,Onion,Madhya Pradesh,Rabi,0.6,23.4,1.035,0.0,1916.86
2019,11,Onion,Rajasthan,Rabi,39.5,25.4,1.051,0.0,1886.22
2019,11,Onion,Gujarat,Rabi,27.5,27.4,1.075,0.0,1761.48
2019,11,Onion,Bihar,Rabi,25.3,23.0,1.038,0.0,2003.77
2019,11,Onion,West Bengal,Rabi,33.3,21.4,1.056,0.0,1771.91
2019,11,Onion,Tamil Nadu,Rabi,47.7,26.2,1.023,0.0,2002.8
2019,11,Soybean,Punjab,Kharif,234.6,30.8,0.997,0.0,4208.11
2019,11,Soybean,Haryana,Kharif,191.8,28.0,0.983,0.0,4801.0
2019,11,Soybean,UP,Kharif,210.0,32.3,0.945,0.0,4807.7
2019,11,Soybean,Maharashtra,Kharif,175.3,27.7,0.957,0.0,4605.94
2019,11,Soybean,Karnataka,Kharif,187.0,29.5,0.95,0.0,4283.73
2019,11,Soybean,Andhra Pradesh,Kharif,216.4,32.2,1.021,0.0,4478.5
2019,11,Soybean,Madhya Pradesh,Kharif,182.9,30.4,0.942,0.0,4471.0
2019,11,Soybean,Rajasthan,Kharif,221.5,34.3,1.013,0.0,4653.5
2019,11,Soybean,Gujarat,Kharif,203.5,30.5,0.974,0.0,4472.74
2019,11,Soybean,Bihar,Kharif,207.6,29.3,0.958,0.0,4590.36
2019,11,Soybean,West Bengal,Kharif,202.0,26.0,0.969,0.0,4604.87
2019,11,Soybean,Tamil Nadu,Kharif,187.9,31.0,0.977,0.0,4344.31
2019,11,Cotton,Punjab,Kharif,96.1,26.4,1.054,0.0,6077.27
2019,11,Cotton,Haryana,Kharif,78.8,29.0,1.042,0.0,6749.58
2019,11,Cotton,UP,Kharif,110.3,26.1,1.028,0.0,6041.92
2019,11,Cotton,Maharashtra,Kharif,101.6,22.2,1.047,0.0,6375.05
2019,11,Cotton,Karnataka,Kharif,108.0,23.5,1.034,0.0,6911.0
2019,11,Cotton,Andhra Pradesh,Kharif,119.7,30.5,1.036,0.0,6923.39
2019,11,Cotton,Madhya Pradesh,Kharif,130.8,26.1,1.026,0.0,6784.02
2019,11,Cotton,Rajasthan,Kharif,99.6,26.6,1.008,0.0,6099.64
2019,11,Cotton,Gujarat,Kharif,77.5,26.0,1.037,0.0,6321.53
2019,11,Cotton,Bihar,Kharif,67.7,28.4,1.047,0.0,6978.87
2019,11,Cotton,West Bengal,Kharif,99.1,27.5,1.013,0.0,6360.93
2019,11,Cotton,Tamil Nadu,Kharif,85.5,24.0,1.054,0.0,6053.19
2019,11,Sugarcane,Punjab,Year-round,155.7,29.2,0.865,0.0,254.69
2019,11,Sugarcane,Haryana,Year-round,168.0,28.3,0.897,0.0,274.56
2019,11,Sugarcane,UP,Year-round,151.4,26.4,0.817,0.0,258.6
2019,11,Sugarcane,Maharashtra,Year-round,170.6,29.1,0.896,0.0,269.6
2019,11,Sugarcane,Karnataka,Year-round,154.5,27.5,0.869,0.0,244.88
2019,11,Sugarcane,Andhra Pradesh,Year-round,173.5,26.9,0.857,0.0,243.04
2019,11,Sugarcane,Madhya Pradesh,Year-round,190.1,29.7,0.843,0.0,260.94
2019,11,Sugarcane,Rajasthan,Year-round,154.3,29.6,0.828,0.0,263.53
2019,11,Sugarcane,Gujarat,Year-round,151.4,30.3,0.84,0.0,253.79
2019,11,Sugarcane,Bihar,Year-round,152.1,28.4,0.87,0.0,272.54
2019,11,Sugarcane,West Bengal,Year-round,171.8,31.7,0.874,0.0,239.91
2019,11,Sugarcane,Tamil Nadu,Year-round,153.3,27.0,0.826,0.0,261.98
2019,11,Chilli,Punjab,Kharif,38.4,25.7,1.012,0.0,8752.47
2019,11,Chilli,Haryana,Kharif,62.4,28.2,1.065,0.0,8886.85
2019,11,Chilli,UP,Kharif,19.0,27.9,1.108,0.0,9053.84
2019,11,Chilli,Maharashtra,Kharif,88.4,32.6,1.033,0.0,8424.84
2019,11,Chilli,Karnataka,Kharif,87.6,29.9,1.01,0.0,9015.01
2019,11,Chilli,Andhra Pradesh,Kharif,52.0,26.9,1.037,0.0,9756.13
2019,11,Chilli,Madhya Pradesh,Kharif,47.4,27.5,1.021,0.0,8444.44
2019,11,Chilli,Rajasthan,Kharif,53.0,29.4,1.012,0.0,9438.95
2019,11,Chilli,Gujarat,Kharif,32.1,27.4,1.064,0.0,8714.75
2019,11,Chilli,Bihar,Kharif,23.0,29.9,1.05,0.0,8759.11
2019,11,Chilli,West Bengal,Kharif,54.5,31.6,1.101,0.0,8990.15
2019,11,Chilli,Tamil Nadu,Kharif,76.0,24.3,1.02,0.0,9766.69
2019,11,Gram,Punjab,Rabi,86.0,23.3,0.918,0.0,5570.57
2019,11,Gram,Haryana,Rabi,98.6,21.3,0.941,0.0,5352.35
2019,11,Gram,UP,Rabi,89.8,21.4,0.877,0.0,5503.71
2019,11,Gram,Maharashtra,Rabi,130.3,23.6,0.938,0.0,4984.08
2019,11,Gram,Karnataka,Rabi,83.2,16.0,0.904,0.0,5228.04
2019,11,Gram,Andhra Pradesh,Rabi,101.8,20.8,0.871,0.0,5172.34
2019,11,Gram,Madhya Pradesh,Rabi,97.6,20.3,0.899,0.0,5143.62
2019,11,Gram,Rajasthan,Rabi,82.8,26.0,0.926,0.0,4979.59
2019,11,Gram,Gujarat,Rabi,142.1,20.6,0.871,0.0,5306.99
2019,11,Gram,Bihar,Rabi,107.3,23.4,0.876,0.0,5367.67
2019,11,Gram,West Bengal,Rabi,107.3,20.4,0.895,0.0,5683.67
2019,11,Gram,Tamil Nadu,Rabi,78.6,21.4,0.939,0.0,5318.32
2019,11,Mustard,Punjab,Rabi,38.1,25.6,1.147,0.0,5703.13
2019,11,Mustard,Haryana,Rabi,57.6,23.9,1.138,0.0,5589.14
2019,11,Mustard,UP,Rabi,63.0,28.3,1.104,0.0,5118.41
2019,11,Mustard,Maharashtra,Rabi,92.5,20.9,1.055,0.0,5857.36
2019,11,Mustard,Karnataka,Rabi,88.0,23.4,1.063,0.0,5081.49
2019,11,Mustard,Andhra Pradesh,Rabi,107.5,23.6,1.128,0.0,5179.91
2019,11,Mustard,Madhya Pradesh,Rabi,85.3,24.8,1.145,0.0,5237.05
2019,11,Mustard,Rajasthan,Rabi,80.0,24.9,1.134,0.0,5761.84
2019,11,Mustard,Gujarat,Rabi,47.6,24.0,1.063,0.0,5606.54
2019,11,Mustard,Bihar,Rabi,36.1,27.9,1.102,0.0,5529.72
2019,11,Mustard,West Bengal,Rabi,87.3,26.2,1.068,0.0,5400.53
2019,11,Mustard,Tamil Nadu,Rabi,79.0,23.7,1.13,0.0,5416.34
2019,12,Wheat,Punjab,Rabi,133.0,13.6,1.079,0.0,2647.27
2019,12,Wheat,Haryana,Rabi,106.4,14.1,1.077,0.0,2440.19
2019,12,Wheat,UP,Rabi,105.6,12.8,1.093,0.0,2621.4
2019,12,Wheat,Maharashtra,Rabi,131.9,12.2,1.172,0.0,2437.75
2019,12,Wheat,Karnataka,Rabi,89.5,12.7,1.165,0.0,2692.47
2019,12,Wheat,Andhra Pradesh,Rabi,132.1,14.6,1.085,0.0,2743.24
2019,12,Wheat,Madhya Pradesh,Rabi,92.9,14.0,1.111,0.0,2512.87
2019,12,Wheat,Rajasthan,Rabi,108.9,15.5,1.151,0.0,2753.58
2019,12,Wheat,Gujarat,Rabi,89.9,14.0,1.093,0.0,2777.45
2019,12,Wheat,Bihar,Rabi,106.8,11.4,1.086,0.0,2556.65
2019,12,Wheat,West Bengal,Rabi,132.9,14.9,1.073,0.0,2615.87
2019,12,Wheat,Tamil Nadu,Rabi,74.7,14.6,1.147,0.0,2812.84
2019,12,Rice,Punjab,Kharif,151.4,26.4,0.927,0.0,2052.19
2019,12,Rice,Haryana,Kharif,154.3,25.2,0.948,0.0,1981.7
2019,12,Rice,UP,Kharif,125.9,22.3,0.908,0.0,2091.87
2019,12,Rice,Maharashtra,Kharif,157.2,20.2,0.944,0.0,2099.81
2019,12,Rice,Karnataka,Kharif,128.8,24.7,0.881,0.0,1948.86
2019,12,Rice,Andhra Pradesh,Kharif,148.8,22.3,0.949,0.0,2089.64
2019,12,Rice,Madhya Pradesh,Kharif,145.8,26.9,0.88,0.0,1946.62
2019,12,Rice,Rajasthan,Kharif,173.9,24.5,0.907,0.0,2061.91
2019,12,Rice,Gujarat,Kharif,152.1,20.1,0.921,0.0,1943.38
2019,12,Rice,Bihar,Kharif,154.2,22.6,0.901,0.0,2037.72
2019,12,Rice,West Bengal,Kharif,119.8,27.1,0.909,0.0,1979.4
2019,12,Rice,Tamil Nadu,Kharif,172.6,24.3,0.893,0.0,2069.96
2019,12,Maize,Punjab,Kharif,170.4,13.6,0.961,0.0,1851.95
2019,12,Maize,Haryana,Kharif,172.2,16.2,0.952,0.0,2015.05
2019,12,Maize,UP,Kharif,193.7,14.2,0.905,0.0,2114.17
2019,12,Maize,Maharashtra,Kharif,216.8,11.1,0.974,0.0,1867.42
2019,12,Maize,Karnataka,Kharif,165.3,13.8,0.973,0.0,2118.0
2019,12,Maize,Andhra Pradesh,Kharif,175.1,11.2,0.967,0.0,1997.34
2019,12,Maize,Madhya Pradesh,Kharif,136.8,14.0,0.989,0.0,2049.53
2019,12,Maize,Rajasthan,Kharif,143.8,12.7,0.966,0.0,2015.88
2019,12,Maize,Gujarat,Kharif,177.9,11.4,0.924,0.0,1883.49
2019,12,Maize,Bihar,Kharif,182.2,12.4,0.924,0.0,2005.05
2019,12,Maize,West Bengal,Kharif,168.3,15.0,0.97,0.0,1807.44
2019,12,Maize,Tamil Nadu,Kharif,174.0,14.6,0.961,0.0,1998.66
2019,12,Potato,Punjab,Rabi,133.2,17.9,0.925,0.0,740.14
2019,12,Potato,Haryana,Rabi,109.2,16.3,0.913,0.0,844.88
2019,12,Potato,UP,Rabi,125.4,13.5,0.926,0.0,792.34
2019,12,Potato,Maharashtra,Rabi,109.6,13.1,0.935,0.0,775.7
2019,12,Potato,Karnataka,Rabi,104.1,14.9,0.954,0.0,772.43
2019,12,Potato,Andhra Pradesh,Rabi,124.3,14.2,0.965,0.0,779.98
2019,12,Potato,Madhya Pradesh,Rabi,133.0,12.4,0.917,0.0,786.31
2019,12,Potato,Rajasthan,Rabi,105.1,14.0,0.977,0.0,754.74
2019,12,Potato,Gujarat,Rabi,132.0,14.5,0.927,0.0,790.56
2019,12,Potato,Bihar,Rabi,103.5,12.7,0.919,0.0,767.22
2019,12,Potato,West Bengal,Rabi,126.2,11.8,0.896,0.0,810.38
2019,12,Potato,Tamil Nadu,Rabi,127.1,14.9,0.925,0.0,749.1
2019,12,Tomato,Punjab,Year-round,72.4,11.0,0.891,0.0,1139.21
2019,12,Tomato,Haryana,Year-round,35.1,12.8,0.884,0.0,1094.73
2019,12,Tomato,UP,Year-round,66.8,12.2,0.866,0.0,1134.42
2019,12,Tomato,Maharashtra,Year-round,85.6,7.5,0.89,0.0,1163.18
2019,12,Tomato,Karnataka,Year-round,85.8,16.6,0.875,0.0,1028.11
2019,12,Tomato,Andhra Pradesh,Year-round,79.7,14.2,0.866,0.0,1085.16
2019,12,Tomato,Madhya Pradesh,Year-round,90.8,12.9,0.914,0.0,1101.98
2019,12,Tomato,Rajasthan,Year-round,91.6,14.0,0.859,0.0,1032.8
2019,12,Tomato,Gujarat,Year-round,96.2,9.2,0.877,0.0,1078.14
2019,12,Tomato,Bihar,Year-round,93.0,11.1,0.88,0.0,1109.48
2019,12,Tomato,West Bengal,Year-round,97.1,12.6,0.865,0.0,1177.75
2019,12,Tomato,Tamil Nadu,Year-round,47.2,14.5,0.912,0.0,1038.19
2019,12,Onion,Punjab,Rabi,41.3,14.5,1.022,0.0,1828.51
2019,12,Onion,Haryana,Rabi,96.4,13.9,1.11,0.0,1777.63
2019,12,Onion,UP,Rabi,88.5,17.4,1.093,0.0,1808.51
2019,12,Onion,Maharashtra,Rabi,90.0,16.0,1.109,0.0,1700.33
2019,12,Onion,Karnataka,Rabi,74.0,17.5,1.108,0.0,1860.04
2019,12,Onion,Andhra Pradesh,Rabi,96.0,15.3,1.042,0.0,1909.87
2019,12,Onion,Madhya Pradesh,Rabi,67.9,16.4,1.055,0.0,1691.39
2019,12,Onion,Rajasthan,Rabi,13.4,19.8,1.048,0.0,1801.84
2019,12,Onion,Gujarat,Rabi,47.4,20.5,1.051,0.0,1688.13
2019,12,Onion,Bihar,Rabi,90.8,18.2,1.072,0.0,1932.85
2019,12,Onion,West Bengal,Rabi,58.9,18.7,1.066,0.0,1717.86
2019,12,Onion,Tamil Nadu,Rabi,75.7,17.6,1.116,0.0,1698.6
2019,12,Soybean,Punjab,Kharif,111.8,20.7,1.139,0.0,5399.1
2019,12,Soybean,Haryana,Kharif,145.2,17.4,1.126,0.0,5446.76
2019,12,Soybean,UP,Kharif,113.0,15.1,1.142,0.0,5506.25
2019,12,Soybean,Maharashtra,Kharif,158.5,16.8,1.127,0.0,5679.61
2019,12,Soybean,Karnataka,Kharif,118.8,20.1,1.058,0.0,5065.0
2019,12,Soybean,Andhra Pradesh,Kharif,120.7,14.2,1.042,0.0,5299.05
2019,12,Soybean,Madhya Pradesh,Kharif,109.9,18.2,1.062,0.0,5160.43
2019,12,Soybean,Rajasthan,Kharif,147.6,17.9,1.085,0.0,5417.93
2019,12,Soybean,Gujarat,Kharif,98.1,18.3,1.053,0.0,5711.82
2019,12,Soybean,Bihar,Kharif,145.1,16.5,1.1,0.0,5403.67
2019,12,Soybean,West Bengal,Kharif,105.6,16.5,1.099,0.0,5360.96
2019,12,Soybean,Tamil Nadu,Kharif,89.9,17.9,1.109,0.0,5391.79
2019,12,Cotton,Punjab,Kharif,106.2,15.2,0.911,0.0,6573.89
2019,12,Cotton,Haryana,Kharif,120.5,18.2,0.969,0.0,6951.21
2019,12,Cotton,UP,Kharif,124.6,16.5,0.993,0.0,6568.38
2019,12,Cotton,Maharashtra,Kharif,104.8,18.2,0.954,0.0,6474.42
2019,12,Cotton,Karnataka,Kharif,103.3,13.5,0.939,0.0,6428.26
2019,12,Cotton,Andhra Pradesh,Kharif,80.3,16.5,0.907,0.0,6422.04
2019,12,Cotton,Madhya Pradesh,Kharif,132.4,17.6,0.917,0.0,6760.76
2019,12,Cotton,Rajasthan,Kharif,85.6,15.3,0.904,0.0,6549.83
2019,12,Cotton,Gujarat,Kharif,88.0,16.1,0.996,0.0,6092.42
2019,12,Cotton,Bihar,Kharif,96.6,16.1,0.958,0.0,6277.15
2019,12,Cotton,West Bengal,Kharif,95.8,13.6,0.905,0.0,6023.73
2019,12,Cotton,Tamil Nadu,Kharif,70.5,15.6,0.922,0.0,6621.2
2019,12,Sugarcane,Punjab,Year-round,86.0,16.5,1.037,0.0,336.66
2019,12,Sugarcane,Haryana,Year-round,70.0,20.8,1.065,0.0,298.78
2019,12,Sugarcane,UP,Year-round,55.5,20.3,1.066,0.0,300.13
2019,12,Sugarcane,Maharashtra,Year-round,97.5,16.0,1.07,0.0,309.73
2019,12,Sugarcane,Karnataka,Year-round,98.2,11.8,0.999,0.0,305.79
2019,12,Sugarcane,Andhra Pradesh,Year-round,66.5,15.4,1.014,0.0,293.7
2019,12,Sugarcane,Madhya Pradesh,Year-round,88.6,18.6,0.977,0.0,301.64
2019,12,Sugarcane,Rajasthan,Year-round,88.2,17.5,0.969,0.0,326.04
2019,12,Sugarcane,Gujarat,Year-round,99.6,18.8,0.978,0.0,305.55
2019,12,Sugarcane,Bihar,Year-round,67.8,16.1,1.051,0.0,319.1
2019,12,Sugarcane,West Bengal,Year-round,95.2,17.1,0.987,0.0,299.8
2019,12,Sugarcane,Tamil Nadu,Year-round,81.2,17.5,0.986,0.0,342.74
2019,12,Chilli,Punjab,Kharif,106.3,10.9,1.117,0.0,8542.13
2019,12,Chilli,Haryana,Kharif,117.1,12.4,1.163,0.0,8588.67
2019,12,Chilli,UP,Kharif,89.2,12.2,1.181,0.0,8782.26
2019,12,Chilli,Maharashtra,Kharif,67.6,10.0,1.133,0.0,8974.72
2019,12,Chilli,Karnataka,Kharif,89.9,9.8,1.174,0.0,9097.85
2019,12,Chilli,Andhra Pradesh,Kharif,105.4,11.0,1.087,0.0,9304.23
2019,12,Chilli,Madhya Pradesh,Kharif,95.0,13.5,1.122,0.0,9126.26
2019,12,Chilli,Rajasthan,Kharif,89.3,12.6,1.185,0.0,8517.37
2019,12,Chilli,Gujarat,Kharif,111.5,11.7,1.16,0.0,9167.94
2019,12,Chilli,Bihar,Kharif,119.1,10.7,1.127,0.0,8896.2
2019,12,Chilli,West Bengal,Kharif,95.9,9.1,1.132,0.0,8881.82
2019,12,Chilli,Tamil Nadu,Kharif,81.4,10.9,1.152,0.0,8907.14
2019,12,Gram,Punjab,Rabi,110.4,17.5,0.985,0.0,5690.54
2019,12,Gram,Haryana,Rabi,124.6,16.4,1.032,0.0,5551.01
2019,12,Gram,UP,Rabi,125.5,19.3,0.98,0.0,5263.5
2019,12,Gram,Maharashtra,Rabi,162.5,16.7,1.034,0.0,5255.98
2019,12,Gram,Karnataka,Rabi,105.8,13.5,1.033,0.0,5400.67
2019,12,Gram,Andhra Pradesh,Rabi,185.9,18.6,1.03,0.0,5890.2
2019,12,Gram,Madhya Pradesh,Rabi,161.0,17.9,1.02,0.0,5208.95
2019,12,Gram,Rajasthan,Rabi,102.1,19.1,0.998,0.0,5691.27
2019,12,Gram,Gujarat,Rabi,177.6,17.0,1.032,0.0,5793.05
2019,12,Gram,Bihar,Rabi,100.2,15.9,1.014,0.0,5340.22
2019,12,Gram,West Bengal,Rabi,162.0,18.9,0.987,0.0,5426.3
2019,12,Gram,Tamil Nadu,Rabi,168.6,18.3,0.948,0.0,6024.25
2019,12,Mustard,Punjab,Rabi,26.6,11.9,1.089,0.0,6495.37
2019,12,Mustard,Haryana,Rabi,104.0,11.5,1.067,0.0,6622.91
2019,12,Mustard,UP,Rabi,26.2,12.2,1.031,0.0,6650.0
2019,12,Mustard,Maharashtra,Rabi,17.6,9.8,1.013,0.0,6355.81
2019,12,Mustard,Karnataka,Rabi,46.6,12.1,1.047,0.0,6540.24
2019,12,Mustard,Andhra Pradesh,Rabi,22.6,15.7,1.051,0.0,6043.98
2019,12,Mustard,Madhya Pradesh,Rabi,49.7,12.5,1.096,0.0,6356.8
2019,12,Mustard,Rajasthan,Rabi,49.7,13.1,1.056,0.0,6252.21
2019,12,Mustard,Gujarat,Rabi,94.4,14.3,1.022,0.0,6373.99
2019,12,Mustard,Bihar,Rabi,58.9,11.1,1.026,0.0,6068.7
2019,12,Mustard,West Bengal,Rabi,41.8,12.5,1.078,0.0,5874.42
2019,12,Mustard,Tamil Nadu,Rabi,49.3,14.2,1.067,0.0,6353.32
2020,1,Wheat,Punjab,Rabi,194.5,11.0,0.895,5.5,2110.61
2020,1,Wheat,Haryana,Rabi,205.9,13.6,0.959,5.5,2048.06
2020,1,Wheat,UP,Rabi,207.7,10.7,0.956,5.5,2253.29
2020,1,Wheat,Maharashtra,Rabi,134.7,11.2,0.895,5.5,2338.2
2020,1,Wheat,Karnataka,Rabi,157.6,16.1,0.877,5.5,2223.06
2020,1,Wheat,Andhra Pradesh,Rabi,144.8,14.5,0.932,5.5,2300.95
2020,1,Wheat,Madhya Pradesh,Rabi,195.8,13.2,0.952,5.5,2195.39
2020,1,Wheat,Rajasthan,Rabi,179.0,11.1,0.891,5.5,2219.96
2020,1,Wheat,Gujarat,Rabi,165.3,14.0,0.908,5.5,2181.87
2020,1,Wheat,Bihar,Rabi,130.2,10.9,0.887,5.5,2120.1
2020,1,Wheat,West Bengal,Rabi,151.1,9.4,0.906,5.5,2307.98
2020,1,Wheat,Tamil Nadu,Rabi,142.5,12.3,0.879,5.5,2392.83
2020,1,Rice,Punjab,Kharif,163.8,8.6,0.832,5.5,1884.44
2020,1,Rice,Haryana,Kharif,192.3,6.9,0.84,5.5,1766.27
2020,1,Rice,UP,Kharif,179.4,9.7,0.851,5.5,1804.72
2020,1,Rice,Maharashtra,Kharif,179.7,8.6,0.881,5.5,1792.23
2020,1,Rice,Karnataka,Kharif,199.1,9.8,0.834,5.5,1886.43
2020,1,Rice,Andhra Pradesh,Kharif,177.1,7.2,0.846,5.5,1848.96
2020,1,Rice,Madhya Pradesh,Kharif,199.5,8.4,0.834,5.5,1896.38
2020,1,Rice,Rajasthan,Kharif,202.3,7.1,0.852,5.5,2021.91
2020,1,Rice,Gujarat,Kharif,179.1,10.2,0.88,5.5,1772.14
2020,1,Rice,Bihar,Kharif,177.8,1.9,0.886,5.5,1899.45
2020,1,Rice,West Bengal,Kharif,202.0,9.2,0.828,5.5,1755.51
2020,1,Rice,Tamil Nadu,Kharif,177.7,12.0,0.858,5.5,1771.41
2020,1,Maize,Punjab,Kharif,125.8,14.7,1.099,5.5,2376.98
2020,1,Maize,Haryana,Kharif,149.8,13.8,1.03,5.5,2607.66
2020,1,Maize,UP,Kharif,112.3,12.1,1.116,5.5,2323.43
2020,1,Maize,Maharashtra,Kharif,146.8,16.7,1.088,5.5,2411.79
2020,1,Maize,Karnataka,Kharif,84.1,16.5,1.034,5.5,2416.14
2020,1,Maize,Andhra Pradesh,Kharif,113.5,16.1,1.095,5.5,2667.58
2020,1,Maize,Madhya Pradesh,Kharif,91.5,13.4,1.062,5.5,2404.97
2020,1,Maize,Rajasthan,Kharif,122.7,18.3,1.127,5.5,2437.28
2020,1,Maize,Gujarat,Kharif,174.2,14.9,1.124,5.5,2291.37
2020,1,Maize,Bihar,Kharif,143.2,15.2,1.051,5.5,2294.25
2020,1,Maize,West Bengal,Kharif,124.7,15.8,1.073,5.5,2621.48
2020,1,Maize,Tamil Nadu,Kharif,119.7,16.4,1.028,5.5,2292.56
2020,1,Potato,Punjab,Rabi,114.8,18.6,0.897,5.5,745.72
2020,1,Potato,Haryana,Rabi,98.2,17.3,0.875,5.5,779.53
2020,1,Potato,UP,Rabi,125.6,13.4,0.838,5.5,754.54
2020,1,Potato,Maharashtra,Rabi,90.0,10.9,0.845,5.5,757.18
2020,1,Potato,Karnataka,Rabi,102.5,13.7,0.854,5.5,746.99
2020,1,Potato,Andhra Pradesh,Rabi,134.8,15.7,0.887,5.5,773.56
2020,1,Potato,Madhya Pradesh,Rabi,106.8,12.8,0.898,5.5,714.67
2020,1,Potato,Rajasthan,Rabi,106.9,13.8,0.838,5.5,793.61
2020,1,Potato,Gujarat,Rabi,97.5,14.1,0.908,5.5,715.98
2020,1,Potato,Bihar,Rabi,113.6,14.0,0.892,5.5,721.05
2020,1,Potato,West Bengal,Rabi,141.7,16.5,0.881,5.5,749.54
2020,1,Potato,Tamil Nadu,Rabi,121.3,14.5,0.845,5.5,743.29
2020,1,Tomato,Punjab,Year-round,107.5,20.2,0.994,5.5,1286.77
2020,1,Tomato,Haryana,Year-round,124.8,17.9,0.992,5.5,1339.13
2020,1,Tomato,UP,Year-round,91.3,19.1,0.951,5.5,1203.98
2020,1,Tomato,Maharashtra,Year-round,150.7,22.6,0.943,5.5,1306.46
2020,1,Tomato,Karnataka,Year-round,87.2,18.3,0.979,5.5,1352.46
2020,1,Tomato,Andhra Pradesh,Year-round,133.9,19.3,1.011,5.5,1249.97
2020,1,Tomato,Madhya Pradesh,Year-round,127.8,17.1,0.961,5.5,1360.05
2020,1,Tomato,Rajasthan,Year-round,118.8,20.0,0.967,5.5,1338.32
2020,1,Tomato,Gujarat,Year-round,138.0,21.0,0.994,5.5,1236.25
2020,1,Tomato,Bihar,Year-round,121.5,16.7,0.978,5.5,1344.24
2020,1,Tomato,West Bengal,Year-round,157.7,21.5,0.992,5.5,1172.93
2020,1,Tomato,Tamil Nadu,Year-round,104.4,20.4,0.945,5.5,1320.45
2020,1,Onion,Punjab,Rabi,75.4,17.2,0.999,5.5,1545.2
2020,1,Onion,Haryana,Rabi,83.7,17.3,1.022,5.5,1653.52
2020,1,Onion,UP,Rabi,39.2,17.4,1.061,5.5,1464.53
2020,1,Onion,Maharashtra,Rabi,27.6,15.5,0.986,5.5,1669.56
2020,1,Onion,Karnataka,Rabi,20.4,14.0,1.018,5.5,1548.16
2020,1,Onion,Andhra Pradesh,Rabi,93.3,14.9,1.01,5.5,1503.67
2020,1,Onion,Madhya Pradesh,Rabi,32.2,12.4,1.024,5.5,1621.79
2020,1,Onion,Rajasthan,Rabi,24.6,15.7,1.003,5.5,1588.26
2020,1,Onion,Gujarat,Rabi,32.7,16.2,1.054,5.5,1482.96
2020,1,Onion,Bihar,Rabi,61.4,10.6,1.004,5.5,1584.92
2020,1,Onion,West Bengal,Rabi,20.5,12.6,1.038,5.5,1605.08
2020,1,Onion,Tamil Nadu,Rabi,54.4,17.0,1.039,5.5,1554.14
2020,1,Soybean,Punjab,Kharif,76.8,13.2,1.131,5.5,5253.94
2020,1,Soybean,Haryana,Kharif,86.8,14.5,1.179,5.5,5529.01
2020,1,Soybean,UP,Kharif,84.9,12.9,1.151,5.5,5507.85
2020,1,Soybean,Maharashtra,Kharif,78.6,14.3,1.111,5.5,5860.75
2020,1,Soybean,Karnataka,Kharif,75.8,16.0,1.143,5.5,5205.26
2020,1,Soybean,Andhra Pradesh,Kharif,87.1,9.9,1.089,5.5,5435.43
2020,1,Soybean,Madhya Pradesh,Kharif,92.6,14.2,1.134,5.5,5144.59
2020,1,Soybean,Rajasthan,Kharif,113.7,11.8,1.175,5.5,5481.63
2020,1,Soybean,Gujarat,Kharif,68.8,14.6,1.124,5.5,5696.91
2020,1,Soybean,Bihar,Kharif,109.7,11.7,1.123,5.5,5440.25
2020,1,Soybean,West Bengal,Kharif,91.8,13.1,1.111,5.5,5150.2
2020,1,Soybean,Tamil Nadu,Kharif,71.5,13.0,1.141,5.5,5564.73
2020,1,Cotton,Punjab,Kharif,148.7,9.7,0.901,5.5,6858.82
2020,1,Cotton,Haryana,Kharif,111.0,14.3,0.858,5.5,6230.79
2020,1,Cotton,UP,Kharif,113.6,14.7,0.895,5.5,6046.56
2020,1,Cotton,Maharashtra,Kharif,175.1,16.9,0.872,5.5,6865.72
2020,1,Cotton,Karnataka,Kharif,173.5,12.3,0.918,5.5,6232.41
2020,1,Cotton,Andhra Pradesh,Kharif,166.7,12.6,0.91,5.5,6860.05
2020,1,Cotton,Madhya Pradesh,Kharif,123.2,14.4,0.885,5.5,6301.2
2020,1,Cotton,Rajasthan,Kharif,127.8,16.8,0.856,5.5,6626.22
2020,1,Cotton,Gujarat,Kharif,164.6,14.7,0.86,5.5,6694.74
2020,1,Cotton,Bihar,Kharif,97.4,16.8,0.849,5.5,6391.8
2020,1,Cotton,West Bengal,Kharif,159.8,13.6,0.868,5.5,6884.54
2020,1,Cotton,Tamil Nadu,Kharif,92.5,10.1,0.88,5.5,6262.41
2020,1,Sugarcane,Punjab,Year-round,115.0,16.3,0.915,5.5,274.19
2020,1,Sugarcane,Haryana,Year-round,116.7,16.4,0.925,5.5,287.05
2020,1,Sugarcane,UP,Year-round,106.7,15.5,0.88,5.5,285.5
2020,1,Sugarcane,Maharashtra,Year-round,125.6,14.1,0.859,5.5,281.63
2020,1,Sugarcane,Karnataka,Year-round,94.8,13.7,0.877,5.5,271.85
2020,1,Sugarcane,Andhra Pradesh,Year-round,109.5,15.0,0.894,5.5,305.54
2020,1,Sugarcane,Madhya Pradesh,Year-round,118.6,13.5,0.919,5.5,287.34
2020,1,Sugarcane,Rajasthan,Year-round,126.2,18.6,0.941,5.5,301.94
2020,1,Sugarcane,Gujarat,Year-round,100.1,19.9,0.94,5.5,288.97
2020,1,Sugarcane,Bihar,Year-round,151.5,15.0,0.927,5.5,271.85
2020,1,Sugarcane,West Bengal,Year-round,108.9,13.6,0.858,5.5,295.51
2020,1,Sugarcane,Tamil Nadu,Year-round,129.3,15.1,0.932,5.5,283.67
2020,1,Chilli,Punjab,Kharif,149.8,18.7,1.155,5.5,9453.75
2020,1,Chilli,Haryana,Kharif,188.6,16.3,1.113,5.5,9566.43
2020,1,Chilli,UP,Kharif,154.7,15.0,1.15,5.5,8864.13
2020,1,Chilli,Maharashtra,Kharif,176.7,19.1,1.151,5.5,9349.46
2020,1,Chilli,Karnataka,Kharif,154.5,18.6,1.123,5.5,9591.9
2020,1,Chilli,Andhra Pradesh,Kharif,151.8,16.8,1.143,5.5,9141.48
2020,1,Chilli,Madhya Pradesh,Kharif,175.5,15.4,1.109,5.5,9217.01
2020,1,Chilli,Rajasthan,Kharif,164.8,15.7,1.086,5.5,9207.27
2020,1,Chilli,Gujarat,Kharif,194.5,17.1,1.143,5.5,9532.33
2020,1,Chilli,Bihar,Kharif,154.1,16.7,1.103,5.5,10080.83
2020,1,Chilli,West Bengal,Kharif,134.8,14.7,1.131,5.5,9059.48
2020,1,Chilli,Tamil Nadu,Kharif,184.2,15.3,1.11,5.5,9854.93
2020,1,Gram,Punjab,Rabi,143.7,19.0,1.078,5.5,5804.14
2020,1,Gram,Haryana,Rabi,106.7,16.6,1.068,5.5,6532.05
2020,1,Gram,UP,Rabi,181.6,20.3,1.114,5.5,6262.18
2020,1,Gram,Maharashtra,Rabi,139.0,18.1,1.114,5.5,6613.52
2020,1,Gram,Karnataka,Rabi,133.5,14.1,1.103,5.5,5814.45
2020,1,Gram,Andhra Pradesh,Rabi,122.2,18.4,1.04,5.5,6218.75
2020,1,Gram,Madhya Pradesh,Rabi,125.2,15.5,1.041,5.5,6444.04
2020,1,Gram,Rajasthan,Rabi,116.2,20.4,1.072,5.5,6064.35
2020,1,Gram,Gujarat,Rabi,124.2,19.9,1.082,5.5,5815.88
2020,1,Gram,Bihar,Rabi,140.3,17.1,1.079,5.5,6437.7
2020,1,Gram,West Bengal,Rabi,119.0,18.9,1.049,5.5,6142.76
2020,1,Gram,Tamil Nadu,Rabi,155.0,19.1,1.06,5.5,6521.49
2020,1,Mustard,Punjab,Rabi,128.2,16.4,1.148,5.5,6407.89
2020,1,Mustard,Haryana,Rabi,96.1,19.1,1.184,5.5,6971.25
2020,1,Mustard,UP,Rabi,105.5,16.6,1.109,5.5,6198.32
2020,1,Mustard,Maharashtra,Rabi,99.2,18.2,1.104,5.5,6162.22
2020,1,Mustard,Karnataka,Rabi,92.8,21.2,1.181,5.5,6982.8
2020,1,Mustard,Andhra Pradesh,Rabi,76.2,15.5,1.143,5.5,6522.77
2020,1,Mustard,Madhya Pradesh,Rabi,99.9,18.4,1.152,5.5,6641.27
2020,1,Mustard,Rajasthan,Rabi,104.9,15.1,1.132,5.5,6905.02
2020,1,Mustard,Gujarat,Rabi,102.0,13.8,1.129,5.5,7006.02
2020,1,Mustard,Bihar,Rabi,83.1,13.8,1.148,5.5,6645.02
2020,1,Mustard,West Bengal,Rabi,73.2,20.1,1.087,5.5,7082.99
2020,1,Mustard,Tamil Nadu,Rabi,70.6,11.2,1.088,5.5,6089.28
2020,2,Wheat,Punjab,Rabi,64.3,33.6,0.987,5.5,2439.86
2020,2,Wheat,Haryana,Rabi,43.5,34.1,1.044,5.5,2479.98
2020,2,Wheat,UP,Rabi,56.1,31.6,1.028,5.5,2322.26
2020,2,Wheat,Maharashtra,Rabi,73.5,36.7,1.061,5.5,2383.29
2020,2,Wheat,Karnataka,Rabi,130.5,29.6,1.064,5.5,2496.1
2020,2,Wheat,Andhra Pradesh,Rabi,104.7,34.7,1.011,5.5,2586.49
2020,2,Wheat,Madhya Pradesh,Rabi,65.0,32.2,1.038,5.5,2606.89
2020,2,Wheat,Rajasthan,Rabi,84.1,31.0,1.041,5.5,2393.69
2020,2,Wheat,Gujarat,Rabi,53.6,31.9,1.016,5.5,2369.59
2020,2,Wheat,Bihar,Rabi,47.7,30.8,1.013,5.5,2296.18
2020,2,Wheat,West Bengal,Rabi,51.6,32.5,1.055,5.5,2526.67
2020,2,Wheat,Tamil Nadu,Rabi,67.3,35.0,1.035,5.5,2380.06
2020,2,Rice,Punjab,Kharif,135.1,34.3,0.895,5.5,2052.39
2020,2,Rice,Haryana,Kharif,108.3,36.2,0.844,5.5,2112.56
2020,2,Rice,UP,Kharif,121.9,35.1,0.831,5.5,1966.75
2020,2,Rice,Maharashtra,Kharif,100.6,35.7,0.822,5.5,2110.16
2020,2,Rice,Karnataka,Kharif,124.3,31.4,0.882,5.5,1855.11
2020,2,Rice,Andhra Pradesh,Kharif,108.2,29.9,0.817,5.5,2104.16
2020,2,Rice,Madhya Pradesh,Kharif,117.6,32.3,0.853,5.5,1929.87
2020,2,Rice,Rajasthan,Kharif,118.9,34.3,0.831,5.5,1976.34
2020,2,Rice,Gujarat,Kharif,115.7,37.7,0.893,5.5,1983.09
2020,2,Rice,Bihar,Kharif,90.3,34.3,0.865,5.5,1939.2
2020,2,Rice,West Bengal,Kharif,111.0,32.0,0.859,5.5,1910.8
2020,2,Rice,Tamil Nadu,Kharif,126.2,37.4,0.829,5.5,1843.6
2020,2,Maize,Punjab,Kharif,172.2,27.1,0.966,5.5,2366.18
2020,2,Maize,Haryana,Kharif,200.3,28.8,1.001,5.5,2310.48
2020,2,Maize,UP,Kharif,183.2,29.3,0.962,5.5,2303.11
2020,2,Maize,Maharashtra,Kharif,203.6,25.7,0.993,5.5,2359.77
2020,2,Maize,Karnataka,Kharif,169.8,25.3,0.973,5.5,2313.6
2020,2,Maize,Andhra Pradesh,Kharif,185.1,28.0,0.97,5.5,2151.54
2020,2,Maize,Madhya Pradesh,Kharif,190.5,28.4,1.023,5.5,2491.13
2020,2,Maize,Rajasthan,Kharif,218.3,26.8,1.029,5.5,2446.66
2020,2,Maize,Gujarat,Kharif,171.7,27.4,0.997,5.5,2357.41
2020,2,Maize,Bihar,Kharif,229.7,28.5,1.008,5.5,2265.69
2020,2,Maize,West Bengal,Kharif,196.6,25.0,0.965,5.5,2445.91
2020,2,Maize,Tamil Nadu,Kharif,187.0,23.7,1.031,5.5,2158.2
2020,2,Potato,Punjab,Rabi,64.6,25.4,1.005,5.5,817.37
2020,2,Potato,Haryana,Rabi,75.9,27.3,0.977,5.5,846.64
2020,2,Potato,UP,Rabi,45.1,23.1,1.002,5.5,899.8
2020,2,Potato,Maharashtra,Rabi,50.6,22.9,1.004,5.5,866.35
2020,2,Potato,Karnataka,Rabi,62.6,25.4,0.968,5.5,799.99
2020,2,Potato,Andhra Pradesh,Rabi,87.7,25.5,1.014,5.5,887.97
2020,2,Potato,Madhya Pradesh,Rabi,92.7,26.5,0.989,5.5,825.8
2020,2,Potato,Rajasthan,Rabi,83.3,26.0,1.059,5.5,922.6
2020,2,Potato,Gujarat,Rabi,69.9,21.7,0.971,5.5,897.49
2020,2,Potato,Bihar,Rabi,61.4,27.2,0.997,5.5,851.36
2020,2,Potato,West Bengal,Rabi,53.2,23.6,1.034,5.5,879.88
2020,2,Potato,Tamil Nadu,Rabi,50.0,26.3,0.984,5.5,811.99
2020,2,Tomato,Punjab,Year-round,105.2,30.8,1.023,5.5,1143.79
2020,2,Tomato,Haryana,Year-round,83.4,25.1,0.974,5.5,1221.29
2020,2,Tomato,UP,Year-round,112.9,26.1,0.997,5.5,1149.57
2020,2,Tomato,Maharashtra,Year-round,90.3,30.0,1.001,5.5,1227.51
2020,2,Tomato,Karnataka,Year-round,114.8,29.9,0.95,5.5,1167.68
2020,2,Tomato,Andhra Pradesh,Year-round,87.9,29.7,0.991,5.5,1160.73
2020,2,Tomato,Madhya Pradesh,Year-round,119.1,25.6,0.985,5.5,1253.83
2020,2,Tomato,Rajasthan,Year-round,97.8,23.6,0.996,5.5,1230.86
2020,2,Tomato,Gujarat,Year-round,106.8,29.6,1.0,5.5,1122.75
2020,2,Tomato,Bihar,Year-round,93.9,25.8,0.983,5.5,1205.71
2020,2,Tomato,West Bengal,Year-round,83.8,27.6,0.984,5.5,1280.57
2020,2,Tomato,Tamil Nadu,Year-round,114.6,30.8,0.968,5.5,1282.7
2020,2,Onion,Punjab,Rabi,48.6,27.2,1.125,5.5,2327.73
2020,2,Onion,Haryana,Rabi,0.0,27.7,1.099,5.5,2172.82
2020,2,Onion,UP,Rabi,26.1,30.4,1.063,5.5,2116.48
2020,2,Onion,Maharashtra,Rabi,4.6,29.1,1.068,5.5,2220.8
2020,2,Onion,Karnataka,Rabi,53.3,30.6,1.089,5.5,2109.94
2020,2,Onion,Andhra Pradesh,Rabi,21.7,29.9,1.144,5.5,2303.98
2020,2,Onion,Madhya Pradesh,Rabi,23.4,28.0,1.052,5.5,2342.09
2020,2,Onion,Rajasthan,Rabi,30.5,32.4,1.124,5.5,2098.78
2020,2,Onion,Gujarat,Rabi,66.7,30.9,1.04,5.5,2315.44
2020,2,Onion,Bihar,Rabi,11.9,30.9,1.113,5.5,2160.58
2020,2,Onion,West Bengal,Rabi,30.7,30.2,1.05,5.5,2331.91
2020,2,Onion,Tamil Nadu,Rabi,20.0,30.5,1.068,5.5,2224.77
2020,2,Soybean,Punjab,Kharif,108.7,19.9,1.091,5.5,6123.79
2020,2,Soybean,Haryana,Kharif,156.9,21.0,1.132,5.5,5804.46
2020,2,Soybean,UP,Kharif,162.1,24.6,1.112,5.5,6344.13
2020,2,Soybean,Maharashtra,Kharif,104.7,22.1,1.132,5.5,5777.57
2020,2,Soybean,Karnataka,Kharif,136.6,20.5,1.1,5.5,6130.85
2020,2,Soybean,Andhra Pradesh,Kharif,133.3,26.8,1.176,5.5,5894.77
2020,2,Soybean,Madhya Pradesh,Kharif,143.7,22.8,1.16,5.5,6015.11
2020,2,Soybean,Rajasthan,Kharif,130.5,22.1,1.134,5.5,5596.25
2020,2,Soybean,Gujarat,Kharif,117.1,22.8,1.182,5.5,6150.86
2020,2,Soybean,Bihar,Kharif,161.1,23.0,1.179,5.5,5910.0
2020,2,Soybean,West Bengal,Kharif,118.8,19.4,1.112,5.5,6063.5
2020,2,Soybean,Tamil Nadu,Kharif,179.7,24.0,1.148,5.5,5740.15
2020,2,Cotton,Punjab,Kharif,179.3,28.3,1.105,5.5,7492.23
2020,2,Cotton,Haryana,Kharif,164.9,26.0,1.121,5.5,7412.37
2020,2,Cotton,UP,Kharif,135.8,28.6,1.077,5.5,7953.49
2020,2,Cotton,Maharashtra,Kharif,172.7,24.3,1.088,5.5,7940.23
2020,2,Cotton,Karnataka,Kharif,170.0,28.3,1.085,5.5,7697.11
2020,2,Cotton,Andhra Pradesh,Kharif,110.3,29.2,1.05,5.5,7014.25
2020,2,Cotton,Madhya Pradesh,Kharif,163.6,27.9,1.121,5.5,7941.51
2020,2,Cotton,Rajasthan,Kharif,137.5,26.2,1.089,5.5,7753.7
2020,2,Cotton,Gujarat,Kharif,157.6,25.2,1.043,5.5,7236.69
2020,2,Cotton,Bihar,Kharif,176.9,26.2,1.093,5.5,6989.75
2020,2,Cotton,West Bengal,Kharif,109.1,29.8,1.135,5.5,7428.66
2020,2,Cotton,Tamil Nadu,Kharif,163.0,28.5,1.121,5.5,6985.83
2020,2,Sugarcane,Punjab,Year-round,115.5,25.4,1.1,5.5,361.48
2020,2,Sugarcane,Haryana,Year-round,120.2,23.4,1.028,5.5,357.85
2020,2,Sugarcane,UP,Year-round,92.4,23.1,1.102,5.5,389.79
2020,2,Sugarcane,Maharashtra,Year-round,111.7,24.8,1.022,5.5,355.3
2020,2,Sugarcane,Karnataka,Year-round,91.4,24.9,1.025,5.5,392.75
2020,2,Sugarcane,Andhra Pradesh,Year-round,95.3,23.4,1.041,5.5,368.38
2020,2,Sugarcane,Madhya Pradesh,Year-round,87.9,26.7,1.069,5.5,409.03
2020,2,Sugarcane,Rajasthan,Year-round,126.1,22.2,1.062,5.5,360.96
2020,2,Sugarcane,Gujarat,Year-round,90.3,24.2,1.112,5.5,397.12
2020,2,Sugarcane,Bihar,Year-round,107.7,21.5,1.047,5.5,358.61
2020,2,Sugarcane,West Bengal,Year-round,79.7,17.8,1.066,5.5,371.95
2020,2,Sugarcane,Tamil Nadu,Year-round,107.7,20.7,1.03,5.5,396.85
2020,2,Chilli,Punjab,Kharif,103.9,31.5,1.085,5.5,9488.58
2020,2,Chilli,Haryana,Kharif,84.5,40.3,1.084,5.5,9218.51
2020,2,Chilli,UP,Kharif,100.2,33.4,1.038,5.5,9560.44
2020,2,Chilli,Maharashtra,Kharif,92.5,33.0,1.043,5.5,8600.96
2020,2,Chilli,Karnataka,Kharif,66.0,37.0,1.088,5.5,9220.11
2020,2,Chilli,Andhra Pradesh,Kharif,56.4,35.6,1.055,5.5,8963.79
2020,2,Chilli,Madhya Pradesh,Kharif,90.1,37.0,1.058,5.5,8551.85
2020,2,Chilli,Rajasthan,Kharif,90.5,34.7,1.116,5.5,9199.06
2020,2,Chilli,Gujarat,Kharif,91.6,35.5,1.047,5.5,9829.57
2020,2,Chilli,Bihar,Kharif,74.3,33.3,1.089,5.5,9054.93
2020,2,Chilli,West Bengal,Kharif,119.4,35.7,1.105,5.5,9207.21
2020,2,Chilli,Tamil Nadu,Kharif,100.4,34.7,1.059,5.5,9812.66
2020,2,Gram,Punjab,Rabi,101.7,26.6,0.887,5.5,4864.9
2020,2,Gram,Haryana,Rabi,115.8,30.6,0.81,5.5,5376.94
2020,2,Gram,UP,Rabi,129.9,25.5,0.886,5.5,5451.47
2020,2,Gram,Maharashtra,Rabi,132.3,26.2,0.888,5.5,4890.24
2020,2,Gram,Karnataka,Rabi,109.3,28.6,0.875,5.5,4768.22
2020,2,Gram,Andhra Pradesh,Rabi,76.8,27.7,0.886,5.5,5155.61
2020,2,Gram,Madhya Pradesh,Rabi,133.7,23.6,0.848,5.5,4986.03
2020,2,Gram,Rajasthan,Rabi,154.9,24.1,0.831,5.5,5281.75
2020,2,Gram,Gujarat,Rabi,112.2,25.1,0.822,5.5,4684.83
2020,2,Gram,Bihar,Rabi,115.4,30.3,0.852,5.5,5183.51
2020,2,Gram,West Bengal,Rabi,122.6,25.2,0.893,5.5,5377.96
2020,2,Gram,Tamil Nadu,Rabi,126.0,27.5,0.814,5.5,4876.18
2020,2,Mustard,Punjab,Rabi,54.1,28.3,1.029,5.5,6609.01
2020,2,Mustard,Haryana,Rabi,94.2,27.3,0.989,5.5,6671.3
2020,2,Mustard,UP,Rabi,56.4,26.2,1.052,5.5,6160.7
2020,2,Mustard,Maharashtra,Rabi,91.2,24.8,1.04,5.5,6786.58
2020,2,Mustard,Karnataka,Rabi,68.1,28.4,1.001,5.5,6181.26
2020,2,Mustard,Andhra Pradesh,Rabi,49.8,26.6,1.018,5.5,6657.74
2020,2,Mustard,Madhya Pradesh,Rabi,54.0,26.8,0.97,5.5,6262.16
2020,2,Mustard,Rajasthan,Rabi,46.1,28.3,0.984,5.5,6659.18
2020,2,Mustard,Gujarat,Rabi,48.4,28.7,1.043,5.5,6038.19
2020,2,Mustard,Bihar,Rabi,73.6,27.7,1.039,5.5,5953.57
2020,2,Mustard,West Bengal,Rabi,63.8,31.0,1.052,5.5,6007.69
2020,2,Mustard,Tamil Nadu,Rabi,76.6,25.7,1.013,5.5,6552.2
2020,3,Wheat,Punjab,Rabi,134.2,23.5,1.033,5.5,2580.42
2020,3,Wheat,Haryana,Rabi,147.4,24.0,1.057,5.5,2709.25
2020,3,Wheat,UP,Rabi,163.0,23.2,0.998,5.5,2548.09
2020,3,Wheat,Maharashtra,Rabi,141.7,23.1,0.993,5.5,2407.74
2020,3,Wheat,Karnataka,Rabi,160.0,28.1,1.018,5.5,2481.87
2020,3,Wheat,Andhra Pradesh,Rabi,152.6,20.2,1.02,5.5,2548.21
2020,3,Wheat,Madhya Pradesh,Rabi,114.1,21.5,1.021,5.5,2575.57
2020,3,Wheat,Rajasthan,Rabi,134.3,23.0,1.033,5.5,2486.28
2020,3,Wheat,Gujarat,Rabi,163.1,23.2,1.009,5.5,2687.58
2020,3,Wheat,Bihar,Rabi,172.8,23.7,1.056,5.5,2541.69
2020,3,Wheat,West Bengal,Rabi,178.2,23.4,1.033,5.5,2748.62
2020,3,Wheat,Tamil Nadu,Rabi,129.4,25.7,0.99,5.5,2510.68
2020,3,Rice,Punjab,Kharif,133.4,27.7,0.875,5.5,2035.44
2020,3,Rice,Haryana,Kharif,156.1,28.8,0.886,5.5,2197.83
2020,3,Rice,UP,Kharif,168.9,28.9,0.927,5.5,1972.65
2020,3,Rice,Maharashtra,Kharif,160.3,24.8,0.865,5.5,2142.02
2020,3,Rice,Karnataka,Kharif,187.8,29.4,0.928,5.5,2160.99
2020,3,Rice,Andhra Pradesh,Kharif,153.4,25.2,0.886,5.5,1997.89
2020,3,Rice,Madhya Pradesh,Kharif,180.0,28.4,0.909,5.5,2222.02
2020,3,Rice,Rajasthan,Kharif,171.0,27.6,0.881,5.5,2192.63
2020,3,Rice,Gujarat,Kharif,149.0,25.7,0.885,5.5,2116.33
2020,3,Rice,Bihar,Kharif,164.8,28.3,0.858,5.5,2022.42
2020,3,Rice,West Bengal,Kharif,173.2,28.6,0.864,5.5,2130.38
2020,3,Rice,Tamil Nadu,Kharif,174.6,31.1,0.942,5.5,2161.85
2020,3,Maize,Punjab,Kharif,5.9,24.5,0.955,5.5,2483.88
2020,3,Maize,Haryana,Kharif,40.5,22.7,0.935,5.5,2643.72
2020,3,Maize,UP,Kharif,0.0,22.8,0.954,5.5,2460.73
2020,3,Maize,Maharashtra,Kharif,21.0,24.1,0.926,5.5,2367.91
2020,3,Maize,Karnataka,Kharif,24.4,25.4,0.978,5.5,2582.25
2020,3,Maize,Andhra Pradesh,Kharif,23.9,26.4,0.982,5.5,2454.44
2020,3,Maize,Madhya Pradesh,Kharif,5.2,24.1,0.988,5.5,2404.87
2020,3,Maize,Rajasthan,Kharif,35.9,25.2,0.941,5.5,2423.18
2020,3,Maize,Gujarat,Kharif,60.8,22.8,0.948,5.5,2399.97
2020,3,Maize,Bihar,Kharif,36.2,23.3,0.935,5.5,2411.92
2020,3,Maize,West Bengal,Kharif,9.5,26.8,0.963,5.5,2403.68
2020,3,Maize,Tamil Nadu,Kharif,23.7,25.1,0.912,5.5,2543.19
2020,3,Potato,Punjab,Rabi,75.5,25.0,0.995,5.5,894.95
2020,3,Potato,Haryana,Rabi,87.5,19.0,1.017,5.5,976.31
2020,3,Potato,UP,Rabi,151.3,23.7,0.994,5.5,919.97
2020,3,Potato,Maharashtra,Rabi,92.5,27.1,0.933,5.5,859.22
2020,3,Potato,Karnataka,Rabi,81.5,24.1,0.988,5.5,958.87
2020,3,Potato,Andhra Pradesh,Rabi,120.9,23.7,0.962,5.5,972.65
2020,3,Potato,Madhya Pradesh,Rabi,65.2,27.1,1.015,5.5,931.78
2020,3,Potato,Rajasthan,Rabi,99.6,24.5,0.974,5.5,917.36
2020,3,Potato,Gujarat,Rabi,124.9,24.7,1.002,5.5,869.71
2020,3,Potato,Bihar,Rabi,77.4,26.3,1.01,5.5,959.22
2020,3,Potato,West Bengal,Rabi,91.4,24.0,1.021,5.5,974.61
2020,3,Potato,Tamil Nadu,Rabi,139.6,25.8,0.98,5.5,970.92
2020,3,Tomato,Punjab,Year-round,207.6,27.6,1.048,5.5,1251.45
2020,3,Tomato,Haryana,Year-round,199.3,29.6,1.012,5.5,1225.38
2020,3,Tomato,UP,Year-round,177.1,29.6,0.975,5.5,1225.56
2020,3,Tomato,Maharashtra,Year-round,221.1,27.4,0.993,5.5,1253.52
2020,3,Tomato,Karnataka,Year-round,213.1,28.0,1.011,5.5,1309.7
2020,3,Tomato,Andhra Pradesh,Year-round,181.6,29.5,0.983,5.5,1261.55
2020,3,Tomato,Madhya Pradesh,Year-round,217.2,27.5,1.042,5.5,1367.69
2020,3,Tomato,Rajasthan,Year-round,252.0,28.4,0.996,5.5,1268.99
2020,3,Tomato,Gujarat,Year-round,171.3,30.5,1.036,5.5,1265.09
2020,3,Tomato,Bihar,Year-round,224.0,30.2,0.99,5.5,1395.54
2020,3,Tomato,West Bengal,Year-round,188.5,28.8,1.024,5.5,1334.15
2020,3,Tomato,Tamil Nadu,Year-round,208.1,28.1,0.976,5.5,1391.32
2020,3,Onion,Punjab,Rabi,182.6,27.3,1.049,5.5,1720.0
2020,3,Onion,Haryana,Rabi,151.6,23.5,0.993,5.5,1625.58
2020,3,Onion,UP,Rabi,225.6,29.0,1.043,5.5,1800.69
2020,3,Onion,Maharashtra,Rabi,181.6,25.9,1.001,5.5,1802.73
2020,3,Onion,Karnataka,Rabi,173.2,26.0,0.993,5.5,1662.14
2020,3,Onion,Andhra Pradesh,Rabi,194.3,28.7,0.981,5.5,1650.28
2020,3,Onion,Madhya Pradesh,Rabi,177.0,28.4,0.989,5.5,1594.71
2020,3,Onion,Rajasthan,Rabi,179.8,25.2,0.974,5.5,1648.89
2020,3,Onion,Gujarat,Rabi,140.6,28.7,0.96,5.5,1726.48
2020,3,Onion,Bihar,Rabi,194.1,26.0,1.0,5.5,1591.36
2020,3,Onion,West Bengal,Rabi,210.4,27.5,0.984,5.5,1705.68
2020,3,Onion,Tamil Nadu,Rabi,135.3,28.5,1.001,5.5,1614.55
2020,3,Soybean,Punjab,Kharif,122.6,43.0,1.075,5.5,5983.26
2020,3,Soybean,Haryana,Kharif,124.0,42.0,1.045,5.5,5729.64
2020,3,Soybean,UP,Kharif,106.9,40.7,1.083,5.5,5394.82
2020,3,Soybean,Maharashtra,Kharif,132.4,36.2,1.019,5.5,5379.18
2020,3,Soybean,Karnataka,Kharif,154.7,37.2,0.995,5.5,5412.72
2020,3,Soybean,Andhra Pradesh,Kharif,170.4,40.8,1.078,5.5,5896.66
2020,3,Soybean,Madhya Pradesh,Kharif,131.8,37.4,1.029,5.5,5708.5
2020,3,Soybean,Rajasthan,Kharif,106.6,42.7,1.062,5.5,5701.49
2020,3,Soybean,Gujarat,Kharif,149.3,38.7,0.989,5.5,5801.57
2020,3,Soybean,Bihar,Kharif,111.6,38.6,1.08,5.5,5982.5
2020,3,Soybean,West Bengal,Kharif,139.3,41.1,1.015,5.5,5876.09
2020,3,Soybean,Tamil Nadu,Kharif,124.2,39.4,1.027,5.5,5657.34
2020,3,Cotton,Punjab,Kharif,102.6,27.5,1.056,5.5,7781.31
2020,3,Cotton,Haryana,Kharif,120.7,26.9,1.029,5.5,8119.46
2020,3,Cotton,UP,Kharif,125.4,27.1,1.036,5.5,7631.84
2020,3,Cotton,Maharashtra,Kharif,97.4,28.3,1.014,5.5,7803.57
2020,3,Cotton,Karnataka,Kharif,125.5,25.7,1.058,5.5,7364.88
2020,3,Cotton,Andhra Pradesh,Kharif,124.9,25.6,1.054,5.5,7625.16
2020,3,Cotton,Madhya Pradesh,Kharif,115.3,30.1,1.042,5.5,8052.11
2020,3,Cotton,Rajasthan,Kharif,89.8,24.7,1.017,5.5,7298.42
2020,3,Cotton,Gujarat,Kharif,103.9,25.8,0.995,5.5,8276.09
2020,3,Cotton,Bihar,Kharif,133.0,28.8,1.019,5.5,7886.63
2020,3,Cotton,West Bengal,Kharif,166.2,30.3,1.041,5.5,7383.0
2020,3,Cotton,Tamil Nadu,Kharif,84.8,25.2,1.063,5.5,7397.32
2020,3,Sugarcane,Punjab,Year-round,150.7,27.6,1.045,5.5,418.38
2020,3,Sugarcane,Haryana,Year-round,182.2,26.7,1.063,5.5,366.74
2020,3,Sugarcane,UP,Year-round,206.3,29.0,1.069,5.5,420.92
2020,3,Sugarcane,Maharashtra,Year-round,135.7,25.0,1.116,5.5,397.64
2020,3,Sugarcane,Karnataka,Year-round,182.1,24.2,1.022,5.5,390.05
2020,3,Sugarcane,Andhra Pradesh,Year-round,188.2,25.1,1.119,5.5,377.52
2020,3,Sugarcane,Madhya Pradesh,Year-round,188.9,25.2,1.023,5.5,375.61
2020,3,Sugarcane,Rajasthan,Year-round,172.8,26.8,1.042,5.5,410.67
2020,3,Sugarcane,Gujarat,Year-round,201.8,27.5,1.048,5.5,380.03
2020,3,Sugarcane,Bihar,Year-round,182.3,22.7,1.071,5.5,408.14
2020,3,Sugarcane,West Bengal,Year-round,172.3,25.0,1.099,5.5,366.55
2020,3,Sugarcane,Tamil Nadu,Year-round,197.8,26.6,1.126,5.5,366.37
2020,3,Chilli,Punjab,Kharif,103.2,36.4,1.008,5.5,8262.18
2020,3,Chilli,Haryana,Kharif,163.2,39.3,0.965,5.5,8139.49
2020,3,Chilli,UP,Kharif,130.7,34.8,0.941,5.5,8927.43
2020,3,Chilli,Maharashtra,Kharif,143.4,34.6,0.935,5.5,9314.46
2020,3,Chilli,Karnataka,Kharif,134.6,38.2,0.951,5.5,8714.16
2020,3,Chilli,Andhra Pradesh,Kharif,101.9,36.5,0.974,5.5,8524.07
2020,3,Chilli,Madhya Pradesh,Kharif,136.5,38.0,0.972,5.5,8512.49
2020,3,Chilli,Rajasthan,Kharif,140.8,35.4,0.96,5.5,8512.56
2020,3,Chilli,Gujarat,Kharif,118.5,36.0,0.988,5.5,8318.4
2020,3,Chilli,Bihar,Kharif,75.8,39.7,0.969,5.5,8324.3
2020,3,Chilli,West Bengal,Kharif,124.9,39.0,0.915,5.5,9226.72
2020,3,Chilli,Tamil Nadu,Kharif,150.6,41.0,0.976,5.5,8599.21
2020,3,Gram,Punjab,Rabi,160.9,22.9,0.923,5.5,5616.14
2020,3,Gram,Haryana,Rabi,125.6,24.1,0.913,5.5,5196.2
2020,3,Gram,UP,Rabi,160.9,28.1,0.902,5.5,5306.34
2020,3,Gram,Maharashtra,Rabi,127.7,20.3,0.879,5.5,5606.07
2020,3,Gram,Karnataka,Rabi,130.6,25.2,0.931,5.5,5004.01
2020,3,Gram,Andhra Pradesh,Rabi,119.9,23.1,0.943,5.5,5174.99
2020,3,Gram,Madhya Pradesh,Rabi,148.4,22.2,0.879,5.5,5613.42
2020,3,Gram,Rajasthan,Rabi,141.3,21.2,0.931,5.5,5006.63
2020,3,Gram,Gujarat,Rabi,162.5,22.6,0.875,5.5,5293.63
2020,3,Gram,Bihar,Rabi,140.7,19.6,0.929,5.5,5295.32
2020,3,Gram,West Bengal,Rabi,115.6,25.1,0.866,5.5,5083.25
2020,3,Gram,Tamil Nadu,Rabi,127.8,21.3,0.93,5.5,5818.22
2020,3,Mustard,Punjab,Rabi,72.7,38.3,1.086,5.5,6807.76
2020,3,Mustard,Haryana,Rabi,43.2,37.9,1.07,5.5,7703.12
2020,3,Mustard,UP,Rabi,70.1,35.1,1.078,5.5,7244.05
2020,3,Mustard,Maharashtra,Rabi,31.2,36.9,1.036,5.5,6700.63
2020,3,Mustard,Karnataka,Rabi,63.2,33.2,1.127,5.5,7092.48
2020,3,Mustard,Andhra Pradesh,Rabi,68.4,38.2,1.075,5.5,7337.92
2020,3,Mustard,Madhya Pradesh,Rabi,84.2,36.4,1.055,5.5,7662.36
2020,3,Mustard,Rajasthan,Rabi,67.6,38.7,1.119,5.5,6820.33
2020,3,Mustard,Gujarat,Rabi,62.3,35.2,1.064,5.5,7758.91
2020,3,Mustard,Bihar,Rabi,48.9,38.4,1.083,5.5,7396.98
2020,3,Mustard,West Bengal,Rabi,67.3,36.0,1.089,5.5,7493.12
2020,3,Mustard,Tamil Nadu,Rabi,47.2,36.0,1.078,5.5,7772.5
2020,4,Wheat,Punjab,Rabi,65.9,29.6,0.865,5.5,2554.81
2020,4,Wheat,Haryana,Rabi,40.9,28.8,0.86,5.5,2666.17
2020,4,Wheat,UP,Rabi,25.6,34.0,0.831,5.5,2690.08
2020,4,Wheat,Maharashtra,Rabi,32.5,29.3,0.88,5.5,2556.36
2020,4,Wheat,Karnataka,Rabi,50.7,29.4,0.871,5.5,2500.59
2020,4,Wheat,Andhra Pradesh,Rabi,14.5,31.4,0.879,5.5,2685.23
2020,4,Wheat,Madhya Pradesh,Rabi,52.5,25.1,0.9,5.5,2610.26
2020,4,Wheat,Rajasthan,Rabi,14.4,30.6,0.901,5.5,2533.26
2020,4,Wheat,Gujarat,Rabi,26.4,30.1,0.879,5.5,2468.33
2020,4,Wheat,Bihar,Rabi,10.2,31.5,0.855,5.5,2552.28
2020,4,Wheat,West Bengal,Rabi,61.5,28.6,0.899,5.5,2446.57
2020,4,Wheat,Tamil Nadu,Rabi,43.6,32.2,0.901,5.5,2613.87
2020,4,Rice,Punjab,Kharif,129.4,21.5,1.1,5.5,2533.56
2020,4,Rice,Haryana,Kharif,105.7,19.3,1.102,5.5,2483.55
2020,4,Rice,UP,Kharif,114.0,23.3,1.037,5.5,2379.92
2020,4,Rice,Maharashtra,Kharif,122.8,24.0,1.104,5.5,2714.61
2020,4,Rice,Karnataka,Kharif,119.6,23.5,1.085,5.5,2584.37
2020,4,Rice,Andhra Pradesh,Kharif,144.3,21.3,1.046,5.5,2554.99
2020,4,Rice,Madhya Pradesh,Kharif,165.2,23.6,1.049,5.5,2417.37
2020,4,Rice,Rajasthan,Kharif,152.4,23.5,1.077,5.5,2516.2
2020,4,Rice,Gujarat,Kharif,122.5,25.2,1.09,5.5,2740.26
2020,4,Rice,Bihar,Kharif,147.8,22.3,1.067,5.5,2639.91
2020,4,Rice,West Bengal,Kharif,151.4,24.4,1.095,5.5,2478.98
2020,4,Rice,Tamil Nadu,Kharif,150.3,21.7,1.067,5.5,2704.08
2020,4,Maize,Punjab,Kharif,177.8,26.9,0.886,5.5,2262.6
2020,4,Maize,Haryana,Kharif,144.9,32.0,0.943,5.5,2574.16
2020,4,Maize,UP,Kharif,134.8,34.3,0.97,5.5,2346.79
2020,4,Maize,Maharashtra,Kharif,131.2,31.2,0.918,5.5,2307.09
2020,4,Maize,Karnataka,Kharif,132.3,30.2,0.923,5.5,2575.84
2020,4,Maize,Andhra Pradesh,Kharif,146.4,30.0,0.958,5.5,2427.29
2020,4,Maize,Madhya Pradesh,Kharif,104.7,33.4,0.955,5.5,2215.56
2020,4,Maize,Rajasthan,Kharif,116.5,27.3,0.966,5.5,2572.83
2020,4,Maize,Gujarat,Kharif,141.1,33.7,0.966,5.5,2507.55
2020,4,Maize,Bihar,Kharif,141.6,33.1,0.885,5.5,2483.37
2020,4,Maize,West Bengal,Kharif,110.8,27.9,0.883,5.5,2358.1
2020,4,Maize,Tamil Nadu,Kharif,121.7,32.4,0.972,5.5,2260.87
2020,4,Potato,Punjab,Rabi,161.9,35.1,1.085,5.5,885.1
2020,4,Potato,Haryana,Rabi,145.0,29.2,1.135,5.5,988.95
2020,4,Potato,UP,Rabi,138.0,34.9,1.08,5.5,900.15
2020,4,Potato,Maharashtra,Rabi,94.1,35.1,1.106,5.5,905.03
2020,4,Potato,Karnataka,Rabi,121.3,30.4,1.144,5.5,879.76
2020,4,Potato,Andhra Pradesh,Rabi,158.9,33.0,1.138,5.5,967.58
2020,4,Potato,Madhya Pradesh,Rabi,151.1,33.7,1.164,5.5,927.49
2020,4,Potato,Rajasthan,Rabi,135.5,29.4,1.11,5.5,866.1
2020,4,Potato,Gujarat,Rabi,153.6,35.0,1.186,5.5,964.85
2020,4,Potato,Bihar,Rabi,149.3,34.4,1.116,5.5,900.88
2020,4,Potato,West Bengal,Rabi,146.0,33.0,1.135,5.5,969.93
2020,4,Potato,Tamil Nadu,Rabi,167.7,36.2,1.098,5.5,903.84
2020,4,Tomato,Punjab,Year-round,121.1,24.1,1.008,5.5,1431.39
2020,4,Tomato,Haryana,Year-round,130.6,25.0,1.016,5.5,1476.47
2020,4,Tomato,UP,Year-round,140.3,24.3,1.003,5.5,1526.66
2020,4,Tomato,Maharashtra,Year-round,136.5,23.3,1.001,5.5,1486.79
2020,4,Tomato,Karnataka,Year-round,121.9,27.1,0.972,5.5,1537.93
2020,4,Tomato,Andhra Pradesh,Year-round,103.2,21.5,1.058,5.5,1484.92
2020,4,Tomato,Madhya Pradesh,Year-round,108.9,25.9,1.007,5.5,1527.35
2020,4,Tomato,Rajasthan,Year-round,111.9,24.7,1.066,5.5,1425.92
2020,4,Tomato,Gujarat,Year-round,135.4,28.2,0.996,5.5,1371.33
2020,4,Tomato,Bihar,Year-round,141.2,26.7,1.003,5.5,1404.89
2020,4,Tomato,West Bengal,Year-round,130.1,24.0,1.056,5.5,1453.28
2020,4,Tomato,Tamil Nadu,Year-round,116.8,26.0,1.066,5.5,1495.84
2020,4,Onion,Punjab,Rabi,168.5,40.4,1.199,5.5,2032.85
2020,4,Onion,Haryana,Rabi,108.7,40.6,1.159,5.5,1857.47
2020,4,Onion,UP,Rabi,125.2,37.7,1.157,5.5,2021.88
2020,4,Onion,Maharashtra,Rabi,147.9,37.7,1.123,5.5,1869.42
2020,4,Onion,Karnataka,Rabi,163.4,35.5,1.172,5.5,1983.85
2020,4,Onion,Andhra Pradesh,Rabi,134.1,38.8,1.112,5.5,2115.38
2020,4,Onion,Madhya Pradesh,Rabi,113.0,38.0,1.167,5.5,1836.53
2020,4,Onion,Rajasthan,Rabi,124.8,35.6,1.162,5.5,2038.89
2020,4,Onion,Gujarat,Rabi,118.8,38.5,1.132,5.5,1965.2
2020,4,Onion,Bihar,Rabi,129.9,40.3,1.134,5.5,2071.88
2020,4,Onion,West Bengal,Rabi,161.1,38.1,1.156,5.5,2052.09
2020,4,Onion,Tamil Nadu,Rabi,110.1,39.6,1.144,5.5,1863.81
2020,4,Soybean,Punjab,Kharif,147.0,27.9,0.958,5.5,5141.04
2020,4,Soybean,Haryana,Kharif,137.8,24.1,0.975,5.5,5062.69
2020,4,Soybean,UP,Kharif,154.9,31.9,1.028,5.5,5123.93
2020,4,Soybean,Maharashtra,Kharif,170.9,29.1,0.942,5.5,5162.37
2020,4,Soybean,Karnataka,Kharif,159.8,27.8,0.966,5.5,4755.0
2020,4,Soybean,Andhra Pradesh,Kharif,172.9,26.2,1.011,5.5,4697.4
2020,4,Soybean,Madhya Pradesh,Kharif,203.2,26.3,1.032,5.5,5157.07
2020,4,Soybean,Rajasthan,Kharif,174.8,26.5,0.953,5.5,4667.81
2020,4,Soybean,Gujarat,Kharif,165.5,29.9,1.02,5.5,4695.39
2020,4,Soybean,Bihar,Kharif,131.6,26.6,1.035,5.5,5053.41
2020,4,Soybean,West Bengal,Kharif,145.9,28.0,1.033,5.5,4468.93
2020,4,Soybean,Tamil Nadu,Kharif,168.0,31.9,0.997,5.5,4728.2
2020,4,Cotton,Punjab,Kharif,99.2,30.2,1.03,5.5,6718.11
2020,4,Cotton,Haryana,Kharif,93.0,28.0,1.037,5.5,7439.54
2020,4,Cotton,UP,Kharif,108.4,29.3,1.023,5.5,7305.16
2020,4,Cotton,Maharashtra,Kharif,36.9,32.4,1.117,5.5,6794.46
2020,4,Cotton,Karnataka,Kharif,109.6,33.5,1.064,5.5,7764.86
2020,4,Cotton,Andhra Pradesh,Kharif,102.3,31.9,1.078,5.5,7082.12
2020,4,Cotton,Madhya Pradesh,Kharif,88.3,27.1,1.028,5.5,6937.98
2020,4,Cotton,Rajasthan,Kharif,84.7,31.8,1.076,5.5,7639.7
2020,4,Cotton,Gujarat,Kharif,105.4,30.3,1.059,5.5,7031.64
2020,4,Cotton,Bihar,Kharif,91.7,28.5,1.109,5.5,7131.25
2020,4,Cotton,West Bengal,Kharif,94.2,30.2,1.108,5.5,7090.18
2020,4,Cotton,Tamil Nadu,Kharif,125.6,31.6,1.03,5.5,7124.55
2020,4,Sugarcane,Punjab,Year-round,133.0,37.1,1.072,5.5,391.88
2020,4,Sugarcane,Haryana,Year-round,123.1,36.7,1.128,5.5,430.9
2020,4,Sugarcane,UP,Year-round,136.9,34.9,1.126,5.5,383.56
2020,4,Sugarcane,Maharashtra,Year-round,168.7,35.0,1.051,5.5,396.89
2020,4,Sugarcane,Karnataka,Year-round,174.7,38.5,1.092,5.5,380.84
2020,4,Sugarcane,Andhra Pradesh,Year-round,132.4,35.2,1.032,5.5,412.16
2020,4,Sugarcane,Madhya Pradesh,Year-round,105.1,35.4,1.028,5.5,420.41
2020,4,Sugarcane,Rajasthan,Year-round,143.4,37.8,1.112,5.5,378.95
2020,4,Sugarcane,Gujarat,Year-round,173.1,37.0,1.062,5.5,384.33
2020,4,Sugarcane,Bihar,Year-round,162.8,35.2,1.122,5.5,403.0
2020,4,Sugarcane,West Bengal,Year-round,118.2,36.1,1.047,5.5,395.04
2020,4,Sugarcane,Tamil Nadu,Year-round,164.3,30.4,1.04,5.5,405.28
2020,4,Chilli,Punjab,Kharif,135.3,23.9,0.869,5.5,7646.58
2020,4,Chilli,Haryana,Kharif,163.2,24.9,0.859,5.5,8070.64
2020,4,Chilli,UP,Kharif,151.4,24.6,0.868,5.5,8298.88
2020,4,Chilli,Maharashtra,Kharif,98.2,24.1,0.891,5.5,7255.07
2020,4,Chilli,Karnataka,Kharif,152.6,24.0,0.88,5.5,8345.41
2020,4,Chilli,Andhra Pradesh,Kharif,112.1,26.3,0.884,5.5,7745.7
2020,4,Chilli,Madhya Pradesh,Kharif,110.1,18.7,0.909,5.5,7408.45
2020,4,Chilli,Rajasthan,Kharif,120.3,24.2,0.911,5.5,8241.99
2020,4,Chilli,Gujarat,Kharif,120.6,24.5,0.871,5.5,7346.92
2020,4,Chilli,Bihar,Kharif,122.5,22.6,0.863,5.5,8353.52
2020,4,Chilli,West Bengal,Kharif,118.7,25.4,0.843,5.5,8253.22
2020,4,Chilli,Tamil Nadu,Kharif,151.0,22.0,0.838,5.5,7908.53
2020,4,Gram,Punjab,Rabi,124.5,27.0,0.897,5.5,5592.7
2020,4,Gram,Haryana,Rabi,150.5,20.9,0.919,5.5,6201.9
2020,4,Gram,UP,Rabi,165.8,23.4,0.899,5.5,5964.21
2020,4,Gram,Maharashtra,Rabi,112.9,23.8,0.954,5.5,5798.43
2020,4,Gram,Karnataka,Rabi,168.1,26.8,0.918,5.5,5697.35
2020,4,Gram,Andhra Pradesh,Rabi,127.9,23.8,0.893,5.5,5936.19
2020,4,Gram,Madhya Pradesh,Rabi,124.5,25.5,0.93,5.5,6362.57
2020,4,Gram,Rajasthan,Rabi,129.1,26.5,0.949,5.5,5741.88
2020,4,Gram,Gujarat,Rabi,139.1,21.5,0.872,5.5,5571.71
2020,4,Gram,Bihar,Rabi,111.4,23.4,0.936,5.5,5984.46
2020,4,Gram,West Bengal,Rabi,156.5,22.1,0.933,5.5,6012.23
2020,4,Gram,Tamil Nadu,Rabi,129.2,27.1,0.878,5.5,6226.1
2020,4,Mustard,Punjab,Rabi,131.3,27.1,1.094,5.5,7459.43
2020,4,Mustard,Haryana,Rabi,188.4,29.3,1.079,5.5,7387.13
2020,4,Mustard,UP,Rabi,140.6,28.5,1.055,5.5,7305.56
2020,4,Mustard,Maharashtra,Rabi,143.4,23.6,1.104,5.5,6881.47
2020,4,Mustard,Karnataka,Rabi,153.5,30.2,1.076,5.5,6989.76
2020,4,Mustard,Andhra Pradesh,Rabi,158.7,29.4,1.091,5.5,7054.93
2020,4,Mustard,Madhya Pradesh,Rabi,131.3,31.2,1.031,5.5,6517.08
2020,4,Mustard,Rajasthan,Rabi,163.3,28.4,1.032,5.5,7346.64
2020,4,Mustard,Gujarat,Rabi,117.9,29.0,1.084,5.5,6385.73
2020,4,Mustard,Bihar,Rabi,119.9,28.8,1.034,5.5,6687.76
2020,4,Mustard,West Bengal,Rabi,145.0,27.0,1.101,5.5,7248.67
2020,4,Mustard,Tamil Nadu,Rabi,136.0,29.1,1.031,5.5,7135.85
2020,5,Wheat,Punjab,Rabi,145.9,44.3,0.972,5.5,2330.3
2020,5,Wheat,Haryana,Rabi,107.4,40.2,1.011,5.5,2674.22
2020,5,Wheat,UP,Rabi,110.5,42.3,0.947,5.5,2632.89
2020,5,Wheat,Maharashtra,Rabi,154.6,41.4,1.018,5.5,2576.28
2020,5,Wheat,Karnataka,Rabi,157.7,41.1,0.96,5.5,2636.37
2020,5,Wheat,Andhra Pradesh,Rabi,130.6,41.4,1.014,5.5,2379.58
2020,5,Wheat,Madhya Pradesh,Rabi,129.1,42.1,1.015,5.5,2408.49
2020,5,Wheat,Rajasthan,Rabi,98.3,43.0,0.932,5.5,2368.54
2020,5,Wheat,Gujarat,Rabi,130.7,45.4,0.959,5.5,2332.46
2020,5,Wheat,Bihar,Rabi,144.9,42.9,0.957,5.5,2480.63
2020,5,Wheat,West Bengal,Rabi,163.3,45.0,0.972,5.5,2465.64
2020,5,Wheat,Tamil Nadu,Rabi,165.8,41.2,0.952,5.5,2473.5
2020,5,Rice,Punjab,Kharif,94.1,37.6,1.059,5.5,2336.24
2020,5,Rice,Haryana,Kharif,119.7,37.6,1.149,5.5,2539.12
2020,5,Rice,UP,Kharif,124.4,36.4,1.149,5.5,2341.09
2020,5,Rice,Maharashtra,Kharif,121.4,38.6,1.079,5.5,2439.67
2020,5,Rice,Karnataka,Kharif,119.1,39.1,1.042,5.5,2418.49
2020,5,Rice,Andhra Pradesh,Kharif,100.7,36.2,1.139,5.5,2327.64
2020,5,Rice,Madhya Pradesh,Kharif,94.9,35.2,1.107,5.5,2212.99
2020,5,Rice,Rajasthan,Kharif,97.8,36.4,1.066,5.5,2403.13
2020,5,Rice,Gujarat,Kharif,95.0,37.2,1.12,5.5,2391.06
2020,5,Rice,Bihar,Kharif,83.1,39.1,1.102,5.5,2324.64
2020,5,Rice,West Bengal,Kharif,106.2,37.8,1.076,5.5,2494.17
2020,5,Rice,Tamil Nadu,Kharif,89.3,37.3,1.078,5.5,2376.43
2020,5,Maize,Punjab,Kharif,119.2,45.3,1.074,5.5,2161.96
2020,5,Maize,Haryana,Kharif,139.7,41.0,1.08,5.5,2267.08
2020,5,Maize,UP,Kharif,190.7,41.5,1.115,5.5,2233.42
2020,5,Maize,Maharashtra,Kharif,147.6,40.5,1.066,5.5,2269.93
2020,5,Maize,Karnataka,Kharif,116.7,43.3,1.085,5.5,2156.95
2020,5,Maize,Andhra Pradesh,Kharif,171.1,41.1,1.121,5.5,2293.79
2020,5,Maize,Madhya Pradesh,Kharif,115.3,44.1,1.087,5.5,2356.12
2020,5,Maize,Rajasthan,Kharif,126.8,42.8,1.052,5.5,2280.07
2020,5,Maize,Gujarat,Kharif,126.1,41.4,1.111,5.5,2134.44
2020,5,Maize,Bihar,Kharif,118.5,43.4,1.096,5.5,2434.82
2020,5,Maize,West Bengal,Kharif,143.9,42.8,1.152,5.5,2305.82
2020,5,Maize,Tamil Nadu,Kharif,121.9,42.7,1.114,5.5,2306.32
2020,5,Potato,Punjab,Rabi,97.4,33.1,0.842,5.5,658.66
2020,5,Potato,Haryana,Rabi,88.2,33.2,0.87,5.5,770.32
2020,5,Potato,UP,Rabi,79.5,36.0,0.871,5.5,755.59
2020,5,Potato,Maharashtra,Rabi,120.9,36.4,0.898,5.5,739.23
2020,5,Potato,Karnataka,Rabi,69.9,37.7,0.878,5.5,756.98
2020,5,Potato,Andhra Pradesh,Rabi,100.5,31.3,0.898,5.5,751.05
2020,5,Potato,Madhya Pradesh,Rabi,81.0,33.8,0.857,5.5,683.22
2020,5,Potato,Rajasthan,Rabi,76.0,31.1,0.908,5.5,677.74
2020,5,Potato,Gujarat,Rabi,109.9,32.8,0.827,5.5,771.24
2020,5,Potato,Bihar,Rabi,93.3,32.7,0.867,5.5,660.94
2020,5,Potato,West Bengal,Rabi,117.4,32.4,0.849,5.5,722.63
2020,5,Potato,Tamil Nadu,Rabi,87.4,37.8,0.891,5.5,762.93
2020,5,Tomato,Punjab,Year-round,124.8,39.1,0.924,5.5,994.98
2020,5,Tomato,Haryana,Year-round,78.3,39.7,0.907,5.5,1145.7
2020,5,Tomato,UP,Year-round,97.6,39.2,0.934,5.5,1121.45
2020,5,Tomato,Maharashtra,Year-round,109.2,38.9,0.934,5.5,1102.95
2020,5,Tomato,Karnataka,Year-round,76.9,39.9,0.902,5.5,1117.89
2020,5,Tomato,Andhra Pradesh,Year-round,110.2,41.0,0.936,5.5,1049.03
2020,5,Tomato,Madhya Pradesh,Year-round,89.1,40.1,0.862,5.5,990.29
2020,5,Tomato,Rajasthan,Year-round,125.5,42.4,0.943,5.5,991.32
2020,5,Tomato,Gujarat,Year-round,119.2,36.5,0.929,5.5,1056.12
2020,5,Tomato,Bihar,Year-round,90.6,42.2,0.912,5.5,1148.66
2020,5,Tomato,West Bengal,Year-round,66.9,39.4,0.87,5.5,1134.83
2020,5,Tomato,Tamil Nadu,Year-round,85.2,40.2,0.876,5.5,987.77
2020,5,Onion,Punjab,Rabi,98.9,42.9,0.849,5.5,1271.76
2020,5,Onion,Haryana,Rabi,147.5,44.2,0.834,5.5,1259.44
2020,5,Onion,UP,Rabi,175.0,41.5,0.889,5.5,1259.01
2020,5,Onion,Maharashtra,Rabi,88.5,41.3,0.824,5.5,1413.8
2020,5,Onion,Karnataka,Rabi,115.5,43.8,0.903,5.5,1445.54
2020,5,Onion,Andhra Pradesh,Rabi,148.0,43.6,0.843,5.5,1443.02
2020,5,Onion,Madhya Pradesh,Rabi,140.7,42.1,0.844,5.5,1266.24
2020,5,Onion,Rajasthan,Rabi,125.6,43.2,0.837,5.5,1394.28
2020,5,Onion,Gujarat,Rabi,151.9,41.8,0.859,5.5,1328.94
2020,5,Onion,Bihar,Rabi,123.4,42.9,0.835,5.5,1265.16
2020,5,Onion,West Bengal,Rabi,131.1,44.9,0.847,5.5,1296.81
2020,5,Onion,Tamil Nadu,Rabi,158.9,44.0,0.897,5.5,1363.82
2020,5,Soybean,Punjab,Kharif,112.1,39.4,1.146,5.5,5554.53
2020,5,Soybean,Haryana,Kharif,148.9,38.9,1.094,5.5,5222.68
2020,5,Soybean,UP,Kharif,162.5,37.8,1.101,5.5,5111.33
2020,5,Soybean,Maharashtra,Kharif,148.2,40.4,1.137,5.5,5565.86
2020,5,Soybean,Karnataka,Kharif,112.2,40.8,1.128,5.5,5072.84
2020,5,Soybean,Andhra Pradesh,Kharif,115.7,39.5,1.172,5.5,5337.41
2020,5,Soybean,Madhya Pradesh,Kharif,124.1,42.1,1.19,5.5,5638.42
2020,5,Soybean,Rajasthan,Kharif,119.2,41.1,1.111,5.5,5108.12
2020,5,Soybean,Gujarat,Kharif,147.3,40.7,1.132,5.5,5492.67
2020,5,Soybean,Bihar,Kharif,139.3,40.5,1.193,5.5,5573.61
2020,5,Soybean,West Bengal,Kharif,142.4,38.1,1.092,5.5,5118.38
2020,5,Soybean,Tamil Nadu,Kharif,160.4,36.9,1.181,5.5,5545.74
2020,5,Cotton,Punjab,Kharif,141.8,31.5,0.947,5.5,6780.84
2020,5,Cotton,Haryana,Kharif,86.4,33.5,0.976,5.5,7186.93
2020,5,Cotton,UP,Kharif,128.3,30.5,0.929,5.5,6840.29
2020,5,Cotton,Maharashtra,Kharif,152.3,32.3,0.905,5.5,7151.75
2020,5,Cotton,Karnataka,Kharif,107.9,31.5,0.927,5.5,6665.47
2020,5,Cotton,Andhra Pradesh,Kharif,133.9,34.6,0.944,5.5,6941.31
2020,5,Cotton,Madhya Pradesh,Kharif,97.3,32.6,0.949,5.5,7115.33
2020,5,Cotton,Rajasthan,Kharif,125.2,35.7,0.957,5.5,7268.76
2020,5,Cotton,Gujarat,Kharif,81.0,31.4,0.988,5.5,7245.19
2020,5,Cotton,Bihar,Kharif,109.8,29.0,0.935,5.5,7172.4
2020,5,Cotton,West Bengal,Kharif,115.7,34.0,0.978,5.5,6397.67
2020,5,Cotton,Tamil Nadu,Kharif,109.5,33.1,0.968,5.5,6441.34
2020,5,Sugarcane,Punjab,Year-round,213.0,41.7,1.015,5.5,325.89
2020,5,Sugarcane,Haryana,Year-round,170.1,38.3,1.005,5.5,309.29
2020,5,Sugarcane,UP,Year-round,210.1,39.9,1.029,5.5,341.72
2020,5,Sugarcane,Maharashtra,Year-round,210.3,36.5,1.065,5.5,310.19
2020,5,Sugarcane,Karnataka,Year-round,168.1,36.8,0.998,5.5,312.0
2020,5,Sugarcane,Andhra Pradesh,Year-round,209.6,36.3,1.09,5.5,333.97
2020,5,Sugarcane,Madhya Pradesh,Year-round,222.1,37.1,1.068,5.5,300.63
2020,5,Sugarcane,Rajasthan,Year-round,181.4,33.3,1.048,5.5,335.89
2020,5,Sugarcane,Gujarat,Year-round,205.0,36.9,1.014,5.5,346.93
2020,5,Sugarcane,Bihar,Year-round,185.3,41.4,1.05,5.5,347.71
2020,5,Sugarcane,West Bengal,Year-round,182.4,36.7,0.998,5.5,310.74
2020,5,Sugarcane,Tamil Nadu,Year-round,205.3,40.2,0.997,5.5,314.61
2020,5,Chilli,Punjab,Kharif,128.3,38.4,0.859,5.5,7278.07
2020,5,Chilli,Haryana,Kharif,123.5,35.1,0.901,5.5,6875.35
2020,5,Chilli,UP,Kharif,151.0,41.6,0.884,5.5,6885.43
2020,5,Chilli,Maharashtra,Kharif,128.7,36.8,0.871,5.5,6740.0
2020,5,Chilli,Karnataka,Kharif,148.1,42.6,0.878,5.5,7164.68
2020,5,Chilli,Andhra Pradesh,Kharif,152.5,38.9,0.925,5.5,7126.09
2020,5,Chilli,Madhya Pradesh,Kharif,105.0,35.5,0.937,5.5,7371.17
2020,5,Chilli,Rajasthan,Kharif,129.1,38.4,0.912,5.5,6769.92
2020,5,Chilli,Gujarat,Kharif,126.1,37.2,0.938,5.5,7290.92
2020,5,Chilli,Bihar,Kharif,117.8,38.0,0.922,5.5,7367.18
2020,5,Chilli,West Bengal,Kharif,136.7,43.1,0.897,5.5,7545.94
2020,5,Chilli,Tamil Nadu,Kharif,98.5,39.9,0.898,5.5,7417.79
2020,5,Gram,Punjab,Rabi,109.2,40.0,0.904,5.5,5138.77
2020,5,Gram,Haryana,Rabi,105.6,42.8,0.931,5.5,4526.19
2020,5,Gram,UP,Rabi,105.7,45.8,0.991,5.5,4698.99
2020,5,Gram,Maharashtra,Rabi,84.7,45.1,0.944,5.5,5288.56
2020,5,Gram,Karnataka,Rabi,96.0,39.7,0.905,5.5,5052.35
2020,5,Gram,Andhra Pradesh,Rabi,100.6,38.2,0.972,5.5,4573.92
2020,5,Gram,Madhya Pradesh,Rabi,89.8,40.6,0.949,5.5,4897.63
2020,5,Gram,Rajasthan,Rabi,107.3,41.2,0.908,5.5,4729.37
2020,5,Gram,Gujarat,Rabi,112.0,41.0,0.97,5.5,4682.91
2020,5,Gram,Bihar,Rabi,124.5,42.4,0.971,5.5,5221.81
2020,5,Gram,West Bengal,Rabi,110.4,43.7,0.927,5.5,4936.57
2020,5,Gram,Tamil Nadu,Rabi,128.1,41.3,0.99,5.5,4957.02
2020,5,Mustard,Punjab,Rabi,203.8,35.4,0.925,5.5,4988.45
2020,5,Mustard,Haryana,Rabi,158.0,41.0,0.951,5.5,5750.71
2020,5,Mustard,UP,Rabi,211.1,40.5,0.951,5.5,5592.83
2020,5,Mustard,Maharashtra,Rabi,144.7,37.2,0.987,5.5,5374.84
2020,5,Mustard,Karnataka,Rabi,168.7,38.1,0.914,5.5,5612.83
2020,5,Mustard,Andhra Pradesh,Rabi,181.3,38.5,0.959,5.5,5322.83
2020,5,Mustard,Madhya Pradesh,Rabi,177.6,40.5,0.971,5.5,5175.46
2020,5,Mustard,Rajasthan,Rabi,189.3,38.3,0.97,5.5,5036.95
2020,5,Mustard,Gujarat,Rabi,193.0,39.0,0.94,5.5,5251.35
2020,5,Mustard,Bihar,Rabi,193.6,41.5,0.979,5.5,5389.75
2020,5,Mustard,West Bengal,Rabi,200.7,36.3,0.934,5.5,5257.14
2020,5,Mustard,Tamil Nadu,Rabi,176.8,39.5,1.007,5.5,5316.11
2020,6,Wheat,Punjab,Rabi,111.5,34.7,1.051,5.5,2514.86
2020,6,Wheat,Haryana,Rabi,130.1,35.2,1.102,5.5,2333.72
2020,6,Wheat,UP,Rabi,143.8,38.7,1.082,5.5,2267.67
2020,6,Wheat,Maharashtra,Rabi,111.1,37.0,1.038,5.5,2450.04
2020,6,Wheat,Karnataka,Rabi,126.1,38.0,1.058,5.5,2219.31
2020,6,Wheat,Andhra Pradesh,Rabi,144.2,33.2,1.119,5.5,2269.02
2020,6,Wheat,Madhya Pradesh,Rabi,139.8,35.9,1.115,5.5,2435.71
2020,6,Wheat,Rajasthan,Rabi,112.9,35.2,1.097,5.5,2272.8
2020,6,Wheat,Gujarat,Rabi,138.9,35.2,1.061,5.5,2203.85
2020,6,Wheat,Bihar,Rabi,157.0,35.9,1.071,5.5,2460.82
2020,6,Wheat,West Bengal,Rabi,125.0,36.6,1.038,5.5,2253.19
2020,6,Wheat,Tamil Nadu,Rabi,142.6,38.0,1.065,5.5,2413.7
2020,6,Rice,Punjab,Kharif,213.0,28.8,0.89,5.5,1868.1
2020,6,Rice,Haryana,Kharif,205.1,29.9,0.946,5.5,1847.15
2020,6,Rice,UP,Kharif,225.7,25.6,0.88,5.5,1888.71
2020,6,Rice,Maharashtra,Kharif,216.8,27.3,0.914,5.5,1804.88
2020,6,Rice,Karnataka,Kharif,196.3,29.7,0.955,5.5,1769.18
2020,6,Rice,Andhra Pradesh,Kharif,230.2,29.7,0.9,5.5,1692.1
2020,6,Rice,Madhya Pradesh,Kharif,178.7,28.5,0.909,5.5,1931.9
2020,6,Rice,Rajasthan,Kharif,198.6,31.5,0.92,5.5,1846.09
2020,6,Rice,Gujarat,Kharif,169.9,29.7,0.953,5.5,1727.87
2020,6,Rice,Bihar,Kharif,181.4,27.9,0.888,5.5,1789.9
2020,6,Rice,West Bengal,Kharif,216.8,29.4,0.887,5.5,1890.25
2020,6,Rice,Tamil Nadu,Kharif,201.8,28.5,0.957,5.5,1685.89
2020,6,Maize,Punjab,Kharif,284.7,38.8,0.848,5.5,1628.24
2020,6,Maize,Haryana,Kharif,235.8,40.2,0.897,5.5,1666.66
2020,6,Maize,UP,Kharif,253.4,37.1,0.83,5.5,1801.59
2020,6,Maize,Maharashtra,Kharif,250.2,43.5,0.872,5.5,1624.66
2020,6,Maize,Karnataka,Kharif,287.6,37.2,0.87,5.5,1774.66
2020,6,Maize,Andhra Pradesh,Kharif,242.1,38.1,0.835,5.5,1683.37
2020,6,Maize,Madhya Pradesh,Kharif,241.5,39.7,0.831,5.5,1611.3
2020,6,Maize,Rajasthan,Kharif,271.5,37.5,0.846,5.5,1604.81
2020,6,Maize,Gujarat,Kharif,280.2,40.6,0.881,5.5,1604.63
2020,6,Maize,Bihar,Kharif,253.7,37.5,0.818,5.5,1644.08
2020,6,Maize,West Bengal,Kharif,258.8,40.3,0.877,5.5,1860.76
2020,6,Maize,Tamil Nadu,Kharif,307.6,40.2,0.844,5.5,1818.78
2020,6,Potato,Punjab,Rabi,175.0,42.9,0.99,5.5,784.46
2020,6,Potato,Haryana,Rabi,184.4,44.4,0.97,5.5,732.29
2020,6,Potato,UP,Rabi,172.2,42.4,0.931,5.5,727.45
2020,6,Potato,Maharashtra,Rabi,165.5,41.3,0.995,5.5,803.13
2020,6,Potato,Karnataka,Rabi,158.8,41.5,0.988,5.5,732.18
2020,6,Potato,Andhra Pradesh,Rabi,156.6,44.1,0.94,5.5,808.89
2020,6,Potato,Madhya Pradesh,Rabi,188.3,42.2,0.952,5.5,735.33
2020,6,Potato,Rajasthan,Rabi,180.3,40.7,0.997,5.5,757.8
2020,6,Potato,Gujarat,Rabi,174.9,44.7,0.944,5.5,806.52
2020,6,Potato,Bihar,Rabi,197.8,45.5,0.983,5.5,761.92
2020,6,Potato,West Bengal,Rabi,193.0,43.0,0.988,5.5,811.57
2020,6,Potato,Tamil Nadu,Rabi,191.9,40.1,1.019,5.5,823.63
2020,6,Tomato,Punjab,Year-round,168.6,34.8,0.977,5.5,1069.72
2020,6,Tomato,Haryana,Year-round,188.6,36.6,1.055,5.5,1146.22
2020,6,Tomato,UP,Year-round,163.0,39.7,0.995,5.5,1214.25
2020,6,Tomato,Maharashtra,Year-round,178.6,39.6,1.07,5.5,1095.56
2020,6,Tomato,Karnataka,Year-round,153.2,38.9,1.013,5.5,1178.13
2020,6,Tomato,Andhra Pradesh,Year-round,184.8,37.2,1.03,5.5,1125.11
2020,6,Tomato,Madhya Pradesh,Year-round,203.7,37.9,1.021,5.5,1149.14
2020,6,Tomato,Rajasthan,Year-round,132.0,37.9,1.035,5.5,1118.3
2020,6,Tomato,Gujarat,Year-round,193.7,36.5,1.066,5.5,1210.69
2020,6,Tomato,Bihar,Year-round,148.5,39.1,1.049,5.5,1165.82
2020,6,Tomato,West Bengal,Year-round,147.0,36.1,1.01,5.5,1204.15
2020,6,Tomato,Tamil Nadu,Year-round,152.0,41.5,1.023,5.5,1214.18
2020,6,Onion,Punjab,Rabi,294.9,43.1,1.113,5.5,1591.56
2020,6,Onion,Haryana,Rabi,283.1,39.5,1.061,5.5,1682.5
2020,6,Onion,UP,Rabi,302.7,41.6,1.058,5.5,1664.26
2020,6,Onion,Maharashtra,Rabi,270.5,39.3,1.064,5.5,1558.81
2020,6,Onion,Karnataka,Rabi,306.9,39.7,1.125,5.5,1675.26
2020,6,Onion,Andhra Pradesh,Rabi,339.4,42.1,1.11,5.5,1553.93
2020,6,Onion,Madhya Pradesh,Rabi,326.6,39.2,1.121,5.5,1600.33
2020,6,Onion,Rajasthan,Rabi,310.0,38.4,1.044,5.5,1568.14
2020,6,Onion,Gujarat,Rabi,290.0,42.1,1.122,5.5,1572.19
2020,6,Onion,Bihar,Rabi,323.0,38.3,1.12,5.5,1677.71
2020,6,Onion,West Bengal,Rabi,308.7,37.2,1.139,5.5,1587.83
2020,6,Onion,Tamil Nadu,Rabi,317.0,38.2,1.085,5.5,1650.37
2020,6,Soybean,Punjab,Kharif,243.2,34.8,1.094,5.5,4597.91
2020,6,Soybean,Haryana,Kharif,234.6,39.2,1.062,5.5,4518.09
2020,6,Soybean,UP,Kharif,225.4,37.6,1.084,5.5,4243.48
2020,6,Soybean,Maharashtra,Kharif,230.0,38.4,1.089,5.5,4398.57
2020,6,Soybean,Karnataka,Kharif,231.9,36.5,1.11,5.5,4055.09
2020,6,Soybean,Andhra Pradesh,Kharif,238.6,39.1,1.1,5.5,4647.59
2020,6,Soybean,Madhya Pradesh,Kharif,240.4,34.7,1.037,5.5,4592.73
2020,6,Soybean,Rajasthan,Kharif,249.0,36.0,1.041,5.5,4242.73
2020,6,Soybean,Gujarat,Kharif,244.9,39.2,1.112,5.5,4341.07
2020,6,Soybean,Bihar,Kharif,207.5,40.0,1.065,5.5,4536.57
2020,6,Soybean,West Bengal,Kharif,271.9,37.6,1.023,5.5,4144.54
2020,6,Soybean,Tamil Nadu,Kharif,244.9,37.3,1.016,5.5,4537.91
2020,6,Cotton,Punjab,Kharif,181.8,39.2,1.082,5.5,6510.81
2020,6,Cotton,Haryana,Kharif,163.0,42.2,1.114,5.5,6274.15
2020,6,Cotton,UP,Kharif,230.7,40.0,1.149,5.5,6923.74
2020,6,Cotton,Maharashtra,Kharif,214.9,36.7,1.113,5.5,6431.86
2020,6,Cotton,Karnataka,Kharif,176.0,34.0,1.092,5.5,6303.7
2020,6,Cotton,Andhra Pradesh,Kharif,188.7,38.6,1.099,5.5,6303.43
2020,6,Cotton,Madhya Pradesh,Kharif,193.2,35.2,1.134,5.5,6836.97
2020,6,Cotton,Rajasthan,Kharif,187.1,39.1,1.086,5.5,6152.42
2020,6,Cotton,Gujarat,Kharif,197.5,37.4,1.151,5.5,6425.12
2020,6,Cotton,Bihar,Kharif,228.4,38.0,1.094,5.5,6553.69
2020,6,Cotton,West Bengal,Kharif,190.7,37.8,1.052,5.5,6707.95
2020,6,Cotton,Tamil Nadu,Kharif,177.0,39.8,1.082,5.5,6982.66
2020,6,Sugarcane,Punjab,Year-round,167.6,34.1,0.906,5.5,296.46
2020,6,Sugarcane,Haryana,Year-round,116.5,33.8,0.98,5.5,278.33
2020,6,Sugarcane,UP,Year-round,150.2,31.5,0.925,5.5,262.63
2020,6,Sugarcane,Maharashtra,Year-round,165.5,30.8,0.921,5.5,261.66
2020,6,Sugarcane,Karnataka,Year-round,134.3,32.8,0.91,5.5,282.99
2020,6,Sugarcane,Andhra Pradesh,Year-round,186.0,33.6,0.935,5.5,265.95
2020,6,Sugarcane,Madhya Pradesh,Year-round,193.3,29.7,0.981,5.5,260.6
2020,6,Sugarcane,Rajasthan,Year-round,163.1,33.2,0.914,5.5,293.04
2020,6,Sugarcane,Gujarat,Year-round,153.9,33.3,0.924,5.5,272.13
2020,6,Sugarcane,Bihar,Year-round,192.1,34.2,0.936,5.5,263.17
2020,6,Sugarcane,West Bengal,Year-round,195.2,33.7,0.941,5.5,263.6
2020,6,Sugarcane,Tamil Nadu,Year-round,168.9,36.2,0.924,5.5,271.69
2020,6,Chilli,Punjab,Kharif,259.6,39.6,1.133,5.5,8420.62
2020,6,Chilli,Haryana,Kharif,232.7,40.2,1.148,5.5,8661.83
2020,6,Chilli,UP,Kharif,199.3,41.7,1.068,5.5,8670.72
2020,6,Chilli,Maharashtra,Kharif,224.4,41.5,1.146,5.5,8377.14
2020,6,Chilli,Karnataka,Kharif,194.1,41.9,1.168,5.5,8817.84
2020,6,Chilli,Andhra Pradesh,Kharif,219.3,39.8,1.156,5.5,8425.94
2020,6,Chilli,Madhya Pradesh,Kharif,248.7,45.5,1.149,5.5,9130.62
2020,6,Chilli,Rajasthan,Kharif,222.2,43.7,1.167,5.5,8991.7
2020,6,Chilli,Gujarat,Kharif,170.7,41.7,1.127,5.5,9280.37
2020,6,Chilli,Bihar,Kharif,241.5,41.8,1.083,5.5,7987.0
2020,6,Chilli,West Bengal,Kharif,217.4,43.1,1.099,5.5,8496.58
2020,6,Chilli,Tamil Nadu,Kharif,265.1,42.4,1.148,5.5,8516.04
2020,6,Gram,Punjab,Rabi,222.6,38.2,1.025,5.5,5004.97
2020,6,Gram,Haryana,Rabi,171.7,37.5,1.05,5.5,5536.63
2020,6,Gram,UP,Rabi,166.0,41.6,1.06,5.5,5142.29
2020,6,Gram,Maharashtra,Rabi,184.4,42.7,1.097,5.5,5208.15
2020,6,Gram,Karnataka,Rabi,175.2,38.3,1.001,5.5,5726.01
2020,6,Gram,Andhra Pradesh,Rabi,198.4,42.5,1.06,5.5,5160.58
2020,6,Gram,Madhya Pradesh,Rabi,177.7,40.9,1.08,5.5,5160.99
2020,6,Gram,Rajasthan,Rabi,188.2,40.3,1.014,5.5,5234.75
2020,6,Gram,Gujarat,Rabi,172.7,40.7,1.094,5.5,5397.05
2020,6,Gram,Bihar,Rabi,182.8,38.4,1.09,5.5,4961.46
2020,6,Gram,West Bengal,Rabi,187.4,40.5,1.068,5.5,5403.01
2020,6,Gram,Tamil Nadu,Rabi,185.0,38.4,1.097,5.5,5704.01
2020,6,Mustard,Punjab,Rabi,235.9,42.8,0.908,5.5,5667.99
2020,6,Mustard,Haryana,Rabi,217.1,42.7,0.937,5.5,5207.78
2020,6,Mustard,UP,Rabi,226.6,45.9,0.859,5.5,5663.16
2020,6,Mustard,Maharashtra,Rabi,204.9,41.0,0.882,5.5,4891.6
2020,6,Mustard,Karnataka,Rabi,194.8,38.3,0.868,5.5,5115.41
2020,6,Mustard,Andhra Pradesh,Rabi,224.4,46.0,0.899,5.5,4893.58
2020,6,Mustard,Madhya Pradesh,Rabi,210.4,44.5,0.917,5.5,5393.78
2020,6,Mustard,Rajasthan,Rabi,210.7,44.4,0.917,5.5,5663.4
2020,6,Mustard,Gujarat,Rabi,222.7,42.1,0.906,5.5,5007.38
2020,6,Mustard,Bihar,Rabi,205.1,42.2,0.912,5.5,5641.49
2020,6,Mustard,West Bengal,Rabi,233.2,40.7,0.885,5.5,5089.76
2020,6,Mustard,Tamil Nadu,Rabi,214.6,42.4,0.913,5.5,5021.96
2020,7,Wheat,Punjab,Rabi,327.3,26.6,1.015,5.5,2360.92
2020,7,Wheat,Haryana,Rabi,333.9,31.4,1.004,5.5,2276.3
2020,7,Wheat,UP,Rabi,308.1,28.2,0.97,5.5,2390.23
2020,7,Wheat,Maharashtra,Rabi,327.6,29.1,0.99,5.5,2303.6
2020,7,Wheat,Karnataka,Rabi,313.1,27.0,0.939,5.5,2196.3
2020,7,Wheat,Andhra Pradesh,Rabi,314.6,25.3,0.942,5.5,2090.96
2020,7,Wheat,Madhya Pradesh,Rabi,336.0,27.9,0.992,5.5,2160.63
2020,7,Wheat,Rajasthan,Rabi,339.2,28.8,1.017,5.5,2279.71
2020,7,Wheat,Gujarat,Rabi,326.4,26.2,0.931,5.5,2115.0
2020,7,Wheat,Bihar,Rabi,337.5,34.4,0.955,5.5,2208.84
2020,7,Wheat,West Bengal,Rabi,316.4,29.5,0.929,5.5,2246.69
2020,7,Wheat,Tamil Nadu,Rabi,328.5,26.8,0.991,5.5,2250.04
2020,7,Rice,Punjab,Kharif,119.6,27.2,0.934,5.5,1860.46
2020,7,Rice,Haryana,Kharif,137.3,30.2,0.984,5.5,1703.13
2020,7,Rice,UP,Kharif,119.8,31.9,0.929,5.5,1878.49
2020,7,Rice,Maharashtra,Kharif,110.7,28.7,0.931,5.5,1671.06
2020,7,Rice,Karnataka,Kharif,137.9,27.8,0.983,5.5,1722.67
2020,7,Rice,Andhra Pradesh,Kharif,129.7,28.8,0.93,5.5,1828.41
2020,7,Rice,Madhya Pradesh,Kharif,140.8,27.5,0.992,5.5,1785.47
2020,7,Rice,Rajasthan,Kharif,95.5,27.8,1.007,5.5,1825.11
2020,7,Rice,Gujarat,Kharif,153.4,31.7,0.966,5.5,1734.25
2020,7,Rice,Bihar,Kharif,117.6,30.0,0.929,5.5,1756.89
2020,7,Rice,West Bengal,Kharif,135.9,27.4,1.008,5.5,1702.94
2020,7,Rice,Tamil Nadu,Kharif,123.0,29.7,0.98,5.5,1738.98
2020,7,Maize,Punjab,Kharif,211.7,27.6,0.959,5.5,1819.85
2020,7,Maize,Haryana,Kharif,228.7,28.0,0.966,5.5,2015.77
2020,7,Maize,UP,Kharif,211.9,28.0,0.97,5.5,2020.49
2020,7,Maize,Maharashtra,Kharif,210.8,27.0,0.936,5.5,1815.05
2020,7,Maize,Karnataka,Kharif,203.2,30.1,0.947,5.5,1966.76
2020,7,Maize,Andhra Pradesh,Kharif,216.6,28.4,0.948,5.5,2063.9
2020,7,Maize,Madhya Pradesh,Kharif,244.0,26.7,0.916,5.5,1834.62
2020,7,Maize,Rajasthan,Kharif,209.9,26.8,0.985,5.5,1845.78
2020,7,Maize,Gujarat,Kharif,221.4,28.4,0.928,5.5,1770.42
2020,7,Maize,Bihar,Kharif,204.8,27.6,0.92,5.5,1975.52
2020,7,Maize,West Bengal,Kharif,229.9,30.4,0.938,5.5,1978.09
2020,7,Maize,Tamil Nadu,Kharif,201.0,33.3,0.975,5.5,1814.91
2020,7,Potato,Punjab,Rabi,151.7,23.0,0.901,5.5,606.74
2020,7,Potato,Haryana,Rabi,181.2,20.8,0.95,5.5,674.41
2020,7,Potato,UP,Rabi,154.1,23.6,0.914,5.5,657.22
2020,7,Potato,Maharashtra,Rabi,189.0,24.7,0.913,5.5,614.79
2020,7,Potato,Karnataka,Rabi,143.3,26.7,0.963,5.5,652.9
2020,7,Potato,Andhra Pradesh,Rabi,161.0,22.0,0.905,5.5,676.98
2020,7,Potato,Madhya Pradesh,Rabi,125.5,21.8,0.905,5.5,654.77
2020,7,Potato,Rajasthan,Rabi,160.2,21.2,0.883,5.5,652.17
2020,7,Potato,Gujarat,Rabi,140.4,25.8,0.892,5.5,630.51
2020,7,Potato,Bihar,Rabi,161.4,20.3,0.961,5.5,650.54
2020,7,Potato,West Bengal,Rabi,170.9,27.6,0.969,5.5,660.82
2020,7,Potato,Tamil Nadu,Rabi,118.9,23.5,0.926,5.5,693.63
2020,7,Tomato,Punjab,Year-round,135.4,25.1,0.926,5.5,975.31
2020,7,Tomato,Haryana,Year-round,100.9,27.4,0.924,5.5,953.3
2020,7,Tomato,UP,Year-round,94.3,23.1,0.893,5.5,908.14
2020,7,Tomato,Maharashtra,Year-round,120.9,21.3,0.91,5.5,1050.66
2020,7,Tomato,Karnataka,Year-round,163.0,22.1,0.942,5.5,1035.34
2020,7,Tomato,Andhra Pradesh,Year-round,99.7,20.8,0.94,5.5,948.76
2020,7,Tomato,Madhya Pradesh,Year-round,154.1,20.8,0.915,5.5,907.16
2020,7,Tomato,Rajasthan,Year-round,104.3,23.6,0.903,5.5,968.53
2020,7,Tomato,Gujarat,Year-round,126.8,24.1,0.943,5.5,978.77
2020,7,Tomato,Bihar,Year-round,124.4,24.6,0.887,5.5,1001.08
2020,7,Tomato,West Bengal,Year-round,106.2,20.3,0.893,5.5,959.94
2020,7,Tomato,Tamil Nadu,Year-round,137.6,22.7,0.938,5.5,997.47
2020,7,Onion,Punjab,Rabi,197.0,24.7,1.047,5.5,1589.04
2020,7,Onion,Haryana,Rabi,205.3,22.6,1.013,5.5,1394.15
2020,7,Onion,UP,Rabi,213.1,20.9,0.988,5.5,1480.7
2020,7,Onion,Maharashtra,Rabi,172.5,22.7,1.06,5.5,1523.94
2020,7,Onion,Karnataka,Rabi,199.2,21.5,1.018,5.5,1387.25
2020,7,Onion,Andhra Pradesh,Rabi,171.1,27.0,1.017,5.5,1385.08
2020,7,Onion,Madhya Pradesh,Rabi,220.8,21.4,1.059,5.5,1437.82
2020,7,Onion,Rajasthan,Rabi,179.2,23.9,1.067,5.5,1418.12
2020,7,Onion,Gujarat,Rabi,206.5,23.2,1.04,5.5,1584.18
2020,7,Onion,Bihar,Rabi,183.6,26.4,1.048,5.5,1581.97
2020,7,Onion,West Bengal,Rabi,180.8,23.5,1.065,5.5,1436.84
2020,7,Onion,Tamil Nadu,Rabi,147.0,25.0,1.067,5.5,1443.66
2020,7,Soybean,Punjab,Kharif,163.3,27.6,0.937,5.5,4317.29
2020,7,Soybean,Haryana,Kharif,185.3,23.2,0.995,5.5,4410.69
2020,7,Soybean,UP,Kharif,168.8,29.7,1.001,5.5,3945.64
2020,7,Soybean,Maharashtra,Kharif,183.6,26.4,0.917,5.5,3934.73
2020,7,Soybean,Karnataka,Kharif,185.7,25.6,0.979,5.5,3895.02
2020,7,Soybean,Andhra Pradesh,Kharif,184.0,27.2,0.938,5.5,4206.58
2020,7,Soybean,Madhya Pradesh,Kharif,165.9,24.8,0.939,5.5,4114.46
2020,7,Soybean,Rajasthan,Kharif,150.5,26.9,0.924,5.5,4042.28
2020,7,Soybean,Gujarat,Kharif,181.1,26.6,0.982,5.5,4276.22
2020,7,Soybean,Bihar,Kharif,143.9,27.4,0.991,5.5,3825.85
2020,7,Soybean,West Bengal,Kharif,199.0,27.7,0.938,5.5,4479.26
2020,7,Soybean,Tamil Nadu,Kharif,155.3,27.5,0.941,5.5,4111.22
2020,7,Cotton,Punjab,Kharif,153.5,32.7,0.892,5.5,5067.73
2020,7,Cotton,Haryana,Kharif,174.7,32.8,0.904,5.5,4896.68
2020,7,Cotton,UP,Kharif,170.0,36.4,0.917,5.5,5036.14
2020,7,Cotton,Maharashtra,Kharif,140.6,36.1,0.916,5.5,5379.68
2020,7,Cotton,Karnataka,Kharif,160.8,28.1,0.856,5.5,4973.79
2020,7,Cotton,Andhra Pradesh,Kharif,176.5,33.5,0.91,5.5,4867.68
2020,7,Cotton,Madhya Pradesh,Kharif,180.6,27.8,0.842,5.5,5448.86
2020,7,Cotton,Rajasthan,Kharif,139.6,28.3,0.861,5.5,5518.5
2020,7,Cotton,Gujarat,Kharif,159.1,28.5,0.905,5.5,5142.13
2020,7,Cotton,Bihar,Kharif,166.9,27.5,0.911,5.5,5451.44
2020,7,Cotton,West Bengal,Kharif,168.1,31.9,0.894,5.5,4804.33
2020,7,Cotton,Tamil Nadu,Kharif,195.2,31.6,0.843,5.5,5243.04
2020,7,Sugarcane,Punjab,Year-round,86.7,23.8,1.046,5.5,310.63
2020,7,Sugarcane,Haryana,Year-round,71.3,24.1,1.102,5.5,316.45
2020,7,Sugarcane,UP,Year-round,46.3,21.4,1.061,5.5,318.54
2020,7,Sugarcane,Maharashtra,Year-round,75.9,26.7,1.095,5.5,313.47
2020,7,Sugarcane,Karnataka,Year-round,71.1,21.3,1.142,5.5,329.88
2020,7,Sugarcane,Andhra Pradesh,Year-round,87.7,23.8,1.069,5.5,324.4
2020,7,Sugarcane,Madhya Pradesh,Year-round,66.2,22.3,1.137,5.5,291.53
2020,7,Sugarcane,Rajasthan,Year-round,29.1,23.0,1.097,5.5,334.85
2020,7,Sugarcane,Gujarat,Year-round,64.6,24.1,1.088,5.5,302.74
2020,7,Sugarcane,Bihar,Year-round,105.1,23.2,1.061,5.5,315.28
2020,7,Sugarcane,West Bengal,Year-round,94.4,25.5,1.072,5.5,311.81
2020,7,Sugarcane,Tamil Nadu,Year-round,108.5,25.1,1.048,5.5,297.19
2020,7,Chilli,Punjab,Kharif,177.0,32.4,0.931,5.5,6962.68
2020,7,Chilli,Haryana,Kharif,222.2,30.4,0.972,5.5,6595.43
2020,7,Chilli,UP,Kharif,240.3,26.0,0.957,5.5,6864.2
2020,7,Chilli,Maharashtra,Kharif,240.8,27.2,0.945,5.5,6611.79
2020,7,Chilli,Karnataka,Kharif,227.0,29.4,0.953,5.5,6750.31
2020,7,Chilli,Andhra Pradesh,Kharif,186.5,31.7,0.915,5.5,6619.18
2020,7,Chilli,Madhya Pradesh,Kharif,238.3,30.6,0.984,5.5,6071.97
2020,7,Chilli,Rajasthan,Kharif,171.6,27.0,0.899,5.5,6452.1
2020,7,Chilli,Gujarat,Kharif,209.5,25.1,0.957,5.5,6886.35
2020,7,Chilli,Bihar,Kharif,194.0,30.0,0.919,5.5,6567.97
2020,7,Chilli,West Bengal,Kharif,194.0,28.2,0.895,5.5,7016.43
2020,7,Chilli,Tamil Nadu,Kharif,156.1,29.8,0.976,5.5,6165.47
2020,7,Gram,Punjab,Rabi,176.8,28.3,1.064,5.5,5275.93
2020,7,Gram,Haryana,Rabi,159.5,28.2,1.115,5.5,5823.16
2020,7,Gram,UP,Rabi,156.8,28.7,1.135,5.5,5266.33
2020,7,Gram,Maharashtra,Rabi,161.8,27.5,1.135,5.5,5375.92
2020,7,Gram,Karnataka,Rabi,170.9,31.6,1.084,5.5,5749.79
2020,7,Gram,Andhra Pradesh,Rabi,139.6,29.0,1.139,5.5,5214.24
2020,7,Gram,Madhya Pradesh,Rabi,148.7,27.7,1.118,5.5,5825.14
2020,7,Gram,Rajasthan,Rabi,160.0,27.0,1.093,5.5,5224.94
2020,7,Gram,Gujarat,Rabi,159.8,27.7,1.083,5.5,5816.66
2020,7,Gram,Bihar,Rabi,157.2,26.8,1.135,5.5,5782.01
2020,7,Gram,West Bengal,Rabi,160.0,27.0,1.069,5.5,5965.35
2020,7,Gram,Tamil Nadu,Rabi,154.4,29.4,1.131,5.5,5399.42
2020,7,Mustard,Punjab,Rabi,206.8,26.6,0.858,5.5,4655.8
2020,7,Mustard,Haryana,Rabi,244.2,27.9,0.849,5.5,4899.96
2020,7,Mustard,UP,Rabi,202.1,24.4,0.851,5.5,4235.74
2020,7,Mustard,Maharashtra,Rabi,184.6,27.6,0.902,5.5,4318.56
2020,7,Mustard,Karnataka,Rabi,214.6,26.0,0.873,5.5,4312.16
2020,7,Mustard,Andhra Pradesh,Rabi,203.5,26.0,0.882,5.5,4219.06
2020,7,Mustard,Madhya Pradesh,Rabi,226.8,23.4,0.902,5.5,4729.88
2020,7,Mustard,Rajasthan,Rabi,226.3,26.5,0.913,5.5,4736.77
2020,7,Mustard,Gujarat,Rabi,248.9,26.7,0.891,5.5,4473.18
2020,7,Mustard,Bihar,Rabi,201.5,24.3,0.85,5.5,4901.93
2020,7,Mustard,West Bengal,Rabi,225.0,25.4,0.891,5.5,4693.8
2020,7,Mustard,Tamil Nadu,Rabi,235.1,23.3,0.897,5.5,4360.75
2020,8,Wheat,Punjab,Rabi,198.2,26.5,1.067,5.5,2259.41
2020,8,Wheat,Haryana,Rabi,209.9,26.8,1.099,5.5,2257.89
2020,8,Wheat,UP,Rabi,226.7,24.4,1.106,5.5,2308.25
2020,8,Wheat,Maharashtra,Rabi,217.5,26.5,1.141,5.5,2257.14
2020,8,Wheat,Karnataka,Rabi,199.7,29.0,1.088,5.5,2363.19
2020,8,Wheat,Andhra Pradesh,Rabi,227.7,26.8,1.078,5.5,2239.0
2020,8,Wheat,Madhya Pradesh,Rabi,260.9,25.1,1.14,5.5,2263.13
2020,8,Wheat,Rajasthan,Rabi,262.2,27.3,1.049,5.5,2530.18
2020,8,Wheat,Gujarat,Rabi,213.0,26.8,1.081,5.5,2407.38
2020,8,Wheat,Bihar,Rabi,220.3,31.6,1.093,5.5,2260.87
2020,8,Wheat,West Bengal,Rabi,233.4,25.7,1.142,5.5,2266.78
2020,8,Wheat,Tamil Nadu,Rabi,242.1,27.1,1.043,5.5,2247.51
2020,8,Rice,Punjab,Kharif,270.6,20.8,0.955,5.5,1825.31
2020,8,Rice,Haryana,Kharif,277.5,16.8,0.935,5.5,1973.89
2020,8,Rice,UP,Kharif,284.4,16.9,0.975,5.5,1968.98
2020,8,Rice,Maharashtra,Kharif,264.3,18.1,0.925,5.5,1854.35
2020,8,Rice,Karnataka,Kharif,263.3,20.9,0.936,5.5,1935.75
2020,8,Rice,Andhra Pradesh,Kharif,258.2,18.7,0.978,5.5,1930.44
2020,8,Rice,Madhya Pradesh,Kharif,285.6,21.2,0.971,5.5,1935.07
2020,8,Rice,Rajasthan,Kharif,265.6,21.1,0.958,5.5,1821.2
2020,8,Rice,Gujarat,Kharif,256.6,18.5,0.969,5.5,1913.0
2020,8,Rice,Bihar,Kharif,264.9,22.1,0.928,5.5,1919.59
2020,8,Rice,West Bengal,Kharif,275.0,18.8,0.905,5.5,2010.99
2020,8,Rice,Tamil Nadu,Kharif,262.4,21.6,0.962,5.5,1908.02
2020,8,Maize,Punjab,Kharif,236.4,26.7,0.907,5.5,1822.67
2020,8,Maize,Haryana,Kharif,254.8,29.9,0.889,5.5,1865.78
2020,8,Maize,UP,Kharif,224.7,28.4,0.918,5.5,2088.76
2020,8,Maize,Maharashtra,Kharif,270.0,27.1,0.87,5.5,2047.62
2020,8,Maize,Karnataka,Kharif,247.2,27.4,0.878,5.5,1895.3
2020,8,Maize,Andhra Pradesh,Kharif,245.6,26.0,0.905,5.5,2096.12
2020,8,Maize,Madhya Pradesh,Kharif,244.8,26.0,0.915,5.5,2090.16
2020,8,Maize,Rajasthan,Kharif,259.4,24.3,0.941,5.5,1917.89
2020,8,Maize,Gujarat,Kharif,263.6,29.4,0.944,5.5,1818.64
2020,8,Maize,Bihar,Kharif,250.8,30.7,0.875,5.5,2100.23
2020,8,Maize,West Bengal,Kharif,255.6,28.0,0.928,5.5,1979.05
2020,8,Maize,Tamil Nadu,Kharif,214.9,29.5,0.858,5.5,1869.02
2020,8,Potato,Punjab,Rabi,176.5,24.9,0.898,5.5,783.76
2020,8,Potato,Haryana,Rabi,164.0,26.3,0.922,5.5,680.69
2020,8,Potato,UP,Rabi,205.4,25.3,0.935,5.5,772.32
2020,8,Potato,Maharashtra,Rabi,185.7,25.8,0.897,5.5,718.22
2020,8,Potato,Karnataka,Rabi,218.6,25.5,0.974,5.5,747.79
2020,8,Potato,Andhra Pradesh,Rabi,189.6,30.7,0.98,5.5,717.0
2020,8,Potato,Madhya Pradesh,Rabi,185.0,26.3,0.961,5.5,768.71
2020,8,Potato,Rajasthan,Rabi,195.4,24.9,0.914,5.5,702.64
2020,8,Potato,Gujarat,Rabi,197.6,22.8,0.921,5.5,712.6
2020,8,Potato,Bihar,Rabi,185.6,23.8,0.965,5.5,748.42
2020,8,Potato,West Bengal,Rabi,198.1,22.5,0.961,5.5,775.38
2020,8,Potato,Tamil Nadu,Rabi,202.4,20.6,0.901,5.5,705.37
2020,8,Tomato,Punjab,Year-round,188.2,28.4,0.888,5.5,905.98
2020,8,Tomato,Haryana,Year-round,222.5,24.4,0.873,5.5,966.51
2020,8,Tomato,UP,Year-round,216.1,25.1,0.897,5.5,1002.17
2020,8,Tomato,Maharashtra,Year-round,152.8,28.4,0.896,5.5,1024.04
2020,8,Tomato,Karnataka,Year-round,210.5,25.6,0.899,5.5,1010.97
2020,8,Tomato,Andhra Pradesh,Year-round,185.6,25.6,0.86,5.5,908.87
2020,8,Tomato,Madhya Pradesh,Year-round,219.1,23.3,0.881,5.5,1018.76
2020,8,Tomato,Rajasthan,Year-round,225.3,21.5,0.846,5.5,895.16
2020,8,Tomato,Gujarat,Year-round,207.8,22.6,0.895,5.5,998.83
2020,8,Tomato,Bihar,Year-round,212.4,24.5,0.913,5.5,919.69
2020,8,Tomato,West Bengal,Year-round,220.5,25.1,0.89,5.5,936.41
2020,8,Tomato,Tamil Nadu,Year-round,220.0,25.3,0.89,5.5,986.41
2020,8,Onion,Punjab,Rabi,248.4,19.9,0.917,5.5,1457.84
2020,8,Onion,Haryana,Rabi,212.9,24.3,0.945,5.5,1465.43
2020,8,Onion,UP,Rabi,214.8,20.8,0.9,5.5,1346.16
2020,8,Onion,Maharashtra,Rabi,238.6,23.1,0.929,5.5,1503.13
2020,8,Onion,Karnataka,Rabi,264.9,21.2,0.963,5.5,1427.27
2020,8,Onion,Andhra Pradesh,Rabi,243.9,21.9,0.92,5.5,1437.21
2020,8,Onion,Madhya Pradesh,Rabi,207.0,19.6,0.938,5.5,1289.54
2020,8,Onion,Rajasthan,Rabi,215.4,21.2,0.9,5.5,1440.4
2020,8,Onion,Gujarat,Rabi,199.1,25.2,0.96,5.5,1436.38
2020,8,Onion,Bihar,Rabi,260.3,17.3,0.954,5.5,1403.03
2020,8,Onion,West Bengal,Rabi,222.7,22.6,0.909,5.5,1430.4
2020,8,Onion,Tamil Nadu,Rabi,232.6,25.5,0.91,5.5,1425.8
2020,8,Soybean,Punjab,Kharif,223.4,29.7,1.108,5.5,4631.79
2020,8,Soybean,Haryana,Kharif,245.9,28.5,1.072,5.5,4999.16
2020,8,Soybean,UP,Kharif,250.7,30.4,1.156,5.5,4902.56
2020,8,Soybean,Maharashtra,Kharif,247.1,25.9,1.061,5.5,5323.4
2020,8,Soybean,Karnataka,Kharif,225.0,28.1,1.15,5.5,4826.57
2020,8,Soybean,Andhra Pradesh,Kharif,192.4,32.9,1.104,5.5,4898.31
2020,8,Soybean,Madhya Pradesh,Kharif,248.8,26.4,1.099,5.5,5398.33
2020,8,Soybean,Rajasthan,Kharif,257.9,29.2,1.064,5.5,4668.53
2020,8,Soybean,Gujarat,Kharif,239.6,28.1,1.133,5.5,4675.31
2020,8,Soybean,Bihar,Kharif,250.5,29.1,1.138,5.5,5073.32
2020,8,Soybean,West Bengal,Kharif,240.7,31.5,1.104,5.5,5271.7
2020,8,Soybean,Tamil Nadu,Kharif,243.5,28.5,1.096,5.5,5314.06
2020,8,Cotton,Punjab,Kharif,212.9,41.8,1.15,5.5,7104.55
2020,8,Cotton,Haryana,Kharif,142.0,38.8,1.191,5.5,7192.03
2020,8,Cotton,UP,Kharif,162.4,34.0,1.109,5.5,7663.48
2020,8,Cotton,Maharashtra,Kharif,191.5,36.7,1.1,5.5,7523.04
2020,8,Cotton,Karnataka,Kharif,151.8,40.6,1.203,5.5,6644.12
2020,8,Cotton,Andhra Pradesh,Kharif,159.6,39.8,1.183,5.5,6709.53
2020,8,Cotton,Madhya Pradesh,Kharif,156.0,38.5,1.197,5.5,7535.57
2020,8,Cotton,Rajasthan,Kharif,158.2,35.9,1.184,5.5,6771.97
2020,8,Cotton,Gujarat,Kharif,171.6,39.0,1.113,5.5,7141.17
2020,8,Cotton,Bihar,Kharif,160.9,33.6,1.137,5.5,7686.75
2020,8,Cotton,West Bengal,Kharif,138.2,36.5,1.112,5.5,6795.11
2020,8,Cotton,Tamil Nadu,Kharif,189.6,37.4,1.154,5.5,6812.58
2020,8,Sugarcane,Punjab,Year-round,234.2,35.0,1.011,5.5,318.49
2020,8,Sugarcane,Haryana,Year-round,262.7,35.0,1.016,5.5,285.02
2020,8,Sugarcane,UP,Year-round,286.3,33.5,0.951,5.5,284.62
2020,8,Sugarcane,Maharashtra,Year-round,291.2,32.8,0.95,5.5,316.53
2020,8,Sugarcane,Karnataka,Year-round,235.6,32.0,0.958,5.5,293.56
2020,8,Sugarcane,Andhra Pradesh,Year-round,232.8,37.4,1.012,5.5,303.94
2020,8,Sugarcane,Madhya Pradesh,Year-round,272.1,37.1,1.033,5.5,319.97
2020,8,Sugarcane,Rajasthan,Year-round,213.1,31.0,0.965,5.5,328.26
2020,8,Sugarcane,Gujarat,Year-round,242.5,32.6,0.966,5.5,291.93
2020,8,Sugarcane,Bihar,Year-round,252.9,33.5,0.972,5.5,331.96
2020,8,Sugarcane,West Bengal,Year-round,228.7,32.4,0.95,5.5,307.03
2020,8,Sugarcane,Tamil Nadu,Year-round,243.6,31.2,0.954,5.5,331.14
2020,8,Chilli,Punjab,Kharif,186.0,19.3,0.939,5.5,6698.44
2020,8,Chilli,Haryana,Kharif,192.3,21.7,0.99,5.5,7594.86
2020,8,Chilli,UP,Kharif,185.4,19.4,0.981,5.5,6677.04
2020,8,Chilli,Maharashtra,Kharif,188.2,20.0,0.975,5.5,7693.02
2020,8,Chilli,Karnataka,Kharif,196.1,19.5,0.987,5.5,7461.99
2020,8,Chilli,Andhra Pradesh,Kharif,155.8,21.5,0.911,5.5,7557.56
2020,8,Chilli,Madhya Pradesh,Kharif,146.6,20.8,0.922,5.5,7662.74
2020,8,Chilli,Rajasthan,Kharif,187.8,20.2,0.969,5.5,7541.1
2020,8,Chilli,Gujarat,Kharif,181.4,24.0,0.958,5.5,7009.85
2020,8,Chilli,Bihar,Kharif,166.1,19.2,0.983,5.5,7652.49
2020,8,Chilli,West Bengal,Kharif,204.5,20.3,0.95,5.5,7197.3
2020,8,Chilli,Tamil Nadu,Kharif,189.2,21.9,0.929,5.5,7225.97
2020,8,Gram,Punjab,Rabi,283.3,32.9,1.16,5.5,5926.04
2020,8,Gram,Haryana,Rabi,308.8,30.5,1.164,5.5,5828.56
2020,8,Gram,UP,Rabi,265.0,31.9,1.197,5.5,5769.45
2020,8,Gram,Maharashtra,Rabi,277.7,33.0,1.166,5.5,6623.55
2020,8,Gram,Karnataka,Rabi,256.4,34.2,1.121,5.5,6169.98
2020,8,Gram,Andhra Pradesh,Rabi,286.9,31.2,1.124,5.5,6152.37
2020,8,Gram,Madhya Pradesh,Rabi,282.0,33.6,1.146,5.5,6128.18
2020,8,Gram,Rajasthan,Rabi,291.8,31.6,1.126,5.5,6682.54
2020,8,Gram,Gujarat,Rabi,278.1,31.4,1.168,5.5,6099.7
2020,8,Gram,Bihar,Rabi,294.3,31.1,1.15,5.5,6496.74
2020,8,Gram,West Bengal,Rabi,292.7,26.9,1.188,5.5,5943.56
2020,8,Gram,Tamil Nadu,Rabi,265.5,30.3,1.093,5.5,6699.36
2020,8,Mustard,Punjab,Rabi,193.0,25.4,0.955,5.5,4799.47
2020,8,Mustard,Haryana,Rabi,185.9,25.8,0.93,5.5,5487.58
2020,8,Mustard,UP,Rabi,229.6,23.2,0.966,5.5,5359.61
2020,8,Mustard,Maharashtra,Rabi,234.5,23.7,1.011,5.5,5053.18
2020,8,Mustard,Karnataka,Rabi,191.8,24.4,0.968,5.5,4807.62
2020,8,Mustard,Andhra Pradesh,Rabi,213.9,24.0,0.984,5.5,5500.21
2020,8,Mustard,Madhya Pradesh,Rabi,194.2,24.9,0.945,5.5,5540.72
2020,8,Mustard,Rajasthan,Rabi,201.7,21.8,0.969,5.5,5093.11
2020,8,Mustard,Gujarat,Rabi,230.6,23.7,1.015,5.5,5559.04
2020,8,Mustard,Bihar,Rabi,201.7,21.4,0.957,5.5,5493.33
2020,8,Mustard,West Bengal,Rabi,223.7,23.4,0.967,5.5,5097.83
2020,8,Mustard,Tamil Nadu,Rabi,233.1,24.2,0.938,5.5,5200.48
2020,9,Wheat,Punjab,Rabi,224.0,24.3,0.941,5.5,2269.73
2020,9,Wheat,Haryana,Rabi,284.4,27.3,0.955,5.5,2182.29
2020,9,Wheat,UP,Rabi,220.7,25.3,0.973,5.5,2289.75
2020,9,Wheat,Maharashtra,Rabi,224.0,23.0,0.949,5.5,2360.04
2020,9,Wheat,Karnataka,Rabi,229.1,26.3,0.97,5.5,2246.54
2020,9,Wheat,Andhra Pradesh,Rabi,261.3,25.8,0.944,5.5,2078.01
2020,9,Wheat,Madhya Pradesh,Rabi,226.3,28.9,0.919,5.5,2109.16
2020,9,Wheat,Rajasthan,Rabi,259.0,26.3,0.934,5.5,2392.45
2020,9,Wheat,Gujarat,Rabi,235.9,26.7,0.915,5.5,2175.73
2020,9,Wheat,Bihar,Rabi,223.7,26.0,0.945,5.5,2134.4
2020,9,Wheat,West Bengal,Rabi,223.0,28.5,0.994,5.5,2205.64
2020,9,Wheat,Tamil Nadu,Rabi,219.3,26.4,0.971,5.5,2120.49
2020,9,Rice,Punjab,Kharif,378.1,27.3,0.944,5.5,2318.18
2020,9,Rice,Haryana,Kharif,353.9,29.3,0.963,5.5,2227.86
2020,9,Rice,UP,Kharif,376.9,30.0,0.967,5.5,2285.91
2020,9,Rice,Maharashtra,Kharif,396.1,25.1,0.931,5.5,2134.69
2020,9,Rice,Karnataka,Kharif,345.3,23.3,0.968,5.5,2361.32
2020,9,Rice,Andhra Pradesh,Kharif,328.5,26.6,0.911,5.5,2210.22
2020,9,Rice,Madhya Pradesh,Kharif,357.4,27.4,0.95,5.5,2278.35
2020,9,Rice,Rajasthan,Kharif,358.3,24.6,0.923,5.5,2259.39
2020,9,Rice,Gujarat,Kharif,380.2,30.6,0.957,5.5,2293.75
2020,9,Rice,Bihar,Kharif,395.6,27.3,0.916,5.5,2314.63
2020,9,Rice,West Bengal,Kharif,393.2,27.1,0.936,5.5,2358.49
2020,9,Rice,Tamil Nadu,Kharif,326.6,27.7,0.95,5.5,2122.75
2020,9,Maize,Punjab,Kharif,203.2,34.9,0.9,5.5,2298.71
2020,9,Maize,Haryana,Kharif,197.0,31.6,0.883,5.5,2145.58
2020,9,Maize,UP,Kharif,170.9,37.1,0.915,5.5,2151.52
2020,9,Maize,Maharashtra,Kharif,198.3,33.4,0.885,5.5,2261.64
2020,9,Maize,Karnataka,Kharif,206.0,32.5,0.906,5.5,1975.27
2020,9,Maize,Andhra Pradesh,Kharif,186.2,33.9,0.935,5.5,2260.57
2020,9,Maize,Madhya Pradesh,Kharif,183.8,34.8,0.901,5.5,2000.37
2020,9,Maize,Rajasthan,Kharif,192.0,34.8,0.945,5.5,2222.6
2020,9,Maize,Gujarat,Kharif,205.7,36.0,0.887,5.5,2027.87
2020,9,Maize,Bihar,Kharif,188.4,31.9,0.888,5.5,2066.0
2020,9,Maize,West Bengal,Kharif,241.2,36.5,0.953,5.5,2182.57
2020,9,Maize,Tamil Nadu,Kharif,161.8,38.9,0.894,5.5,2135.47
2020,9,Potato,Punjab,Rabi,186.1,25.2,0.904,5.5,739.96
2020,9,Potato,Haryana,Rabi,169.3,28.0,0.975,5.5,718.88
2020,9,Potato,UP,Rabi,178.6,28.4,0.983,5.5,745.41
2020,9,Potato,Maharashtra,Rabi,172.4,32.3,0.897,5.5,791.27
2020,9,Potato,Karnataka,Rabi,179.3,27.8,0.951,5.5,684.42
2020,9,Potato,Andhra Pradesh,Rabi,143.9,28.0,0.936,5.5,772.03
2020,9,Potato,Madhya Pradesh,Rabi,144.2,28.6,0.988,5.5,730.98
2020,9,Potato,Rajasthan,Rabi,165.7,25.5,0.946,5.5,705.87
2020,9,Potato,Gujarat,Rabi,165.1,31.5,0.953,5.5,728.92
2020,9,Potato,Bihar,Rabi,164.4,27.6,0.978,5.5,762.35
2020,9,Potato,West Bengal,Rabi,177.6,28.0,0.928,5.5,679.17
2020,9,Potato,Tamil Nadu,Rabi,161.5,30.6,0.944,5.5,731.14
2020,9,Tomato,Punjab,Year-round,247.2,35.7,1.113,5.5,1439.99
2020,9,Tomato,Haryana,Year-round,248.4,37.1,1.073,5.5,1401.05
2020,9,Tomato,UP,Year-round,200.6,32.4,1.133,5.5,1433.52
2020,9,Tomato,Maharashtra,Year-round,253.5,32.8,1.095,5.5,1379.36
2020,9,Tomato,Karnataka,Year-round,274.0,32.5,1.171,5.5,1274.75
2020,9,Tomato,Andhra Pradesh,Year-round,245.1,32.2,1.095,5.5,1408.44
2020,9,Tomato,Madhya Pradesh,Year-round,241.1,30.4,1.119,5.5,1412.47
2020,9,Tomato,Rajasthan,Year-round,216.6,37.9,1.113,5.5,1286.02
2020,9,Tomato,Gujarat,Year-round,243.4,33.0,1.1,5.5,1312.56
2020,9,Tomato,Bihar,Year-round,221.0,31.8,1.107,5.5,1234.95
2020,9,Tomato,West Bengal,Year-round,282.1,33.9,1.133,5.5,1262.98
2020,9,Tomato,Tamil Nadu,Year-round,265.3,28.1,1.153,5.5,1407.25
2020,9,Onion,Punjab,Rabi,139.6,16.9,1.063,5.5,1440.88
2020,9,Onion,Haryana,Rabi,189.6,18.9,1.109,5.5,1454.39
2020,9,Onion,UP,Rabi,163.2,18.5,1.067,5.5,1487.01
2020,9,Onion,Maharashtra,Rabi,181.0,19.9,1.045,5.5,1601.56
2020,9,Onion,Karnataka,Rabi,163.0,20.5,1.098,5.5,1512.26
2020,9,Onion,Andhra Pradesh,Rabi,152.9,19.8,1.086,5.5,1541.35
2020,9,Onion,Madhya Pradesh,Rabi,184.8,20.0,1.029,5.5,1428.33
2020,9,Onion,Rajasthan,Rabi,142.8,17.8,1.069,5.5,1562.71
2020,9,Onion,Gujarat,Rabi,126.6,15.6,1.104,5.5,1445.6
2020,9,Onion,Bihar,Rabi,156.9,18.4,1.125,5.5,1586.65
2020,9,Onion,West Bengal,Rabi,169.8,15.6,1.074,5.5,1565.25
2020,9,Onion,Tamil Nadu,Rabi,159.6,20.1,1.032,5.5,1500.47
2020,9,Soybean,Punjab,Kharif,315.0,21.6,0.816,5.5,4292.28
2020,9,Soybean,Haryana,Kharif,334.6,23.1,0.848,5.5,4140.69
2020,9,Soybean,UP,Kharif,323.2,18.6,0.873,5.5,4350.3
2020,9,Soybean,Maharashtra,Kharif,298.7,21.3,0.876,5.5,4418.76
2020,9,Soybean,Karnataka,Kharif,319.1,25.3,0.873,5.5,4251.03
2020,9,Soybean,Andhra Pradesh,Kharif,318.5,23.5,0.853,5.5,4628.94
2020,9,Soybean,Madhya Pradesh,Kharif,315.8,23.3,0.821,5.5,4182.82
2020,9,Soybean,Rajasthan,Kharif,317.3,19.7,0.858,5.5,4298.95
2020,9,Soybean,Gujarat,Kharif,328.8,22.8,0.841,5.5,4232.93
2020,9,Soybean,Bihar,Kharif,288.6,21.7,0.82,5.5,4527.11
2020,9,Soybean,West Bengal,Kharif,315.6,20.6,0.848,5.5,4238.01
2020,9,Soybean,Tamil Nadu,Kharif,294.4,22.3,0.877,5.5,4207.12
2020,9,Cotton,Punjab,Kharif,98.0,26.1,1.13,5.5,7528.38
2020,9,Cotton,Haryana,Kharif,91.7,29.3,1.131,5.5,7847.16
2020,9,Cotton,UP,Kharif,78.2,27.5,1.112,5.5,7319.21
2020,9,Cotton,Maharashtra,Kharif,67.2,30.9,1.064,5.5,7991.92
2020,9,Cotton,Karnataka,Kharif,130.0,35.4,1.068,5.5,6858.27
2020,9,Cotton,Andhra Pradesh,Kharif,79.1,32.7,1.084,5.5,7631.41
2020,9,Cotton,Madhya Pradesh,Kharif,123.2,29.7,1.096,5.5,7980.87
2020,9,Cotton,Rajasthan,Kharif,110.9,33.3,1.14,5.5,7747.47
2020,9,Cotton,Gujarat,Kharif,67.0,31.9,1.09,5.5,7920.18
2020,9,Cotton,Bihar,Kharif,75.5,32.0,1.051,5.5,7705.98
2020,9,Cotton,West Bengal,Kharif,96.6,27.7,1.128,5.5,7616.77
2020,9,Cotton,Tamil Nadu,Kharif,82.3,29.3,1.108,5.5,7474.34
2020,9,Sugarcane,Punjab,Year-round,238.7,28.1,1.076,5.5,375.14
2020,9,Sugarcane,Haryana,Year-round,216.5,26.8,1.064,5.5,366.03
2020,9,Sugarcane,UP,Year-round,221.8,25.3,1.109,5.5,370.85
2020,9,Sugarcane,Maharashtra,Year-round,210.5,28.2,1.059,5.5,347.72
2020,9,Sugarcane,Karnataka,Year-round,225.8,28.8,1.097,5.5,379.13
2020,9,Sugarcane,Andhra Pradesh,Year-round,196.4,29.9,1.114,5.5,353.72
2020,9,Sugarcane,Madhya Pradesh,Year-round,209.6,25.9,1.134,5.5,328.04
2020,9,Sugarcane,Rajasthan,Year-round,197.7,25.6,1.094,5.5,360.01
2020,9,Sugarcane,Gujarat,Year-round,207.9,28.8,1.064,5.5,355.07
2020,9,Sugarcane,Bihar,Year-round,234.7,27.5,1.07,5.5,377.51
2020,9,Sugarcane,West Bengal,Year-round,194.0,24.8,1.057,5.5,365.02
2020,9,Sugarcane,Tamil Nadu,Year-round,197.3,27.3,1.066,5.5,335.51
2020,9,Chilli,Punjab,Kharif,207.8,30.8,0.845,5.5,6966.52
2020,9,Chilli,Haryana,Kharif,252.1,28.7,0.856,5.5,6075.15
2020,9,Chilli,UP,Kharif,213.2,29.8,0.824,5.5,6395.1
2020,9,Chilli,Maharashtra,Kharif,225.1,28.7,0.845,5.5,6836.93
2020,9,Chilli,Karnataka,Kharif,206.7,35.0,0.85,5.5,6230.63
2020,9,Chilli,Andhra Pradesh,Kharif,181.2,30.6,0.863,5.5,6613.14
2020,9,Chilli,Madhya Pradesh,Kharif,219.1,29.9,0.82,5.5,6693.05
2020,9,Chilli,Rajasthan,Kharif,241.3,31.1,0.891,5.5,6189.37
2020,9,Chilli,Gujarat,Kharif,254.4,27.4,0.828,5.5,6067.95
2020,9,Chilli,Bihar,Kharif,228.0,31.3,0.816,5.5,6793.07
2020,9,Chilli,West Bengal,Kharif,229.9,32.7,0.892,5.5,6220.94
2020,9,Chilli,Tamil Nadu,Kharif,247.6,34.7,0.819,5.5,6054.64
2020,9,Gram,Punjab,Rabi,210.1,26.8,1.018,5.5,5464.77
2020,9,Gram,Haryana,Rabi,210.6,25.5,0.993,5.5,5918.73
2020,9,Gram,UP,Rabi,233.9,23.8,1.064,5.5,5293.74
2020,9,Gram,Maharashtra,Rabi,205.3,28.3,1.063,5.5,5915.87
2020,9,Gram,Karnataka,Rabi,237.8,26.5,1.088,5.5,5931.56
2020,9,Gram,Andhra Pradesh,Rabi,233.8,25.9,1.089,5.5,5153.09
2020,9,Gram,Madhya Pradesh,Rabi,258.4,25.0,1.016,5.5,5238.62
2020,9,Gram,Rajasthan,Rabi,201.6,22.5,1.036,5.5,5580.92
2020,9,Gram,Gujarat,Rabi,210.0,19.0,1.021,5.5,5518.28
2020,9,Gram,Bihar,Rabi,245.8,25.7,1.008,5.5,5192.92
2020,9,Gram,West Bengal,Rabi,201.4,27.1,1.089,5.5,5148.61
2020,9,Gram,Tamil Nadu,Rabi,194.0,23.0,1.045,5.5,5680.97
2020,9,Mustard,Punjab,Rabi,133.2,26.7,1.058,5.5,5886.68
2020,9,Mustard,Haryana,Rabi,159.2,25.8,1.025,5.5,6416.31
2020,9,Mustard,UP,Rabi,186.2,25.7,1.095,5.5,5719.68
2020,9,Mustard,Maharashtra,Rabi,205.7,27.9,1.054,5.5,5675.5
2020,9,Mustard,Karnataka,Rabi,162.0,23.8,1.042,5.5,5896.58
2020,9,Mustard,Andhra Pradesh,Rabi,152.7,27.3,1.009,5.5,6241.26
2020,9,Mustard,Madhya Pradesh,Rabi,185.9,26.8,1.006,5.5,6348.62
2020,9,Mustard,Rajasthan,Rabi,185.6,26.8,1.01,5.5,5984.72
2020,9,Mustard,Gujarat,Rabi,183.6,26.0,1.098,5.5,5711.95
2020,9,Mustard,Bihar,Rabi,183.7,25.6,1.093,5.5,6429.26
2020,9,Mustard,West Bengal,Rabi,177.5,27.0,1.048,5.5,5660.83
2020,9,Mustard,Tamil Nadu,Rabi,119.3,25.1,1.06,5.5,5581.41
2020,10,Wheat,Punjab,Rabi,158.6,27.1,1.184,5.5,2715.67
2020,10,Wheat,Haryana,Rabi,98.7,26.5,1.095,5.5,2434.66
2020,10,Wheat,UP,Rabi,123.8,29.0,1.164,5.5,2538.42
2020,10,Wheat,Maharashtra,Rabi,92.3,26.6,1.183,5.5,2703.11
2020,10,Wheat,Karnataka,Rabi,117.5,29.7,1.157,5.5,2588.94
2020,10,Wheat,Andhra Pradesh,Rabi,116.7,25.0,1.112,5.5,2517.76
2020,10,Wheat,Madhya Pradesh,Rabi,125.9,27.5,1.091,5.5,2578.75
2020,10,Wheat,Rajasthan,Rabi,105.3,30.4,1.134,5.5,2575.4
2020,10,Wheat,Gujarat,Rabi,92.6,31.3,1.132,5.5,2525.86
2020,10,Wheat,Bihar,Rabi,85.5,27.6,1.152,5.5,2719.38
2020,10,Wheat,West Bengal,Rabi,123.1,29.1,1.173,5.5,2629.59
2020,10,Wheat,Tamil Nadu,Rabi,113.5,29.8,1.171,5.5,2733.2
2020,10,Rice,Punjab,Kharif,112.8,20.0,1.074,5.5,2732.56
2020,10,Rice,Haryana,Kharif,70.4,22.3,1.073,5.5,2769.2
2020,10,Rice,UP,Kharif,105.0,21.1,1.132,5.5,2631.26
2020,10,Rice,Maharashtra,Kharif,84.5,23.5,1.033,5.5,2712.01
2020,10,Rice,Karnataka,Kharif,116.7,21.0,1.095,5.5,2432.99
2020,10,Rice,Andhra Pradesh,Kharif,96.6,23.2,1.091,5.5,2684.22
2020,10,Rice,Madhya Pradesh,Kharif,87.5,22.5,1.133,5.5,2627.34
2020,10,Rice,Rajasthan,Kharif,106.3,26.3,1.122,5.5,2603.5
2020,10,Rice,Gujarat,Kharif,96.9,19.1,1.04,5.5,2376.22
2020,10,Rice,Bihar,Kharif,71.4,21.1,1.032,5.5,2652.66
2020,10,Rice,West Bengal,Kharif,94.3,24.8,1.093,5.5,2658.38
2020,10,Rice,Tamil Nadu,Kharif,145.9,22.2,1.131,5.5,2456.16
2020,10,Maize,Punjab,Kharif,187.8,24.7,0.978,5.5,2283.94
2020,10,Maize,Haryana,Kharif,196.1,25.9,1.048,5.5,2315.0
2020,10,Maize,UP,Kharif,150.5,25.2,1.065,5.5,2347.32
2020,10,Maize,Maharashtra,Kharif,167.3,24.1,1.069,5.5,2434.93
2020,10,Maize,Karnataka,Kharif,183.9,25.3,1.002,5.5,2285.1
2020,10,Maize,Andhra Pradesh,Kharif,183.4,26.9,0.993,5.5,2258.59
2020,10,Maize,Madhya Pradesh,Kharif,172.2,26.8,1.073,5.5,2474.69
2020,10,Maize,Rajasthan,Kharif,161.6,27.3,1.032,5.5,2324.73
2020,10,Maize,Gujarat,Kharif,163.3,22.9,1.065,5.5,2421.43
2020,10,Maize,Bihar,Kharif,181.2,24.9,1.053,5.5,2237.53
2020,10,Maize,West Bengal,Kharif,175.3,22.7,1.055,5.5,2270.98
2020,10,Maize,Tamil Nadu,Kharif,151.6,24.3,1.049,5.5,2373.4
2020,10,Potato,Punjab,Rabi,120.6,22.6,0.988,5.5,814.78
2020,10,Potato,Haryana,Rabi,154.8,25.2,0.977,5.5,779.88
2020,10,Potato,UP,Rabi,164.1,21.9,1.017,5.5,831.59
2020,10,Potato,Maharashtra,Rabi,139.7,28.3,0.928,5.5,829.51
2020,10,Potato,Karnataka,Rabi,149.1,22.4,0.98,5.5,855.93
2020,10,Potato,Andhra Pradesh,Rabi,139.6,20.7,0.952,5.5,811.47
2020,10,Potato,Madhya Pradesh,Rabi,166.4,21.0,0.945,5.5,808.94
2020,10,Potato,Rajasthan,Rabi,120.0,24.9,0.968,5.5,880.9
2020,10,Potato,Gujarat,Rabi,122.9,25.2,1.001,5.5,864.92
2020,10,Potato,Bihar,Rabi,165.1,23.8,0.984,5.5,799.88
2020,10,Potato,West Bengal,Rabi,175.4,26.3,1.003,5.5,869.09
2020,10,Potato,Tamil Nadu,Rabi,159.0,27.5,0.928,5.5,758.82
2020,10,Tomato,Punjab,Year-round,87.3,25.5,1.083,5.5,1291.63
2020,10,Tomato,Haryana,Year-round,95.7,29.8,1.109,5.5,1409.08
2020,10,Tomato,UP,Year-round,97.8,30.7,1.071,5.5,1268.58
2020,10,Tomato,Maharashtra,Year-round,64.3,23.8,1.059,5.5,1293.27
2020,10,Tomato,Karnataka,Year-round,110.7,27.3,1.023,5.5,1428.04
2020,10,Tomato,Andhra Pradesh,Year-round,84.6,28.2,1.056,5.5,1438.16
2020,10,Tomato,Madhya Pradesh,Year-round,88.6,30.0,1.099,5.5,1456.09
2020,10,Tomato,Rajasthan,Year-round,95.0,25.4,1.049,5.5,1334.3
2020,10,Tomato,Gujarat,Year-round,84.2,28.7,1.067,5.5,1421.15
2020,10,Tomato,Bihar,Year-round,96.9,27.8,1.067,5.5,1270.59
2020,10,Tomato,West Bengal,Year-round,75.0,30.1,1.075,5.5,1384.36
2020,10,Tomato,Tamil Nadu,Year-round,78.2,29.4,1.074,5.5,1280.16
2020,10,Onion,Punjab,Rabi,151.9,22.8,1.089,5.5,1732.31
2020,10,Onion,Haryana,Rabi,166.3,27.8,1.057,5.5,1569.28
2020,10,Onion,UP,Rabi,152.7,23.4,1.072,5.5,1603.46
2020,10,Onion,Maharashtra,Rabi,180.0,26.4,1.02,5.5,1689.36
2020,10,Onion,Karnataka,Rabi,156.0,26.4,1.027,5.5,1501.15
2020,10,Onion,Andhra Pradesh,Rabi,153.2,22.6,1.079,5.5,1521.84
2020,10,Onion,Madhya Pradesh,Rabi,158.0,25.4,1.017,5.5,1734.26
2020,10,Onion,Rajasthan,Rabi,142.9,21.9,1.019,5.5,1702.87
2020,10,Onion,Gujarat,Rabi,139.0,22.7,1.042,5.5,1629.26
2020,10,Onion,Bihar,Rabi,176.9,24.0,1.015,5.5,1722.6
2020,10,Onion,West Bengal,Rabi,133.5,28.4,1.064,5.5,1538.76
2020,10,Onion,Tamil Nadu,Rabi,130.8,22.7,1.052,5.5,1701.98
2020,10,Soybean,Punjab,Kharif,101.9,27.2,0.931,5.5,3869.44
2020,10,Soybean,Haryana,Kharif,138.7,24.2,0.879,5.5,4290.09
2020,10,Soybean,UP,Kharif,94.0,23.4,0.898,5.5,4412.28
2020,10,Soybean,Maharashtra,Kharif,119.6,27.5,0.891,5.5,4495.03
2020,10,Soybean,Karnataka,Kharif,114.8,26.3,0.929,5.5,3988.71
2020,10,Soybean,Andhra Pradesh,Kharif,127.5,28.2,0.891,5.5,4217.97
2020,10,Soybean,Madhya Pradesh,Kharif,115.5,24.2,0.917,5.5,4084.22
2020,10,Soybean,Rajasthan,Kharif,121.8,27.3,0.94,5.5,4318.36
2020,10,Soybean,Gujarat,Kharif,101.8,21.0,0.922,5.5,4337.39
2020,10,Soybean,Bihar,Kharif,98.4,22.5,0.956,5.5,4434.53
2020,10,Soybean,West Bengal,Kharif,58.1,24.2,0.918,5.5,4301.87
2020,10,Soybean,Tamil Nadu,Kharif,105.3,26.0,0.909,5.5,3912.43
2020,10,Cotton,Punjab,Kharif,137.2,33.6,0.903,5.5,6112.69
2020,10,Cotton,Haryana,Kharif,162.0,31.1,0.912,5.5,5885.48
2020,10,Cotton,UP,Kharif,134.6,29.7,0.982,5.5,6601.87
2020,10,Cotton,Maharashtra,Kharif,117.2,30.7,0.9,5.5,6108.4
2020,10,Cotton,Karnataka,Kharif,176.8,30.7,0.966,5.5,6358.13
2020,10,Cotton,Andhra Pradesh,Kharif,148.7,31.8,0.895,5.5,6413.52
2020,10,Cotton,Madhya Pradesh,Kharif,126.8,33.8,0.966,5.5,6486.99
2020,10,Cotton,Rajasthan,Kharif,135.2,34.4,0.945,5.5,6787.3
2020,10,Cotton,Gujarat,Kharif,166.2,31.5,0.891,5.5,6791.1
2020,10,Cotton,Bihar,Kharif,162.5,34.1,0.964,5.5,5862.67
2020,10,Cotton,West Bengal,Kharif,140.8,31.7,0.974,5.5,6806.6
2020,10,Cotton,Tamil Nadu,Kharif,153.4,36.5,0.898,5.5,6039.55
2020,10,Sugarcane,Punjab,Year-round,156.4,17.5,1.096,5.5,372.34
2020,10,Sugarcane,Haryana,Year-round,119.7,18.2,1.097,5.5,344.47
2020,10,Sugarcane,UP,Year-round,98.8,21.3,1.059,5.5,345.41
2020,10,Sugarcane,Maharashtra,Year-round,171.0,21.5,1.095,5.5,399.0
2020,10,Sugarcane,Karnataka,Year-round,111.4,22.4,1.094,5.5,347.0
2020,10,Sugarcane,Andhra Pradesh,Year-round,123.6,20.4,1.152,5.5,355.72
2020,10,Sugarcane,Madhya Pradesh,Year-round,140.7,14.3,1.079,5.5,365.2
2020,10,Sugarcane,Rajasthan,Year-round,129.0,17.2,1.095,5.5,387.54
2020,10,Sugarcane,Gujarat,Year-round,89.6,19.4,1.103,5.5,385.26
2020,10,Sugarcane,Bihar,Year-round,139.0,17.8,1.061,5.5,389.22
2020,10,Sugarcane,West Bengal,Year-round,130.4,21.4,1.085,5.5,345.03
2020,10,Sugarcane,Tamil Nadu,Year-round,123.5,16.4,1.063,5.5,365.67
2020,10,Chilli,Punjab,Kharif,163.9,28.0,0.879,5.5,6286.45
2020,10,Chilli,Haryana,Kharif,140.6,27.5,0.834,5.5,6729.17
2020,10,Chilli,UP,Kharif,167.8,30.7,0.882,5.5,6382.82
2020,10,Chilli,Maharashtra,Kharif,132.1,31.9,0.86,5.5,6176.41
2020,10,Chilli,Karnataka,Kharif,123.0,29.4,0.855,5.5,6830.81
2020,10,Chilli,Andhra Pradesh,Kharif,126.5,29.8,0.896,5.5,6505.73
2020,10,Chilli,Madhya Pradesh,Kharif,143.3,27.8,0.902,5.5,6308.83
2020,10,Chilli,Rajasthan,Kharif,154.2,28.1,0.85,5.5,6281.71
2020,10,Chilli,Gujarat,Kharif,111.3,27.0,0.835,5.5,6748.36
2020,10,Chilli,Bihar,Kharif,146.2,29.7,0.83,5.5,6291.6
2020,10,Chilli,West Bengal,Kharif,137.6,33.1,0.885,5.5,6790.62
2020,10,Chilli,Tamil Nadu,Kharif,160.8,31.0,0.876,5.5,6902.4
2020,10,Gram,Punjab,Rabi,119.3,24.1,0.935,5.5,4603.67
2020,10,Gram,Haryana,Rabi,132.3,26.6,0.977,5.5,4646.92
2020,10,Gram,UP,Rabi,138.2,27.4,0.923,5.5,4937.71
2020,10,Gram,Maharashtra,Rabi,113.6,26.2,0.96,5.5,4835.06
2020,10,Gram,Karnataka,Rabi,100.3,25.6,0.909,5.5,5157.54
2020,10,Gram,Andhra Pradesh,Rabi,88.0,24.5,0.972,5.5,5069.47
2020,10,Gram,Madhya Pradesh,Rabi,91.6,26.0,0.9,5.5,4908.45
2020,10,Gram,Rajasthan,Rabi,102.3,22.9,0.945,5.5,5325.01
2020,10,Gram,Gujarat,Rabi,122.2,25.3,0.923,5.5,4606.76
2020,10,Gram,Bihar,Rabi,127.9,26.9,0.935,5.5,4573.73
2020,10,Gram,West Bengal,Rabi,153.3,26.0,0.922,5.5,5263.56
2020,10,Gram,Tamil Nadu,Rabi,100.7,24.4,0.957,5.5,4688.68
2020,10,Mustard,Punjab,Rabi,169.6,28.9,1.14,5.5,5579.97
2020,10,Mustard,Haryana,Rabi,178.8,27.0,1.174,5.5,5810.91
2020,10,Mustard,UP,Rabi,141.9,27.8,1.1,5.5,5583.55
2020,10,Mustard,Maharashtra,Rabi,133.2,27.7,1.088,5.5,5799.4
2020,10,Mustard,Karnataka,Rabi,139.0,28.0,1.101,5.5,6444.45
2020,10,Mustard,Andhra Pradesh,Rabi,161.4,30.2,1.085,5.5,6443.54
2020,10,Mustard,Madhya Pradesh,Rabi,115.5,27.7,1.139,5.5,6350.3
2020,10,Mustard,Rajasthan,Rabi,152.8,29.3,1.179,5.5,6336.68
2020,10,Mustard,Gujarat,Rabi,140.9,28.8,1.173,5.5,5773.55
2020,10,Mustard,Bihar,Rabi,138.1,30.6,1.115,5.5,5692.99
2020,10,Mustard,West Bengal,Rabi,160.8,28.2,1.077,5.5,5581.69
2020,10,Mustard,Tamil Nadu,Rabi,144.3,28.2,1.093,5.5,5935.73
2020,11,Wheat,Punjab,Rabi,109.7,26.9,0.955,5.5,2274.64
2020,11,Wheat,Haryana,Rabi,108.2,29.4,1.025,5.5,2481.96
2020,11,Wheat,UP,Rabi,140.4,23.8,0.947,5.5,2264.49
2020,11,Wheat,Maharashtra,Rabi,118.5,26.1,0.985,5.5,2532.6
2020,11,Wheat,Karnataka,Rabi,173.6,29.1,0.988,5.5,2242.77
2020,11,Wheat,Andhra Pradesh,Rabi,146.7,23.9,0.985,5.5,2322.2
2020,11,Wheat,Madhya Pradesh,Rabi,169.5,29.2,1.018,5.5,2408.01
2020,11,Wheat,Rajasthan,Rabi,125.4,26.3,1.001,5.5,2221.8
2020,11,Wheat,Gujarat,Rabi,156.4,28.8,0.949,5.5,2550.1
2020,11,Wheat,Bihar,Rabi,138.9,28.0,1.019,5.5,2281.23
2020,11,Wheat,West Bengal,Rabi,148.6,22.1,1.028,5.5,2468.3
2020,11,Wheat,Tamil Nadu,Rabi,147.5,26.7,0.991,5.5,2343.2
2020,11,Rice,Punjab,Kharif,187.1,29.9,1.044,5.5,2507.59
2020,11,Rice,Haryana,Kharif,183.8,27.1,0.977,5.5,2435.34
2020,11,Rice,UP,Kharif,177.3,29.9,1.005,5.5,2351.71
2020,11,Rice,Maharashtra,Kharif,192.6,30.2,1.051,5.5,2302.74
2020,11,Rice,Karnataka,Kharif,186.5,31.1,1.042,5.5,2528.43
2020,11,Rice,Andhra Pradesh,Kharif,213.5,29.6,1.022,5.5,2197.38
2020,11,Rice,Madhya Pradesh,Kharif,169.7,31.8,1.06,5.5,2419.44
2020,11,Rice,Rajasthan,Kharif,195.0,29.5,1.013,5.5,2328.38
2020,11,Rice,Gujarat,Kharif,143.4,31.9,1.053,5.5,2437.3
2020,11,Rice,Bihar,Kharif,169.1,29.6,1.062,5.5,2375.11
2020,11,Rice,West Bengal,Kharif,179.6,32.0,1.036,5.5,2169.27
2020,11,Rice,Tamil Nadu,Kharif,191.2,27.8,1.049,5.5,2501.75
2020,11,Maize,Punjab,Kharif,136.0,35.3,1.023,5.5,2601.42
2020,11,Maize,Haryana,Kharif,125.3,35.3,0.991,5.5,2348.13
2020,11,Maize,UP,Kharif,113.7,37.1,1.086,5.5,2572.13
2020,11,Maize,Maharashtra,Kharif,94.0,35.8,1.013,5.5,2646.86
2020,11,Maize,Karnataka,Kharif,129.1,32.9,1.011,5.5,2327.6
2020,11,Maize,Andhra Pradesh,Kharif,133.6,37.4,1.045,5.5,2692.87
2020,11,Maize,Madhya Pradesh,Kharif,136.3,37.0,1.015,5.5,2645.04
2020,11,Maize,Rajasthan,Kharif,129.5,34.3,1.077,5.5,2534.9
2020,11,Maize,Gujarat,Kharif,158.2,31.2,1.035,5.5,2688.5
2020,11,Maize,Bihar,Kharif,123.6,35.3,1.042,5.5,2637.74
2020,11,Maize,West Bengal,Kharif,129.0,34.7,1.035,5.5,2303.99
2020,11,Maize,Tamil Nadu,Kharif,148.6,33.3,1.021,5.5,2616.14
2020,11,Potato,Punjab,Rabi,76.9,23.1,0.909,5.5,784.85
2020,11,Potato,Haryana,Rabi,119.0,21.7,0.909,5.5,746.27
2020,11,Potato,UP,Rabi,131.1,20.8,0.96,5.5,794.2
2020,11,Potato,Maharashtra,Rabi,46.3,19.8,0.933,5.5,794.08
2020,11,Potato,Karnataka,Rabi,96.6,19.6,0.892,5.5,798.51
2020,11,Potato,Andhra Pradesh,Rabi,98.6,22.7,0.884,5.5,792.48
2020,11,Potato,Madhya Pradesh,Rabi,79.0,24.3,0.956,5.5,779.5
2020,11,Potato,Rajasthan,Rabi,138.7,25.1,0.902,5.5,802.23
2020,11,Potato,Gujarat,Rabi,63.1,20.5,0.88,5.5,755.55
2020,11,Potato,Bihar,Rabi,102.9,18.8,0.93,5.5,715.97
2020,11,Potato,West Bengal,Rabi,72.8,17.9,0.951,5.5,758.42
2020,11,Potato,Tamil Nadu,Rabi,98.4,22.1,0.934,5.5,742.64
2020,11,Tomato,Punjab,Year-round,92.6,23.5,1.145,5.5,1420.4
2020,11,Tomato,Haryana,Year-round,130.2,22.4,1.066,5.5,1525.51
2020,11,Tomato,UP,Year-round,117.9,27.0,1.124,5.5,1473.78
2020,11,Tomato,Maharashtra,Year-round,120.5,24.7,1.153,5.5,1465.06
2020,11,Tomato,Karnataka,Year-round,127.4,25.9,1.129,5.5,1460.99
2020,11,Tomato,Andhra Pradesh,Year-round,129.6,28.5,1.136,5.5,1330.03
2020,11,Tomato,Madhya Pradesh,Year-round,138.8,25.6,1.126,5.5,1493.56
2020,11,Tomato,Rajasthan,Year-round,132.2,20.3,1.086,5.5,1394.6
2020,11,Tomato,Gujarat,Year-round,124.1,26.7,1.159,5.5,1465.03
2020,11,Tomato,Bihar,Year-round,112.2,25.1,1.086,5.5,1501.45
2020,11,Tomato,West Bengal,Year-round,144.8,23.9,1.129,5.5,1435.59
2020,11,Tomato,Tamil Nadu,Year-round,145.3,29.2,1.106,5.5,1444.31
2020,11,Onion,Punjab,Rabi,65.0,17.8,0.926,5.5,1498.79
2020,11,Onion,Haryana,Rabi,103.7,19.3,0.902,5.5,1534.03
2020,11,Onion,UP,Rabi,96.8,23.5,0.936,5.5,1392.64
2020,11,Onion,Maharashtra,Rabi,81.6,20.8,0.936,5.5,1589.52
2020,11,Onion,Karnataka,Rabi,141.5,21.6,0.895,5.5,1597.22
2020,11,Onion,Andhra Pradesh,Rabi,111.8,20.4,0.922,5.5,1460.43
2020,11,Onion,Madhya Pradesh,Rabi,96.6,19.0,0.913,5.5,1557.69
2020,11,Onion,Rajasthan,Rabi,78.2,21.9,0.937,5.5,1411.61
2020,11,Onion,Gujarat,Rabi,79.9,19.8,0.923,5.5,1562.04
2020,11,Onion,Bihar,Rabi,98.5,20.3,0.866,5.5,1606.02
2020,11,Onion,West Bengal,Rabi,116.9,19.0,0.941,5.5,1445.86
2020,11,Onion,Tamil Nadu,Rabi,83.7,18.6,0.947,5.5,1431.16
2020,11,Soybean,Punjab,Kharif,237.3,30.6,0.955,5.5,4359.63
2020,11,Soybean,Haryana,Kharif,241.4,25.8,0.987,5.5,4223.37
2020,11,Soybean,UP,Kharif,170.1,28.2,0.968,5.5,4771.17
2020,11,Soybean,Maharashtra,Kharif,178.3,29.3,1.012,5.5,4638.38
2020,11,Soybean,Karnataka,Kharif,177.2,27.8,0.945,5.5,4768.41
2020,11,Soybean,Andhra Pradesh,Kharif,212.1,28.8,0.944,5.5,4121.1
2020,11,Soybean,Madhya Pradesh,Kharif,209.4,28.6,0.989,5.5,4572.45
2020,11,Soybean,Rajasthan,Kharif,208.6,25.6,0.979,5.5,4811.09
2020,11,Soybean,Gujarat,Kharif,179.9,29.8,0.96,5.5,4391.01
2020,11,Soybean,Bihar,Kharif,223.2,26.1,0.934,5.5,4490.36
2020,11,Soybean,West Bengal,Kharif,209.7,28.9,0.932,5.5,4657.32
2020,11,Soybean,Tamil Nadu,Kharif,206.5,30.1,0.961,5.5,4534.21
2020,11,Cotton,Punjab,Kharif,134.9,28.9,0.939,5.5,6094.92
2020,11,Cotton,Haryana,Kharif,105.2,30.0,0.987,5.5,6533.69
2020,11,Cotton,UP,Kharif,86.3,30.9,0.934,5.5,6513.95
2020,11,Cotton,Maharashtra,Kharif,158.2,27.7,1.006,5.5,6240.6
2020,11,Cotton,Karnataka,Kharif,115.7,36.1,0.964,5.5,6154.52
2020,11,Cotton,Andhra Pradesh,Kharif,79.3,33.8,0.916,5.5,6999.96
2020,11,Cotton,Madhya Pradesh,Kharif,121.5,28.2,0.931,5.5,6342.8
2020,11,Cotton,Rajasthan,Kharif,45.6,28.8,1.008,5.5,6513.68
2020,11,Cotton,Gujarat,Kharif,104.9,32.4,0.991,5.5,6125.22
2020,11,Cotton,Bihar,Kharif,123.4,31.0,1.001,5.5,6532.0
2020,11,Cotton,West Bengal,Kharif,102.4,28.4,1.001,5.5,6329.39
2020,11,Cotton,Tamil Nadu,Kharif,129.1,33.1,0.989,5.5,6417.82
2020,11,Sugarcane,Punjab,Year-round,53.7,32.2,1.111,5.5,450.04
2020,11,Sugarcane,Haryana,Year-round,55.9,38.6,1.114,5.5,477.34
2020,11,Sugarcane,UP,Year-round,43.9,38.8,1.116,5.5,468.78
2020,11,Sugarcane,Maharashtra,Year-round,14.8,33.4,1.117,5.5,477.4
2020,11,Sugarcane,Karnataka,Year-round,55.0,36.8,1.161,5.5,473.39
2020,11,Sugarcane,Andhra Pradesh,Year-round,60.2,31.7,1.101,5.5,453.58
2020,11,Sugarcane,Madhya Pradesh,Year-round,26.8,35.1,1.186,5.5,475.71
2020,11,Sugarcane,Rajasthan,Year-round,44.1,34.2,1.086,5.5,454.74
2020,11,Sugarcane,Gujarat,Year-round,43.9,36.9,1.111,5.5,482.53
2020,11,Sugarcane,Bihar,Year-round,55.1,35.7,1.109,5.5,474.33
2020,11,Sugarcane,West Bengal,Year-round,21.7,32.1,1.166,5.5,429.63
2020,11,Sugarcane,Tamil Nadu,Year-round,37.8,36.2,1.116,5.5,442.11
2020,11,Chilli,Punjab,Kharif,27.9,30.2,0.908,5.5,8038.0
2020,11,Chilli,Haryana,Kharif,4.4,31.5,0.917,5.5,8437.99
2020,11,Chilli,UP,Kharif,50.4,33.8,0.886,5.5,9256.45
2020,11,Chilli,Maharashtra,Kharif,36.8,31.6,0.887,5.5,7967.26
2020,11,Chilli,Karnataka,Kharif,6.1,32.3,0.87,5.5,8058.47
2020,11,Chilli,Andhra Pradesh,Kharif,37.0,35.2,0.923,5.5,8332.82
2020,11,Chilli,Madhya Pradesh,Kharif,13.7,33.0,0.892,5.5,8768.24
2020,11,Chilli,Rajasthan,Kharif,20.4,32.6,0.869,5.5,8740.76
2020,11,Chilli,Gujarat,Kharif,84.8,31.9,0.903,5.5,9137.22
2020,11,Chilli,Bihar,Kharif,21.0,39.4,0.942,5.5,9127.29
2020,11,Chilli,West Bengal,Kharif,54.6,34.7,0.908,5.5,8916.6
2020,11,Chilli,Tamil Nadu,Kharif,25.3,37.9,0.92,5.5,8688.87
2020,11,Gram,Punjab,Rabi,125.1,32.0,0.956,5.5,5494.75
2020,11,Gram,Haryana,Rabi,178.6,34.6,0.969,5.5,5625.16
2020,11,Gram,UP,Rabi,139.3,35.2,0.991,5.5,5395.82
2020,11,Gram,Maharashtra,Rabi,191.4,32.9,0.913,5.5,4974.59
2020,11,Gram,Karnataka,Rabi,147.7,34.4,0.958,5.5,5256.04
2020,11,Gram,Andhra Pradesh,Rabi,156.4,35.6,0.898,5.5,5385.21
2020,11,Gram,Madhya Pradesh,Rabi,171.1,34.8,0.983,5.5,5581.82
2020,11,Gram,Rajasthan,Rabi,181.6,39.5,0.992,5.5,5706.32
2020,11,Gram,Gujarat,Rabi,158.7,32.7,0.982,5.5,5183.87
2020,11,Gram,Bihar,Rabi,137.1,36.1,0.902,5.5,5565.81
2020,11,Gram,West Bengal,Rabi,157.3,35.5,0.961,5.5,5360.53
2020,11,Gram,Tamil Nadu,Rabi,185.2,36.8,0.913,5.5,5628.7
2020,11,Mustard,Punjab,Rabi,144.1,19.7,1.043,5.5,6263.79
2020,11,Mustard,Haryana,Rabi,134.4,23.9,1.122,5.5,5801.22
2020,11,Mustard,UP,Rabi,124.0,23.6,1.142,5.5,6019.1
2020,11,Mustard,Maharashtra,Rabi,148.5,23.5,1.146,5.5,5835.32
2020,11,Mustard,Karnataka,Rabi,62.4,22.0,1.094,5.5,5821.68
2020,11,Mustard,Andhra Pradesh,Rabi,107.0,20.2,1.074,5.5,5851.95
2020,11,Mustard,Madhya Pradesh,Rabi,98.4,21.1,1.141,5.5,5802.85
2020,11,Mustard,Rajasthan,Rabi,98.9,23.9,1.136,5.5,6193.37
2020,11,Mustard,Gujarat,Rabi,99.1,26.8,1.117,5.5,6097.67
2020,11,Mustard,Bihar,Rabi,91.3,20.4,1.103,5.5,6179.19
2020,11,Mustard,West Bengal,Rabi,100.9,19.7,1.093,5.5,6103.4
2020,11,Mustard,Tamil Nadu,Rabi,100.8,20.1,1.127,5.5,6433.77
2020,12,Wheat,Punjab,Rabi,63.7,15.9,0.964,5.5,2788.69
2020,12,Wheat,Haryana,Rabi,78.9,14.6,1.037,5.5,2518.83
2020,12,Wheat,UP,Rabi,64.5,14.9,0.971,5.5,2595.85
2020,12,Wheat,Maharashtra,Rabi,54.7,15.8,1.036,5.5,2394.09
2020,12,Wheat,Karnataka,Rabi,55.1,14.0,1.012,5.5,2650.53
2020,12,Wheat,Andhra Pradesh,Rabi,48.6,17.5,1.008,5.5,2757.29
2020,12,Wheat,Madhya Pradesh,Rabi,41.4,18.7,1.011,5.5,2512.65
2020,12,Wheat,Rajasthan,Rabi,65.1,14.2,1.043,5.5,2525.45
2020,12,Wheat,Gujarat,Rabi,48.6,13.3,0.979,5.5,2643.47
2020,12,Wheat,Bihar,Rabi,55.0,21.0,1.021,5.5,2623.11
2020,12,Wheat,West Bengal,Rabi,55.0,15.9,1.028,5.5,2515.05
2020,12,Wheat,Tamil Nadu,Rabi,62.7,18.9,1.016,5.5,2659.02
2020,12,Rice,Punjab,Kharif,181.5,11.2,1.036,5.5,2482.94
2020,12,Rice,Haryana,Kharif,180.2,15.8,0.968,5.5,2564.89
2020,12,Rice,UP,Kharif,146.1,14.1,0.982,5.5,2313.21
2020,12,Rice,Maharashtra,Kharif,198.9,17.1,1.026,5.5,2436.75
2020,12,Rice,Karnataka,Kharif,232.2,17.4,0.95,5.5,2211.67
2020,12,Rice,Andhra Pradesh,Kharif,202.3,16.0,1.036,5.5,2297.01
2020,12,Rice,Madhya Pradesh,Kharif,208.1,15.6,0.998,5.5,2390.77
2020,12,Rice,Rajasthan,Kharif,184.6,15.5,1.035,5.5,2397.05
2020,12,Rice,Gujarat,Kharif,207.6,15.5,0.956,5.5,2282.84
2020,12,Rice,Bihar,Kharif,192.9,14.3,1.006,5.5,2503.31
2020,12,Rice,West Bengal,Kharif,222.7,14.7,1.008,5.5,2273.27
2020,12,Rice,Tamil Nadu,Kharif,184.1,17.2,0.995,5.5,2362.78
2020,12,Maize,Punjab,Kharif,132.2,15.7,1.044,5.5,2394.97
2020,12,Maize,Haryana,Kharif,150.8,14.4,1.013,5.5,2656.38
2020,12,Maize,UP,Kharif,138.7,13.2,1.0,5.5,2452.44
2020,12,Maize,Maharashtra,Kharif,101.3,8.6,0.965,5.5,2424.44
2020,12,Maize,Karnataka,Kharif,177.1,12.3,0.994,5.5,2498.02
2020,12,Maize,Andhra Pradesh,Kharif,114.0,12.8,1.056,5.5,2543.86
2020,12,Maize,Madhya Pradesh,Kharif,106.4,11.8,0.972,5.5,2580.94
2020,12,Maize,Rajasthan,Kharif,161.7,13.4,1.041,5.5,2365.81
2020,12,Maize,Gujarat,Kharif,136.9,12.5,1.031,5.5,2615.19
2020,12,Maize,Bihar,Kharif,147.7,14.9,1.049,5.5,2327.0
2020,12,Maize,West Bengal,Kharif,120.7,12.7,0.991,5.5,2447.84
2020,12,Maize,Tamil Nadu,Kharif,151.4,12.8,0.979,5.5,2323.63
2020,12,Potato,Punjab,Rabi,106.5,17.5,0.833,5.5,737.83
2020,12,Potato,Haryana,Rabi,72.6,16.7,0.842,5.5,736.21
2020,12,Potato,UP,Rabi,58.4,15.3,0.905,5.5,738.43
2020,12,Potato,Maharashtra,Rabi,68.4,15.7,0.895,5.5,774.96
2020,12,Potato,Karnataka,Rabi,82.8,16.3,0.888,5.5,743.2
2020,12,Potato,Andhra Pradesh,Rabi,78.9,14.6,0.832,5.5,707.61
2020,12,Potato,Madhya Pradesh,Rabi,63.2,15.3,0.917,5.5,750.81
2020,12,Potato,Rajasthan,Rabi,53.8,11.6,0.857,5.5,749.5
2020,12,Potato,Gujarat,Rabi,23.2,12.9,0.885,5.5,700.72
2020,12,Potato,Bihar,Rabi,43.1,13.7,0.888,5.5,764.12
2020,12,Potato,West Bengal,Rabi,64.0,17.5,0.884,5.5,747.49
2020,12,Potato,Tamil Nadu,Rabi,33.1,14.4,0.852,5.5,680.09
2020,12,Tomato,Punjab,Year-round,176.0,18.1,0.987,5.5,1383.04
2020,12,Tomato,Haryana,Year-round,184.6,22.0,0.962,5.5,1338.89
2020,12,Tomato,UP,Year-round,194.9,19.8,0.968,5.5,1473.21
2020,12,Tomato,Maharashtra,Year-round,159.2,16.3,1.007,5.5,1368.43
2020,12,Tomato,Karnataka,Year-round,163.6,16.9,1.052,5.5,1367.04
2020,12,Tomato,Andhra Pradesh,Year-round,177.5,18.0,1.057,5.5,1295.87
2020,12,Tomato,Madhya Pradesh,Year-round,174.5,16.1,1.007,5.5,1332.07
2020,12,Tomato,Rajasthan,Year-round,155.4,18.2,1.036,5.5,1361.59
2020,12,Tomato,Gujarat,Year-round,190.0,17.0,0.978,5.5,1450.14
2020,12,Tomato,Bihar,Year-round,144.7,19.2,0.978,5.5,1347.23
2020,12,Tomato,West Bengal,Year-round,171.3,14.8,0.986,5.5,1296.36
2020,12,Tomato,Tamil Nadu,Year-round,175.7,19.4,1.035,5.5,1345.35
2020,12,Onion,Punjab,Rabi,123.1,9.3,0.849,5.5,1524.29
2020,12,Onion,Haryana,Rabi,91.0,9.3,0.86,5.5,1472.11
2020,12,Onion,UP,Rabi,120.0,11.1,0.91,5.5,1528.74
2020,12,Onion,Maharashtra,Rabi,136.0,10.6,0.902,5.5,1494.28
2020,12,Onion,Karnataka,Rabi,131.6,7.9,0.884,5.5,1446.86
2020,12,Onion,Andhra Pradesh,Rabi,128.4,11.5,0.925,5.5,1391.78
2020,12,Onion,Madhya Pradesh,Rabi,90.9,11.0,0.922,5.5,1362.0
2020,12,Onion,Rajasthan,Rabi,138.6,10.8,0.873,5.5,1346.82
2020,12,Onion,Gujarat,Rabi,106.7,11.1,0.842,5.5,1543.6
2020,12,Onion,Bihar,Rabi,127.6,8.9,0.927,5.5,1392.21
2020,12,Onion,West Bengal,Rabi,166.8,6.5,0.85,5.5,1340.13
2020,12,Onion,Tamil Nadu,Rabi,123.6,5.7,0.9,5.5,1410.83
2020,12,Soybean,Punjab,Kharif,49.4,15.2,1.165,5.5,5757.02
2020,12,Soybean,Haryana,Kharif,71.9,17.8,1.093,5.5,6003.89
2020,12,Soybean,UP,Kharif,77.7,16.7,1.14,5.5,6239.46
2020,12,Soybean,Maharashtra,Kharif,70.2,15.2,1.113,5.5,6021.38
2020,12,Soybean,Karnataka,Kharif,77.0,19.4,1.156,5.5,5359.98
2020,12,Soybean,Andhra Pradesh,Kharif,64.8,19.6,1.119,5.5,6085.11
2020,12,Soybean,Madhya Pradesh,Kharif,108.8,16.4,1.115,5.5,5752.84
2020,12,Soybean,Rajasthan,Kharif,91.4,17.9,1.118,5.5,6113.06
2020,12,Soybean,Gujarat,Kharif,104.2,15.4,1.07,5.5,5825.58
2020,12,Soybean,Bihar,Kharif,106.6,17.6,1.12,5.5,5872.16
2020,12,Soybean,West Bengal,Kharif,73.1,17.6,1.084,5.5,5467.03
2020,12,Soybean,Tamil Nadu,Kharif,73.0,17.3,1.113,5.5,5368.64
2020,12,Cotton,Punjab,Kharif,158.9,22.2,0.899,5.5,6575.35
2020,12,Cotton,Haryana,Kharif,118.1,19.8,0.865,5.5,6510.42
2020,12,Cotton,UP,Kharif,140.6,14.2,0.837,5.5,6377.92
2020,12,Cotton,Maharashtra,Kharif,153.9,16.4,0.896,5.5,5904.96
2020,12,Cotton,Karnataka,Kharif,110.7,18.4,0.895,5.5,6219.92
2020,12,Cotton,Andhra Pradesh,Kharif,139.4,19.1,0.839,5.5,6331.03
2020,12,Cotton,Madhya Pradesh,Kharif,129.0,17.9,0.843,5.5,6291.52
2020,12,Cotton,Rajasthan,Kharif,127.0,18.0,0.837,5.5,6624.45
2020,12,Cotton,Gujarat,Kharif,133.9,19.8,0.847,5.5,6095.96
2020,12,Cotton,Bihar,Kharif,142.8,19.7,0.895,5.5,5838.27
2020,12,Cotton,West Bengal,Kharif,136.8,19.2,0.871,5.5,6493.27
2020,12,Cotton,Tamil Nadu,Kharif,131.7,19.3,0.851,5.5,6189.11
2020,12,Sugarcane,Punjab,Year-round,119.6,7.1,0.915,5.5,319.31
2020,12,Sugarcane,Haryana,Year-round,101.8,6.3,0.908,5.5,321.67
2020,12,Sugarcane,UP,Year-round,96.0,9.5,0.927,5.5,333.59
2020,12,Sugarcane,Maharashtra,Year-round,146.1,9.2,0.944,5.5,304.87
2020,12,Sugarcane,Karnataka,Year-round,144.7,10.5,0.948,5.5,329.16
2020,12,Sugarcane,Andhra Pradesh,Year-round,92.8,9.6,0.905,5.5,326.56
2020,12,Sugarcane,Madhya Pradesh,Year-round,48.8,8.9,0.962,5.5,299.98
2020,12,Sugarcane,Rajasthan,Year-round,97.6,10.3,0.947,5.5,323.57
2020,12,Sugarcane,Gujarat,Year-round,88.8,10.1,0.921,5.5,323.77
2020,12,Sugarcane,Bihar,Year-round,126.3,8.4,0.953,5.5,324.73
2020,12,Sugarcane,West Bengal,Year-round,100.0,9.6,0.91,5.5,341.87
2020,12,Sugarcane,Tamil Nadu,Year-round,75.1,6.6,0.94,5.5,304.61
2020,12,Chilli,Punjab,Kharif,86.1,9.9,0.934,5.5,7605.05
2020,12,Chilli,Haryana,Kharif,73.5,10.6,0.905,5.5,7535.03
2020,12,Chilli,UP,Kharif,78.4,11.1,0.94,5.5,7227.23
2020,12,Chilli,Maharashtra,Kharif,85.1,14.2,0.903,5.5,7799.41
2020,12,Chilli,Karnataka,Kharif,132.2,16.7,0.911,5.5,7221.06
2020,12,Chilli,Andhra Pradesh,Kharif,107.2,12.3,0.881,5.5,8014.15
2020,12,Chilli,Madhya Pradesh,Kharif,101.6,9.9,0.903,5.5,7867.89
2020,12,Chilli,Rajasthan,Kharif,103.2,12.9,0.901,5.5,7263.4
2020,12,Chilli,Gujarat,Kharif,112.9,11.1,0.923,5.5,7137.74
2020,12,Chilli,Bihar,Kharif,100.9,8.8,0.941,5.5,8299.54
2020,12,Chilli,West Bengal,Kharif,100.2,9.3,0.924,5.5,7748.71
2020,12,Chilli,Tamil Nadu,Kharif,112.2,12.4,0.929,5.5,7999.57
2020,12,Gram,Punjab,Rabi,151.4,15.5,0.897,5.5,5159.35
2020,12,Gram,Haryana,Rabi,109.0,12.8,0.937,5.5,5638.39
2020,12,Gram,UP,Rabi,130.5,15.9,0.899,5.5,5253.84
2020,12,Gram,Maharashtra,Rabi,113.7,16.8,0.968,5.5,5801.75
2020,12,Gram,Karnataka,Rabi,89.1,18.1,0.981,5.5,5300.66
2020,12,Gram,Andhra Pradesh,Rabi,110.6,11.7,0.927,5.5,5117.76
2020,12,Gram,Madhya Pradesh,Rabi,125.0,15.2,0.946,5.5,5331.04
2020,12,Gram,Rajasthan,Rabi,91.0,12.3,0.945,5.5,5277.7
2020,12,Gram,Gujarat,Rabi,95.9,14.5,0.932,5.5,5608.96
2020,12,Gram,Bihar,Rabi,127.4,14.3,0.927,5.5,5275.92
2020,12,Gram,West Bengal,Rabi,75.4,16.5,0.964,5.5,5398.09
2020,12,Gram,Tamil Nadu,Rabi,128.6,14.8,0.92,5.5,5437.13
2020,12,Mustard,Punjab,Rabi,118.1,21.9,1.1,5.5,6909.71
2020,12,Mustard,Haryana,Rabi,138.9,15.6,1.106,5.5,6322.81
2020,12,Mustard,UP,Rabi,192.4,23.0,1.12,5.5,7100.73
2020,12,Mustard,Maharashtra,Rabi,143.3,19.3,1.084,5.5,6797.73
2020,12,Mustard,Karnataka,Rabi,126.4,17.8,1.129,5.5,6674.25
2020,12,Mustard,Andhra Pradesh,Rabi,143.6,17.4,1.07,5.5,6853.53
2020,12,Mustard,Madhya Pradesh,Rabi,103.5,19.6,1.14,5.5,7052.73
2020,12,Mustard,Rajasthan,Rabi,110.0,17.5,1.042,5.5,6473.56
2020,12,Mustard,Gujarat,Rabi,146.2,20.1,1.069,5.5,7052.01
2020,12,Mustard,Bihar,Rabi,111.6,22.7,1.117,5.5,6738.67
2020,12,Mustard,West Bengal,Rabi,131.5,18.1,1.119,5.5,6944.97
2020,12,Mustard,Tamil Nadu,Rabi,116.7,17.4,1.084,5.5,6968.75
2021,1,Wheat,Punjab,Rabi,59.3,18.3,0.989,11.0,2626.93
2021,1,Wheat,Haryana,Rabi,98.8,15.9,1.005,11.0,2670.27
2021,1,Wheat,UP,Rabi,101.8,18.7,0.991,11.0,2738.58
2021,1,Wheat,Maharashtra,Rabi,107.0,15.8,1.032,11.0,2747.83
2021,1,Wheat,Karnataka,Rabi,68.8,18.6,1.046,11.0,2736.83
2021,1,Wheat,Andhra Pradesh,Rabi,88.5,17.8,1.01,11.0,2908.0
2021,1,Wheat,Madhya Pradesh,Rabi,113.1,14.5,0.985,11.0,2959.19
2021,1,Wheat,Rajasthan,Rabi,103.3,18.7,0.975,11.0,2958.59
2021,1,Wheat,Gujarat,Rabi,96.8,19.3,0.998,11.0,2863.19
2021,1,Wheat,Bihar,Rabi,81.4,15.1,0.994,11.0,2742.86
2021,1,Wheat,West Bengal,Rabi,73.3,15.9,0.976,11.0,2681.06
2021,1,Wheat,Tamil Nadu,Rabi,35.3,18.5,1.023,11.0,2931.97
2021,1,Rice,Punjab,Kharif,154.7,12.4,1.199,11.0,2668.76
2021,1,Rice,Haryana,Kharif,96.6,11.8,1.155,11.0,2768.45
2021,1,Rice,UP,Kharif,148.3,14.2,1.165,11.0,2698.25
2021,1,Rice,Maharashtra,Kharif,138.8,11.7,1.098,11.0,2897.78
2021,1,Rice,Karnataka,Kharif,106.7,13.0,1.134,11.0,2567.8
2021,1,Rice,Andhra Pradesh,Kharif,150.0,10.3,1.097,11.0,2935.27
2021,1,Rice,Madhya Pradesh,Kharif,160.4,12.8,1.13,11.0,2645.78
2021,1,Rice,Rajasthan,Kharif,126.3,12.1,1.112,11.0,2535.22
2021,1,Rice,Gujarat,Kharif,145.9,11.3,1.155,11.0,2776.4
2021,1,Rice,Bihar,Kharif,172.2,11.6,1.123,11.0,2690.85
2021,1,Rice,West Bengal,Kharif,115.3,10.5,1.088,11.0,2714.02
2021,1,Rice,Tamil Nadu,Kharif,153.8,14.1,1.102,11.0,2663.89
2021,1,Maize,Punjab,Kharif,185.9,6.6,1.149,11.0,2757.74
2021,1,Maize,Haryana,Kharif,158.5,8.3,1.108,11.0,3044.86
2021,1,Maize,UP,Kharif,171.2,11.7,1.082,11.0,2895.89
2021,1,Maize,Maharashtra,Kharif,188.0,13.7,1.111,11.0,2745.2
2021,1,Maize,Karnataka,Kharif,162.0,11.3,1.07,11.0,2936.69
2021,1,Maize,Andhra Pradesh,Kharif,157.9,10.2,1.129,11.0,2802.97
2021,1,Maize,Madhya Pradesh,Kharif,162.0,15.1,1.158,11.0,3049.24
2021,1,Maize,Rajasthan,Kharif,197.3,14.4,1.1,11.0,2838.35
2021,1,Maize,Gujarat,Kharif,160.8,9.2,1.135,11.0,3002.42
2021,1,Maize,Bihar,Kharif,156.7,13.8,1.126,11.0,3032.27
2021,1,Maize,West Bengal,Kharif,174.3,11.7,1.158,11.0,2799.98
2021,1,Maize,Tamil Nadu,Kharif,153.3,12.8,1.112,11.0,3028.37
2021,1,Potato,Punjab,Rabi,156.2,14.9,1.069,11.0,1016.69
2021,1,Potato,Haryana,Rabi,128.2,13.2,1.089,11.0,957.49
2021,1,Potato,UP,Rabi,118.0,12.4,1.027,11.0,1036.69
2021,1,Potato,Maharashtra,Rabi,135.3,15.7,1.077,11.0,1000.86
2021,1,Potato,Karnataka,Rabi,137.7,14.1,1.075,11.0,979.54
2021,1,Potato,Andhra Pradesh,Rabi,136.4,15.4,1.094,11.0,996.32
2021,1,Potato,Madhya Pradesh,Rabi,133.5,15.3,1.023,11.0,1037.61
2021,1,Potato,Rajasthan,Rabi,133.2,18.4,1.05,11.0,964.87
2021,1,Potato,Gujarat,Rabi,115.1,17.2,1.039,11.0,909.94
2021,1,Potato,Bihar,Rabi,92.6,16.7,1.079,11.0,994.89
2021,1,Potato,West Bengal,Rabi,120.2,16.3,1.028,11.0,935.67
2021,1,Potato,Tamil Nadu,Rabi,115.4,16.1,1.023,11.0,1015.11
2021,1,Tomato,Punjab,Year-round,137.6,19.3,0.85,11.0,1144.81
2021,1,Tomato,Haryana,Year-round,108.8,15.5,0.847,11.0,1138.97
2021,1,Tomato,UP,Year-round,125.1,22.3,0.906,11.0,1118.2
2021,1,Tomato,Maharashtra,Year-round,171.0,15.8,0.927,11.0,1119.64
2021,1,Tomato,Karnataka,Year-round,140.4,18.9,0.927,11.0,1071.96
2021,1,Tomato,Andhra Pradesh,Year-round,80.3,16.8,0.9,11.0,1233.12
2021,1,Tomato,Madhya Pradesh,Year-round,156.6,20.4,0.909,11.0,1153.7
2021,1,Tomato,Rajasthan,Year-round,181.5,18.5,0.883,11.0,1142.95
2021,1,Tomato,Gujarat,Year-round,165.0,19.6,0.868,11.0,1135.8
2021,1,Tomato,Bihar,Year-round,123.5,19.1,0.928,11.0,1147.66
2021,1,Tomato,West Bengal,Year-round,142.7,18.9,0.874,11.0,1208.41
2021,1,Tomato,Tamil Nadu,Year-round,117.8,18.1,0.893,11.0,1234.06
2021,1,Onion,Punjab,Rabi,103.0,15.5,1.12,11.0,1793.96
2021,1,Onion,Haryana,Rabi,103.7,11.6,1.129,11.0,2068.46
2021,1,Onion,UP,Rabi,96.7,13.9,1.149,11.0,1927.28
2021,1,Onion,Maharashtra,Rabi,106.9,11.8,1.133,11.0,1988.18
2021,1,Onion,Karnataka,Rabi,107.8,12.3,1.101,11.0,1978.97
2021,1,Onion,Andhra Pradesh,Rabi,118.2,15.8,1.083,11.0,1924.99
2021,1,Onion,Madhya Pradesh,Rabi,112.4,15.4,1.157,11.0,1950.89
2021,1,Onion,Rajasthan,Rabi,113.8,13.2,1.11,11.0,1855.76
2021,1,Onion,Gujarat,Rabi,83.9,14.3,1.159,11.0,1788.4
2021,1,Onion,Bihar,Rabi,109.3,14.6,1.082,11.0,1966.45
2021,1,Onion,West Bengal,Rabi,94.8,16.6,1.179,11.0,1886.25
2021,1,Onion,Tamil Nadu,Rabi,116.0,14.6,1.13,11.0,1995.37
2021,1,Soybean,Punjab,Kharif,76.6,11.1,0.894,11.0,4661.17
2021,1,Soybean,Haryana,Kharif,86.3,10.0,0.892,11.0,4829.55
2021,1,Soybean,UP,Kharif,127.2,11.5,0.921,11.0,4320.59
2021,1,Soybean,Maharashtra,Kharif,80.8,7.2,0.937,11.0,4653.91
2021,1,Soybean,Karnataka,Kharif,72.1,13.7,0.908,11.0,4532.04
2021,1,Soybean,Andhra Pradesh,Kharif,75.7,9.7,0.938,11.0,4437.4
2021,1,Soybean,Madhya Pradesh,Kharif,74.2,9.6,0.968,11.0,4834.33
2021,1,Soybean,Rajasthan,Kharif,76.1,8.0,0.945,11.0,4408.15
2021,1,Soybean,Gujarat,Kharif,46.0,13.1,0.888,11.0,4430.3
2021,1,Soybean,Bihar,Kharif,97.3,12.8,0.888,11.0,4456.96
2021,1,Soybean,West Bengal,Kharif,104.9,10.8,0.909,11.0,4334.57
2021,1,Soybean,Tamil Nadu,Kharif,72.1,8.0,0.879,11.0,4651.23
2021,1,Cotton,Punjab,Kharif,115.3,18.4,1.045,11.0,8232.06
2021,1,Cotton,Haryana,Kharif,93.6,17.6,1.106,11.0,8325.9
2021,1,Cotton,UP,Kharif,87.2,16.7,1.113,11.0,8427.66
2021,1,Cotton,Maharashtra,Kharif,109.9,16.7,1.095,11.0,8173.05
2021,1,Cotton,Karnataka,Kharif,108.5,17.8,1.046,11.0,8377.27
2021,1,Cotton,Andhra Pradesh,Kharif,67.7,19.2,1.129,11.0,8453.8
2021,1,Cotton,Madhya Pradesh,Kharif,70.5,16.9,1.121,11.0,9167.45
2021,1,Cotton,Rajasthan,Kharif,110.9,16.6,1.062,11.0,8230.37
2021,1,Cotton,Gujarat,Kharif,113.1,14.3,1.057,11.0,7930.27
2021,1,Cotton,Bihar,Kharif,119.8,18.1,1.069,11.0,8485.65
2021,1,Cotton,West Bengal,Kharif,114.2,15.1,1.091,11.0,8957.23
2021,1,Cotton,Tamil Nadu,Kharif,80.6,18.7,1.063,11.0,7998.86
2021,1,Sugarcane,Punjab,Year-round,145.1,11.5,0.815,11.0,296.03
2021,1,Sugarcane,Haryana,Year-round,188.6,14.2,0.884,11.0,294.01
2021,1,Sugarcane,UP,Year-round,173.3,12.8,0.895,11.0,274.04
2021,1,Sugarcane,Maharashtra,Year-round,131.7,11.5,0.841,11.0,285.61
2021,1,Sugarcane,Karnataka,Year-round,160.2,16.9,0.818,11.0,313.66
2021,1,Sugarcane,Andhra Pradesh,Year-round,211.3,13.3,0.845,11.0,321.0
2021,1,Sugarcane,Madhya Pradesh,Year-round,159.2,11.4,0.878,11.0,299.65
2021,1,Sugarcane,Rajasthan,Year-round,170.2,11.3,0.854,11.0,276.54
2021,1,Sugarcane,Gujarat,Year-round,185.8,15.5,0.831,11.0,292.92
2021,1,Sugarcane,Bihar,Year-round,121.3,11.7,0.835,11.0,286.06
2021,1,Sugarcane,West Bengal,Year-round,217.8,11.8,0.826,11.0,312.01
2021,1,Sugarcane,Tamil Nadu,Year-round,180.7,8.4,0.877,11.0,298.97
2021,1,Chilli,Punjab,Kharif,79.6,17.0,1.076,11.0,8924.84
2021,1,Chilli,Haryana,Kharif,81.8,16.1,1.025,11.0,9482.03
2021,1,Chilli,UP,Kharif,92.8,15.6,1.082,11.0,10066.91
2021,1,Chilli,Maharashtra,Kharif,130.0,13.0,1.034,11.0,9297.71
2021,1,Chilli,Karnataka,Kharif,94.3,16.0,1.081,11.0,8955.39
2021,1,Chilli,Andhra Pradesh,Kharif,82.2,13.9,1.07,11.0,8861.22
2021,1,Chilli,Madhya Pradesh,Kharif,95.1,17.7,1.054,11.0,9107.69
2021,1,Chilli,Rajasthan,Kharif,82.0,17.3,0.991,11.0,9256.63
2021,1,Chilli,Gujarat,Kharif,101.9,17.6,1.039,11.0,9298.73
2021,1,Chilli,Bihar,Kharif,105.8,18.7,1.034,11.0,9565.98
2021,1,Chilli,West Bengal,Kharif,99.8,18.1,1.024,11.0,10159.59
2021,1,Chilli,Tamil Nadu,Kharif,55.5,19.1,1.018,11.0,9635.4
2021,1,Gram,Punjab,Rabi,176.0,7.4,1.12,11.0,6544.43
2021,1,Gram,Haryana,Rabi,188.5,8.2,1.033,11.0,6777.56
2021,1,Gram,UP,Rabi,140.6,6.7,1.083,11.0,6992.19
2021,1,Gram,Maharashtra,Rabi,173.2,10.8,1.071,11.0,6820.84
2021,1,Gram,Karnataka,Rabi,182.4,7.7,1.031,11.0,6145.09
2021,1,Gram,Andhra Pradesh,Rabi,151.7,8.9,1.083,11.0,6755.26
2021,1,Gram,Madhya Pradesh,Rabi,207.2,8.0,1.074,11.0,6181.37
2021,1,Gram,Rajasthan,Rabi,163.0,9.8,1.104,11.0,6145.63
2021,1,Gram,Gujarat,Rabi,202.9,8.3,1.101,11.0,6490.13
2021,1,Gram,Bihar,Rabi,194.0,7.8,1.026,11.0,6025.0
2021,1,Gram,West Bengal,Rabi,195.0,11.4,1.106,11.0,6558.79
2021,1,Gram,Tamil Nadu,Rabi,198.1,9.7,1.094,11.0,6746.78
2021,1,Mustard,Punjab,Rabi,94.7,19.0,0.902,11.0,5896.3
2021,1,Mustard,Haryana,Rabi,76.2,18.9,0.967,11.0,6207.58
2021,1,Mustard,UP,Rabi,85.6,19.1,0.891,11.0,6074.1
2021,1,Mustard,Maharashtra,Rabi,110.6,15.6,0.974,11.0,6025.89
2021,1,Mustard,Karnataka,Rabi,89.7,19.6,0.957,11.0,6233.98
2021,1,Mustard,Andhra Pradesh,Rabi,93.4,21.3,0.943,11.0,6381.16
2021,1,Mustard,Madhya Pradesh,Rabi,107.2,16.4,0.974,11.0,6243.21
2021,1,Mustard,Rajasthan,Rabi,113.1,19.4,0.947,11.0,6015.5
2021,1,Mustard,Gujarat,Rabi,89.3,19.6,0.891,11.0,6094.75
2021,1,Mustard,Bihar,Rabi,109.9,18.5,0.898,11.0,6382.63
2021,1,Mustard,West Bengal,Rabi,101.7,18.5,0.951,11.0,5594.98
2021,1,Mustard,Tamil Nadu,Rabi,107.0,18.2,0.925,11.0,5692.26
2021,2,Wheat,Punjab,Rabi,77.6,19.0,0.904,11.0,2308.57
2021,2,Wheat,Haryana,Rabi,70.2,14.4,0.836,11.0,2406.03
2021,2,Wheat,UP,Rabi,93.2,16.8,0.891,11.0,2312.22
2021,2,Wheat,Maharashtra,Rabi,24.4,17.1,0.865,11.0,2396.43
2021,2,Wheat,Karnataka,Rabi,90.2,15.8,0.916,11.0,2154.69
2021,2,Wheat,Andhra Pradesh,Rabi,59.1,16.8,0.879,11.0,2274.89
2021,2,Wheat,Madhya Pradesh,Rabi,47.1,17.8,0.843,11.0,2260.13
2021,2,Wheat,Rajasthan,Rabi,49.5,20.5,0.841,11.0,2083.45
2021,2,Wheat,Gujarat,Rabi,35.7,15.2,0.875,11.0,2181.15
2021,2,Wheat,Bihar,Rabi,59.1,17.6,0.853,11.0,2099.09
2021,2,Wheat,West Bengal,Rabi,52.3,19.2,0.894,11.0,2102.75
2021,2,Wheat,Tamil Nadu,Rabi,61.7,18.7,0.863,11.0,2361.84
2021,2,Rice,Punjab,Kharif,174.7,34.4,1.141,11.0,2796.26
2021,2,Rice,Haryana,Kharif,129.5,30.9,1.177,11.0,2770.6
2021,2,Rice,UP,Kharif,169.7,31.6,1.194,11.0,2979.27
2021,2,Rice,Maharashtra,Kharif,197.7,28.9,1.126,11.0,2739.68
2021,2,Rice,Karnataka,Kharif,204.0,29.2,1.129,11.0,2609.89
2021,2,Rice,Andhra Pradesh,Kharif,200.4,32.5,1.194,11.0,2869.21
2021,2,Rice,Madhya Pradesh,Kharif,165.5,28.9,1.141,11.0,2780.61
2021,2,Rice,Rajasthan,Kharif,189.1,33.0,1.175,11.0,2907.14
2021,2,Rice,Gujarat,Kharif,189.1,32.9,1.142,11.0,2951.18
2021,2,Rice,Bihar,Kharif,148.1,31.4,1.125,11.0,3028.44
2021,2,Rice,West Bengal,Kharif,170.9,31.6,1.134,11.0,2898.0
2021,2,Rice,Tamil Nadu,Kharif,191.4,30.1,1.103,11.0,2882.99
2021,2,Maize,Punjab,Kharif,105.5,29.2,0.846,11.0,2341.67
2021,2,Maize,Haryana,Kharif,73.0,29.5,0.893,11.0,2104.97
2021,2,Maize,UP,Kharif,135.3,25.1,0.904,11.0,2286.81
2021,2,Maize,Maharashtra,Kharif,134.4,26.1,0.876,11.0,2239.29
2021,2,Maize,Karnataka,Kharif,90.1,29.2,0.851,11.0,2274.04
2021,2,Maize,Andhra Pradesh,Kharif,100.6,26.5,0.886,11.0,2085.15
2021,2,Maize,Madhya Pradesh,Kharif,82.9,25.2,0.835,11.0,2135.13
2021,2,Maize,Rajasthan,Kharif,98.2,29.2,0.899,11.0,2267.11
2021,2,Maize,Gujarat,Kharif,73.1,26.2,0.89,11.0,2320.13
2021,2,Maize,Bihar,Kharif,69.5,25.0,0.843,11.0,2292.49
2021,2,Maize,West Bengal,Kharif,109.6,24.6,0.835,11.0,2227.85
2021,2,Maize,Tamil Nadu,Kharif,118.2,24.6,0.839,11.0,2272.38
2021,2,Potato,Punjab,Rabi,93.7,31.1,0.973,11.0,768.94
2021,2,Potato,Haryana,Rabi,79.2,32.5,0.93,11.0,779.32
2021,2,Potato,UP,Rabi,103.3,31.2,0.954,11.0,789.14
2021,2,Potato,Maharashtra,Rabi,120.3,30.7,0.939,11.0,876.93
2021,2,Potato,Karnataka,Rabi,89.5,31.7,1.0,11.0,820.61
2021,2,Potato,Andhra Pradesh,Rabi,111.9,34.5,0.959,11.0,839.28
2021,2,Potato,Madhya Pradesh,Rabi,79.4,33.0,0.949,11.0,778.14
2021,2,Potato,Rajasthan,Rabi,113.1,34.3,0.974,11.0,850.02
2021,2,Potato,Gujarat,Rabi,92.2,32.0,0.979,11.0,786.05
2021,2,Potato,Bihar,Rabi,91.5,31.8,0.955,11.0,893.12
2021,2,Potato,West Bengal,Rabi,87.4,32.3,1.003,11.0,880.35
2021,2,Potato,Tamil Nadu,Rabi,56.9,30.6,0.954,11.0,876.61
2021,2,Tomato,Punjab,Year-round,165.4,33.2,0.861,11.0,1186.96
2021,2,Tomato,Haryana,Year-round,136.3,36.5,0.866,11.0,1280.33
2021,2,Tomato,UP,Year-round,139.5,34.9,0.865,11.0,1206.93
2021,2,Tomato,Maharashtra,Year-round,131.5,31.2,0.845,11.0,1192.15
2021,2,Tomato,Karnataka,Year-round,148.7,31.5,0.847,11.0,1287.9
2021,2,Tomato,Andhra Pradesh,Year-round,154.0,30.6,0.833,11.0,1210.87
2021,2,Tomato,Madhya Pradesh,Year-round,145.9,32.9,0.856,11.0,1285.19
2021,2,Tomato,Rajasthan,Year-round,169.4,33.8,0.891,11.0,1235.84
2021,2,Tomato,Gujarat,Year-round,136.6,34.6,0.878,11.0,1191.07
2021,2,Tomato,Bihar,Year-round,94.7,34.1,0.868,11.0,1243.07
2021,2,Tomato,West Bengal,Year-round,152.4,34.5,0.907,11.0,1320.28
2021,2,Tomato,Tamil Nadu,Year-round,153.2,34.0,0.891,11.0,1202.74
2021,2,Onion,Punjab,Rabi,78.4,25.7,0.962,11.0,1677.6
2021,2,Onion,Haryana,Rabi,84.2,20.5,1.035,11.0,1725.07
2021,2,Onion,UP,Rabi,125.2,25.8,1.046,11.0,1817.36
2021,2,Onion,Maharashtra,Rabi,142.1,24.9,1.016,11.0,1692.16
2021,2,Onion,Karnataka,Rabi,62.0,24.3,1.027,11.0,1649.95
2021,2,Onion,Andhra Pradesh,Rabi,92.3,24.0,1.047,11.0,1782.36
2021,2,Onion,Madhya Pradesh,Rabi,87.1,22.8,1.012,11.0,1696.96
2021,2,Onion,Rajasthan,Rabi,128.2,22.1,0.952,11.0,1740.01
2021,2,Onion,Gujarat,Rabi,112.4,23.1,1.01,11.0,1860.03
2021,2,Onion,Bihar,Rabi,98.3,25.0,1.013,11.0,1649.09
2021,2,Onion,West Bengal,Rabi,105.6,23.2,1.034,11.0,1772.43
2021,2,Onion,Tamil Nadu,Rabi,108.7,24.0,0.96,11.0,1834.72
2021,2,Soybean,Punjab,Kharif,153.3,30.4,0.956,11.0,5104.6
2021,2,Soybean,Haryana,Kharif,179.5,34.9,0.912,11.0,5418.33
2021,2,Soybean,UP,Kharif,153.7,30.0,0.96,11.0,5441.25
2021,2,Soybean,Maharashtra,Kharif,181.0,30.9,0.9,11.0,4994.52
2021,2,Soybean,Karnataka,Kharif,194.8,31.9,0.885,11.0,5161.22
2021,2,Soybean,Andhra Pradesh,Kharif,158.8,31.3,0.95,11.0,5258.72
2021,2,Soybean,Madhya Pradesh,Kharif,189.6,33.7,0.913,11.0,4947.1
2021,2,Soybean,Rajasthan,Kharif,162.8,32.8,0.927,11.0,5209.04
2021,2,Soybean,Gujarat,Kharif,180.0,34.6,0.922,11.0,4905.62
2021,2,Soybean,Bihar,Kharif,176.4,29.6,0.918,11.0,4883.34
2021,2,Soybean,West Bengal,Kharif,172.8,28.5,0.953,11.0,5495.74
2021,2,Soybean,Tamil Nadu,Kharif,150.0,29.1,0.926,11.0,5273.04
2021,2,Cotton,Punjab,Kharif,142.9,21.9,1.143,11.0,9912.02
2021,2,Cotton,Haryana,Kharif,158.6,17.1,1.142,11.0,8870.3
2021,2,Cotton,UP,Kharif,138.5,16.2,1.164,11.0,9912.59
2021,2,Cotton,Maharashtra,Kharif,145.7,17.0,1.133,11.0,9366.43
2021,2,Cotton,Karnataka,Kharif,172.4,16.1,1.178,11.0,9689.96
2021,2,Cotton,Andhra Pradesh,Kharif,120.7,18.8,1.137,11.0,9413.31
2021,2,Cotton,Madhya Pradesh,Kharif,156.5,18.4,1.194,11.0,9409.67
2021,2,Cotton,Rajasthan,Kharif,166.8,16.9,1.135,11.0,9822.39
2021,2,Cotton,Gujarat,Kharif,126.7,18.2,1.128,11.0,8941.58
2021,2,Cotton,Bihar,Kharif,136.1,19.1,1.193,11.0,9282.57
2021,2,Cotton,West Bengal,Kharif,139.7,15.8,1.167,11.0,8936.0
2021,2,Cotton,Tamil Nadu,Kharif,133.2,15.6,1.128,11.0,8660.21
2021,2,Sugarcane,Punjab,Year-round,135.9,42.1,0.883,11.0,337.6
2021,2,Sugarcane,Haryana,Year-round,123.3,32.4,0.93,11.0,334.84
2021,2,Sugarcane,UP,Year-round,95.7,30.7,0.886,11.0,302.13
2021,2,Sugarcane,Maharashtra,Year-round,166.1,37.7,0.914,11.0,351.3
2021,2,Sugarcane,Karnataka,Year-round,105.4,38.5,0.864,11.0,348.18
2021,2,Sugarcane,Andhra Pradesh,Year-round,148.1,38.9,0.912,11.0,318.98
2021,2,Sugarcane,Madhya Pradesh,Year-round,139.9,36.4,0.865,11.0,325.93
2021,2,Sugarcane,Rajasthan,Year-round,105.9,38.2,0.915,11.0,337.28
2021,2,Sugarcane,Gujarat,Year-round,107.2,36.4,0.882,11.0,323.44
2021,2,Sugarcane,Bihar,Year-round,107.9,35.8,0.918,11.0,336.0
2021,2,Sugarcane,West Bengal,Year-round,135.4,35.7,0.867,11.0,334.34
2021,2,Sugarcane,Tamil Nadu,Year-round,135.8,39.6,0.919,11.0,311.83
2021,2,Chilli,Punjab,Kharif,70.4,25.6,1.027,11.0,8417.2
2021,2,Chilli,Haryana,Kharif,114.2,23.5,0.984,11.0,9469.41
2021,2,Chilli,UP,Kharif,125.8,22.4,1.025,11.0,9139.42
2021,2,Chilli,Maharashtra,Kharif,93.6,24.8,0.986,11.0,8981.14
2021,2,Chilli,Karnataka,Kharif,78.0,27.4,1.013,11.0,9144.51
2021,2,Chilli,Andhra Pradesh,Kharif,87.3,24.0,0.985,11.0,9649.98
2021,2,Chilli,Madhya Pradesh,Kharif,106.3,23.8,0.994,11.0,9673.03
2021,2,Chilli,Rajasthan,Kharif,78.0,25.5,1.019,11.0,9336.89
2021,2,Chilli,Gujarat,Kharif,124.0,23.2,1.048,11.0,9172.28
2021,2,Chilli,Bihar,Kharif,96.9,26.2,1.002,11.0,9493.28
2021,2,Chilli,West Bengal,Kharif,65.1,23.2,1.015,11.0,9465.63
2021,2,Chilli,Tamil Nadu,Kharif,76.5,25.9,0.99,11.0,8473.92
2021,2,Gram,Punjab,Rabi,170.4,35.7,1.06,11.0,7664.9
2021,2,Gram,Haryana,Rabi,93.3,36.6,1.07,11.0,7184.05
2021,2,Gram,UP,Rabi,138.8,36.3,1.066,11.0,7144.91
2021,2,Gram,Maharashtra,Rabi,154.2,32.7,1.059,11.0,7391.41
2021,2,Gram,Karnataka,Rabi,146.2,32.9,1.098,11.0,6691.04
2021,2,Gram,Andhra Pradesh,Rabi,150.4,37.9,1.122,11.0,6974.9
2021,2,Gram,Madhya Pradesh,Rabi,150.5,29.6,1.142,11.0,7155.97
2021,2,Gram,Rajasthan,Rabi,125.4,36.0,1.086,11.0,6945.06
2021,2,Gram,Gujarat,Rabi,124.4,36.7,1.052,11.0,7534.56
2021,2,Gram,Bihar,Rabi,121.0,36.4,1.153,11.0,7007.54
2021,2,Gram,West Bengal,Rabi,131.2,35.4,1.153,11.0,7093.57
2021,2,Gram,Tamil Nadu,Rabi,159.4,34.7,1.106,11.0,7493.57
2021,2,Mustard,Punjab,Rabi,109.7,29.4,1.044,11.0,6907.38
2021,2,Mustard,Haryana,Rabi,101.0,29.3,0.979,11.0,6543.59
2021,2,Mustard,UP,Rabi,104.8,22.5,0.984,11.0,6979.49
2021,2,Mustard,Maharashtra,Rabi,81.9,26.5,1.027,11.0,6714.01
2021,2,Mustard,Karnataka,Rabi,67.4,28.3,0.964,11.0,6073.03
2021,2,Mustard,Andhra Pradesh,Rabi,89.7,26.0,0.979,11.0,6828.11
2021,2,Mustard,Madhya Pradesh,Rabi,95.1,24.3,0.984,11.0,6634.36
2021,2,Mustard,Rajasthan,Rabi,114.2,29.9,0.985,11.0,6945.73
2021,2,Mustard,Gujarat,Rabi,109.5,29.6,1.03,11.0,6753.62
2021,2,Mustard,Bihar,Rabi,67.6,28.7,1.026,11.0,6804.33
2021,2,Mustard,West Bengal,Rabi,116.1,28.5,1.033,11.0,6236.55
2021,2,Mustard,Tamil Nadu,Rabi,113.5,28.0,1.016,11.0,6515.17
2021,3,Wheat,Punjab,Rabi,135.9,29.5,1.048,11.0,3102.83
2021,3,Wheat,Haryana,Rabi,99.6,31.7,1.021,11.0,3066.95
2021,3,Wheat,UP,Rabi,119.7,30.6,1.078,11.0,2850.89
2021,3,Wheat,Maharashtra,Rabi,107.4,30.0,1.003,11.0,2774.23
2021,3,Wheat,Karnataka,Rabi,121.1,27.4,1.004,11.0,2688.63
2021,3,Wheat,Andhra Pradesh,Rabi,118.5,28.5,1.075,11.0,2714.01
2021,3,Wheat,Madhya Pradesh,Rabi,114.2,31.0,1.047,11.0,2784.49
2021,3,Wheat,Rajasthan,Rabi,116.2,30.8,1.067,11.0,2941.29
2021,3,Wheat,Gujarat,Rabi,129.5,29.3,1.006,11.0,2952.65
2021,3,Wheat,Bihar,Rabi,138.5,30.9,0.981,11.0,3062.32
2021,3,Wheat,West Bengal,Rabi,120.6,29.5,1.044,11.0,2839.43
2021,3,Wheat,Tamil Nadu,Rabi,138.7,30.3,1.078,11.0,3057.49
2021,3,Rice,Punjab,Kharif,137.8,16.1,1.093,11.0,2586.52
2021,3,Rice,Haryana,Kharif,179.9,15.9,1.051,11.0,2541.89
2021,3,Rice,UP,Kharif,163.1,17.0,1.068,11.0,2619.3
2021,3,Rice,Maharashtra,Kharif,205.9,14.7,1.067,11.0,2822.11
2021,3,Rice,Karnataka,Kharif,152.6,19.8,1.11,11.0,2882.39
2021,3,Rice,Andhra Pradesh,Kharif,165.3,16.0,1.081,11.0,2927.8
2021,3,Rice,Madhya Pradesh,Kharif,133.8,17.9,1.103,11.0,2734.16
2021,3,Rice,Rajasthan,Kharif,151.7,17.5,1.082,11.0,2798.53
2021,3,Rice,Gujarat,Kharif,187.3,17.1,1.083,11.0,2672.12
2021,3,Rice,Bihar,Kharif,196.5,16.7,1.115,11.0,2522.35
2021,3,Rice,West Bengal,Kharif,166.3,13.9,1.092,11.0,2740.9
2021,3,Rice,Tamil Nadu,Kharif,198.2,19.2,1.084,11.0,2953.79
2021,3,Maize,Punjab,Kharif,167.5,24.9,0.974,11.0,2477.76
2021,3,Maize,Haryana,Kharif,166.4,25.4,0.951,11.0,2599.45
2021,3,Maize,UP,Kharif,198.5,26.9,0.998,11.0,2711.51
2021,3,Maize,Maharashtra,Kharif,161.0,26.8,1.021,11.0,2750.74
2021,3,Maize,Karnataka,Kharif,149.1,25.3,1.016,11.0,2833.83
2021,3,Maize,Andhra Pradesh,Kharif,154.1,26.7,0.992,11.0,2489.33
2021,3,Maize,Madhya Pradesh,Kharif,161.6,25.6,1.007,11.0,2868.47
2021,3,Maize,Rajasthan,Kharif,160.2,26.1,0.974,11.0,2661.97
2021,3,Maize,Gujarat,Kharif,177.1,28.0,0.987,11.0,2832.81
2021,3,Maize,Bihar,Kharif,158.3,23.5,1.013,11.0,2811.2
2021,3,Maize,West Bengal,Kharif,171.5,23.0,0.951,11.0,2530.29
2021,3,Maize,Tamil Nadu,Kharif,157.8,22.6,0.999,11.0,2539.04
2021,3,Potato,Punjab,Rabi,239.4,33.7,1.084,11.0,950.77
2021,3,Potato,Haryana,Rabi,230.2,32.3,1.048,11.0,938.22
2021,3,Potato,UP,Rabi,251.2,32.8,1.023,11.0,997.99
2021,3,Potato,Maharashtra,Rabi,228.5,30.4,1.01,11.0,961.97
2021,3,Potato,Karnataka,Rabi,256.7,32.2,1.015,11.0,1034.87
2021,3,Potato,Andhra Pradesh,Rabi,219.4,29.2,1.093,11.0,930.45
2021,3,Potato,Madhya Pradesh,Rabi,235.2,31.7,1.055,11.0,955.22
2021,3,Potato,Rajasthan,Rabi,216.8,32.9,1.023,11.0,1008.08
2021,3,Potato,Gujarat,Rabi,217.0,34.9,1.016,11.0,1012.62
2021,3,Potato,Bihar,Rabi,224.3,29.1,1.021,11.0,896.93
2021,3,Potato,West Bengal,Rabi,236.8,33.8,1.107,11.0,911.28
2021,3,Potato,Tamil Nadu,Rabi,212.0,33.3,1.074,11.0,948.88
2021,3,Tomato,Punjab,Year-round,99.9,32.8,1.176,11.0,1518.1
2021,3,Tomato,Haryana,Year-round,158.6,29.7,1.092,11.0,1425.49
2021,3,Tomato,UP,Year-round,148.2,29.4,1.094,11.0,1545.18
2021,3,Tomato,Maharashtra,Year-round,124.1,28.3,1.088,11.0,1519.95
2021,3,Tomato,Karnataka,Year-round,106.8,32.1,1.148,11.0,1420.29
2021,3,Tomato,Andhra Pradesh,Year-round,123.6,33.8,1.173,11.0,1436.2
2021,3,Tomato,Madhya Pradesh,Year-round,131.6,29.8,1.09,11.0,1529.77
2021,3,Tomato,Rajasthan,Year-round,119.3,30.9,1.12,11.0,1529.25
2021,3,Tomato,Gujarat,Year-round,82.3,34.9,1.096,11.0,1578.28
2021,3,Tomato,Bihar,Year-round,124.5,32.1,1.084,11.0,1623.79
2021,3,Tomato,West Bengal,Year-round,136.8,33.0,1.076,11.0,1640.18
2021,3,Tomato,Tamil Nadu,Year-round,139.3,31.0,1.137,11.0,1616.41
2021,3,Onion,Punjab,Rabi,112.7,32.7,0.997,11.0,1654.08
2021,3,Onion,Haryana,Rabi,90.3,28.1,1.01,11.0,1792.13
2021,3,Onion,UP,Rabi,101.1,37.0,1.02,11.0,1723.53
2021,3,Onion,Maharashtra,Rabi,70.4,29.6,1.029,11.0,1775.84
2021,3,Onion,Karnataka,Rabi,105.4,29.7,1.068,11.0,1701.47
2021,3,Onion,Andhra Pradesh,Rabi,114.8,32.6,1.027,11.0,1666.69
2021,3,Onion,Madhya Pradesh,Rabi,80.5,30.7,1.047,11.0,1901.18
2021,3,Onion,Rajasthan,Rabi,71.4,34.1,1.045,11.0,1730.32
2021,3,Onion,Gujarat,Rabi,120.2,34.5,1.039,11.0,1701.4
2021,3,Onion,Bihar,Rabi,88.8,30.5,1.073,11.0,1659.1
2021,3,Onion,West Bengal,Rabi,101.7,33.9,1.055,11.0,1672.38
2021,3,Onion,Tamil Nadu,Rabi,82.6,30.2,1.001,11.0,1654.67
2021,3,Soybean,Punjab,Kharif,70.1,26.7,0.993,11.0,5869.0
2021,3,Soybean,Haryana,Kharif,118.6,26.5,1.015,11.0,6130.0
2021,3,Soybean,UP,Kharif,111.3,24.6,1.045,11.0,6202.74
2021,3,Soybean,Maharashtra,Kharif,83.0,26.3,1.077,11.0,5800.01
2021,3,Soybean,Karnataka,Kharif,141.6,26.2,1.01,11.0,6018.33
2021,3,Soybean,Andhra Pradesh,Kharif,131.9,22.1,1.062,11.0,6423.36
2021,3,Soybean,Madhya Pradesh,Kharif,112.2,24.5,1.047,11.0,6725.52
2021,3,Soybean,Rajasthan,Kharif,86.4,28.6,1.09,11.0,5916.82
2021,3,Soybean,Gujarat,Kharif,97.8,26.7,0.994,11.0,6731.62
2021,3,Soybean,Bihar,Kharif,103.9,23.0,1.043,11.0,6492.19
2021,3,Soybean,West Bengal,Kharif,120.7,24.9,1.056,11.0,5876.18
2021,3,Soybean,Tamil Nadu,Kharif,123.8,23.9,1.043,11.0,5905.39
2021,3,Cotton,Punjab,Kharif,88.5,19.4,1.077,11.0,8296.37
2021,3,Cotton,Haryana,Kharif,153.9,17.6,1.031,11.0,8791.42
2021,3,Cotton,UP,Kharif,103.7,22.4,1.018,11.0,9046.92
2021,3,Cotton,Maharashtra,Kharif,124.5,22.4,1.06,11.0,8534.33
2021,3,Cotton,Karnataka,Kharif,76.3,21.2,1.055,11.0,8239.21
2021,3,Cotton,Andhra Pradesh,Kharif,94.5,19.5,1.123,11.0,8969.44
2021,3,Cotton,Madhya Pradesh,Kharif,114.8,23.9,1.099,11.0,8040.6
2021,3,Cotton,Rajasthan,Kharif,88.7,18.6,1.065,11.0,8476.54
2021,3,Cotton,Gujarat,Kharif,87.9,21.6,1.06,11.0,9055.98
2021,3,Cotton,Bihar,Kharif,101.4,22.3,1.084,11.0,8370.64
2021,3,Cotton,West Bengal,Kharif,112.3,24.0,1.042,11.0,8773.48
2021,3,Cotton,Tamil Nadu,Kharif,117.8,23.2,1.123,11.0,8991.74
2021,3,Sugarcane,Punjab,Year-round,115.7,32.1,1.165,11.0,434.15
2021,3,Sugarcane,Haryana,Year-round,130.3,31.0,1.114,11.0,443.77
2021,3,Sugarcane,UP,Year-round,173.1,30.7,1.172,11.0,405.35
2021,3,Sugarcane,Maharashtra,Year-round,157.3,28.9,1.122,11.0,431.74
2021,3,Sugarcane,Karnataka,Year-round,116.9,31.3,1.124,11.0,461.06
2021,3,Sugarcane,Andhra Pradesh,Year-round,139.2,30.3,1.087,11.0,396.14
2021,3,Sugarcane,Madhya Pradesh,Year-round,133.6,32.0,1.157,11.0,413.98
2021,3,Sugarcane,Rajasthan,Year-round,143.6,34.8,1.144,11.0,460.93
2021,3,Sugarcane,Gujarat,Year-round,142.9,31.1,1.17,11.0,427.55
2021,3,Sugarcane,Bihar,Year-round,159.5,31.3,1.101,11.0,448.27
2021,3,Sugarcane,West Bengal,Year-round,117.7,29.9,1.172,11.0,434.34
2021,3,Sugarcane,Tamil Nadu,Year-round,125.2,31.2,1.115,11.0,452.22
2021,3,Chilli,Punjab,Kharif,140.5,30.0,1.013,11.0,10176.35
2021,3,Chilli,Haryana,Kharif,129.6,30.2,1.085,11.0,10901.69
2021,3,Chilli,UP,Kharif,150.8,32.3,1.063,11.0,10161.7
2021,3,Chilli,Maharashtra,Kharif,98.4,31.5,1.084,11.0,10907.78
2021,3,Chilli,Karnataka,Kharif,153.1,30.5,1.1,11.0,10593.22
2021,3,Chilli,Andhra Pradesh,Kharif,78.4,30.8,1.054,11.0,10352.3
2021,3,Chilli,Madhya Pradesh,Kharif,123.8,30.9,1.071,11.0,11104.59
2021,3,Chilli,Rajasthan,Kharif,158.5,31.2,1.088,11.0,11272.97
2021,3,Chilli,Gujarat,Kharif,159.7,28.7,1.06,11.0,10194.13
2021,3,Chilli,Bihar,Kharif,150.5,31.7,1.035,11.0,10562.19
2021,3,Chilli,West Bengal,Kharif,132.8,26.5,1.043,11.0,9854.03
2021,3,Chilli,Tamil Nadu,Kharif,131.8,28.9,1.046,11.0,10558.5
2021,3,Gram,Punjab,Rabi,27.2,27.3,0.889,11.0,7204.09
2021,3,Gram,Haryana,Rabi,13.8,36.4,0.976,11.0,7094.79
2021,3,Gram,UP,Rabi,0.3,32.2,0.931,11.0,6685.29
2021,3,Gram,Maharashtra,Rabi,0.0,32.6,0.955,11.0,7474.61
2021,3,Gram,Karnataka,Rabi,21.7,38.7,0.904,11.0,7600.64
2021,3,Gram,Andhra Pradesh,Rabi,31.8,32.7,0.975,11.0,6839.77
2021,3,Gram,Madhya Pradesh,Rabi,0.0,32.2,0.924,11.0,7184.75
2021,3,Gram,Rajasthan,Rabi,6.6,29.3,0.941,11.0,7300.99
2021,3,Gram,Gujarat,Rabi,0.0,32.7,0.92,11.0,6864.05
2021,3,Gram,Bihar,Rabi,18.4,35.0,0.968,11.0,7472.46
2021,3,Gram,West Bengal,Rabi,53.0,33.0,0.926,11.0,6910.14
2021,3,Gram,Tamil Nadu,Rabi,41.2,32.7,0.918,11.0,7051.37
2021,3,Mustard,Punjab,Rabi,85.4,23.5,0.864,11.0,6361.17
2021,3,Mustard,Haryana,Rabi,67.2,22.8,0.864,11.0,6646.28
2021,3,Mustard,UP,Rabi,81.3,27.7,0.901,11.0,6604.91
2021,3,Mustard,Maharashtra,Rabi,124.1,24.1,0.877,11.0,5883.62
2021,3,Mustard,Karnataka,Rabi,92.2,29.6,0.867,11.0,6074.63
2021,3,Mustard,Andhra Pradesh,Rabi,118.5,27.8,0.903,11.0,6712.86
2021,3,Mustard,Madhya Pradesh,Rabi,98.9,26.7,0.904,11.0,6559.65
2021,3,Mustard,Rajasthan,Rabi,111.2,24.6,0.909,11.0,6130.22
2021,3,Mustard,Gujarat,Rabi,92.8,25.7,0.892,11.0,6322.74
2021,3,Mustard,Bihar,Rabi,71.9,23.8,0.92,11.0,6505.18
2021,3,Mustard,West Bengal,Rabi,25.8,30.1,0.909,11.0,5768.79
2021,3,Mustard,Tamil Nadu,Rabi,66.0,26.4,0.86,11.0,5999.33
2021,4,Wheat,Punjab,Rabi,95.7,36.9,1.164,11.0,2786.94
2021,4,Wheat,Haryana,Rabi,86.9,36.4,1.143,11.0,3021.47
2021,4,Wheat,UP,Rabi,70.5,35.6,1.076,11.0,2945.26
2021,4,Wheat,Maharashtra,Rabi,60.1,38.7,1.101,11.0,2871.61
2021,4,Wheat,Karnataka,Rabi,60.2,37.6,1.114,11.0,3132.18
2021,4,Wheat,Andhra Pradesh,Rabi,51.1,36.9,1.146,11.0,3254.86
2021,4,Wheat,Madhya Pradesh,Rabi,90.3,35.7,1.099,11.0,2875.13
2021,4,Wheat,Rajasthan,Rabi,68.8,37.1,1.144,11.0,2891.01
2021,4,Wheat,Gujarat,Rabi,102.9,37.7,1.153,11.0,3031.03
2021,4,Wheat,Bihar,Rabi,58.8,40.3,1.144,11.0,3218.85
2021,4,Wheat,West Bengal,Rabi,75.3,36.7,1.171,11.0,2857.09
2021,4,Wheat,Tamil Nadu,Rabi,26.8,39.1,1.083,11.0,2990.25
2021,4,Rice,Punjab,Kharif,179.4,27.8,1.048,11.0,2832.25
2021,4,Rice,Haryana,Kharif,152.2,28.6,1.015,11.0,2702.63
2021,4,Rice,UP,Kharif,191.0,26.9,1.025,11.0,2421.99
2021,4,Rice,Maharashtra,Kharif,182.1,27.1,1.092,11.0,2667.56
2021,4,Rice,Karnataka,Kharif,127.5,28.8,1.093,11.0,2738.72
2021,4,Rice,Andhra Pradesh,Kharif,146.3,27.2,1.079,11.0,2491.39
2021,4,Rice,Madhya Pradesh,Kharif,143.9,32.0,1.018,11.0,2701.29
2021,4,Rice,Rajasthan,Kharif,112.2,28.8,1.07,11.0,2795.7
2021,4,Rice,Gujarat,Kharif,158.6,26.3,1.031,11.0,2494.19
2021,4,Rice,Bihar,Kharif,165.3,30.3,1.058,11.0,2515.81
2021,4,Rice,West Bengal,Kharif,169.8,30.7,1.023,11.0,2702.65
2021,4,Rice,Tamil Nadu,Kharif,202.8,28.0,1.033,11.0,2537.99
2021,4,Maize,Punjab,Kharif,197.2,33.2,0.982,11.0,2424.03
2021,4,Maize,Haryana,Kharif,223.8,30.4,1.021,11.0,2444.54
2021,4,Maize,UP,Kharif,192.6,31.8,0.955,11.0,2672.99
2021,4,Maize,Maharashtra,Kharif,231.5,30.6,0.937,11.0,2570.77
2021,4,Maize,Karnataka,Kharif,235.4,28.9,0.996,11.0,2789.35
2021,4,Maize,Andhra Pradesh,Kharif,211.5,29.8,0.98,11.0,2776.74
2021,4,Maize,Madhya Pradesh,Kharif,179.3,29.1,0.942,11.0,2563.26
2021,4,Maize,Rajasthan,Kharif,219.7,29.6,1.006,11.0,2419.97
2021,4,Maize,Gujarat,Kharif,187.4,32.6,0.961,11.0,2477.35
2021,4,Maize,Bihar,Kharif,219.0,29.1,0.969,11.0,2642.47
2021,4,Maize,West Bengal,Kharif,236.7,29.7,0.974,11.0,2650.21
2021,4,Maize,Tamil Nadu,Kharif,205.0,30.0,0.968,11.0,2585.76
2021,4,Potato,Punjab,Rabi,92.4,24.7,0.832,11.0,748.43
2021,4,Potato,Haryana,Rabi,55.4,26.6,0.868,11.0,759.59
2021,4,Potato,UP,Rabi,88.1,31.7,0.848,11.0,714.93
2021,4,Potato,Maharashtra,Rabi,47.8,25.1,0.851,11.0,760.06
2021,4,Potato,Karnataka,Rabi,110.7,29.5,0.841,11.0,763.85
2021,4,Potato,Andhra Pradesh,Rabi,101.3,23.1,0.847,11.0,749.86
2021,4,Potato,Madhya Pradesh,Rabi,100.8,28.1,0.869,11.0,807.77
2021,4,Potato,Rajasthan,Rabi,95.6,27.7,0.822,11.0,817.68
2021,4,Potato,Gujarat,Rabi,94.1,27.6,0.844,11.0,705.93
2021,4,Potato,Bihar,Rabi,131.9,28.2,0.835,11.0,725.34
2021,4,Potato,West Bengal,Rabi,68.5,25.1,0.84,11.0,786.5
2021,4,Potato,Tamil Nadu,Rabi,93.2,26.8,0.84,11.0,747.55
2021,4,Tomato,Punjab,Year-round,131.5,37.7,0.945,11.0,1266.81
2021,4,Tomato,Haryana,Year-round,111.7,41.5,0.96,11.0,1146.53
2021,4,Tomato,UP,Year-round,156.0,37.7,0.93,11.0,1157.4
2021,4,Tomato,Maharashtra,Year-round,144.4,35.8,0.977,11.0,1244.6
2021,4,Tomato,Karnataka,Year-round,127.1,35.7,1.002,11.0,1303.71
2021,4,Tomato,Andhra Pradesh,Year-round,140.1,42.3,0.942,11.0,1211.12
2021,4,Tomato,Madhya Pradesh,Year-round,120.0,37.0,0.977,11.0,1296.37
2021,4,Tomato,Rajasthan,Year-round,127.8,36.6,0.971,11.0,1240.73
2021,4,Tomato,Gujarat,Year-round,138.9,39.5,0.967,11.0,1205.95
2021,4,Tomato,Bihar,Year-round,116.6,37.3,0.964,11.0,1221.86
2021,4,Tomato,West Bengal,Year-round,141.7,35.5,1.009,11.0,1276.7
2021,4,Tomato,Tamil Nadu,Year-round,103.8,36.2,0.971,11.0,1277.91
2021,4,Onion,Punjab,Rabi,180.4,28.9,1.001,11.0,1517.99
2021,4,Onion,Haryana,Rabi,133.7,25.0,0.941,11.0,1657.05
2021,4,Onion,UP,Rabi,116.1,28.7,0.995,11.0,1493.59
2021,4,Onion,Maharashtra,Rabi,170.9,30.0,1.008,11.0,1479.06
2021,4,Onion,Karnataka,Rabi,134.5,30.9,0.971,11.0,1530.7
2021,4,Onion,Andhra Pradesh,Rabi,180.9,29.9,0.926,11.0,1644.97
2021,4,Onion,Madhya Pradesh,Rabi,118.9,27.3,0.935,11.0,1568.35
2021,4,Onion,Rajasthan,Rabi,148.9,23.6,0.924,11.0,1512.68
2021,4,Onion,Gujarat,Rabi,166.7,30.0,0.935,11.0,1720.11
2021,4,Onion,Bihar,Rabi,158.5,28.2,0.99,11.0,1632.09
2021,4,Onion,West Bengal,Rabi,147.6,28.6,0.919,11.0,1624.89
2021,4,Onion,Tamil Nadu,Rabi,133.9,30.0,0.979,11.0,1654.29
2021,4,Soybean,Punjab,Kharif,96.3,31.4,0.918,11.0,4697.24
2021,4,Soybean,Haryana,Kharif,118.5,29.0,0.877,11.0,4257.74
2021,4,Soybean,UP,Kharif,138.0,28.5,0.949,11.0,4796.11
2021,4,Soybean,Maharashtra,Kharif,97.1,28.3,0.922,11.0,4839.52
2021,4,Soybean,Karnataka,Kharif,83.1,31.1,0.957,11.0,4716.8
2021,4,Soybean,Andhra Pradesh,Kharif,97.1,32.6,0.891,11.0,4373.88
2021,4,Soybean,Madhya Pradesh,Kharif,93.7,29.5,0.935,11.0,4719.83
2021,4,Soybean,Rajasthan,Kharif,125.4,28.7,0.878,11.0,4774.03
2021,4,Soybean,Gujarat,Kharif,101.3,33.5,0.895,11.0,4601.81
2021,4,Soybean,Bihar,Kharif,62.2,25.1,0.917,11.0,4301.84
2021,4,Soybean,West Bengal,Kharif,82.3,33.9,0.881,11.0,4876.39
2021,4,Soybean,Tamil Nadu,Kharif,141.1,31.6,0.907,11.0,4908.17
2021,4,Cotton,Punjab,Kharif,136.8,44.8,0.888,11.0,7903.2
2021,4,Cotton,Haryana,Kharif,111.1,47.9,0.937,11.0,7822.66
2021,4,Cotton,UP,Kharif,139.8,46.6,0.942,11.0,7731.99
2021,4,Cotton,Maharashtra,Kharif,126.3,45.2,0.903,11.0,7081.73
2021,4,Cotton,Karnataka,Kharif,156.2,45.3,0.893,11.0,8149.24
2021,4,Cotton,Andhra Pradesh,Kharif,129.1,47.4,0.935,11.0,7473.74
2021,4,Cotton,Madhya Pradesh,Kharif,134.5,46.8,0.932,11.0,7347.42
2021,4,Cotton,Rajasthan,Kharif,151.3,45.5,0.942,11.0,7166.85
2021,4,Cotton,Gujarat,Kharif,122.0,41.9,0.878,11.0,7114.44
2021,4,Cotton,Bihar,Kharif,122.1,43.4,0.923,11.0,7952.92
2021,4,Cotton,West Bengal,Kharif,139.6,44.3,0.884,11.0,7648.66
2021,4,Cotton,Tamil Nadu,Kharif,109.9,43.0,0.945,11.0,7565.68
2021,4,Sugarcane,Punjab,Year-round,38.6,26.1,0.915,11.0,341.26
2021,4,Sugarcane,Haryana,Year-round,75.0,30.1,0.975,11.0,306.68
2021,4,Sugarcane,UP,Year-round,58.2,29.2,0.908,11.0,311.48
2021,4,Sugarcane,Maharashtra,Year-round,92.1,27.8,0.986,11.0,348.69
2021,4,Sugarcane,Karnataka,Year-round,71.4,32.0,0.968,11.0,307.91
2021,4,Sugarcane,Andhra Pradesh,Year-round,47.3,28.8,0.95,11.0,320.87
2021,4,Sugarcane,Madhya Pradesh,Year-round,50.4,27.2,0.971,11.0,353.87
2021,4,Sugarcane,Rajasthan,Year-round,97.5,29.7,0.987,11.0,356.82
2021,4,Sugarcane,Gujarat,Year-round,54.5,34.7,0.972,11.0,341.05
2021,4,Sugarcane,Bihar,Year-round,29.3,30.5,0.929,11.0,346.58
2021,4,Sugarcane,West Bengal,Year-round,78.3,34.3,0.941,11.0,339.49
2021,4,Sugarcane,Tamil Nadu,Year-round,31.4,34.6,0.977,11.0,313.63
2021,4,Chilli,Punjab,Kharif,141.3,20.2,0.975,11.0,9491.94
2021,4,Chilli,Haryana,Kharif,78.5,21.9,0.932,11.0,8700.4
2021,4,Chilli,UP,Kharif,145.2,21.7,0.998,11.0,9080.45
2021,4,Chilli,Maharashtra,Kharif,142.9,19.3,0.982,11.0,9406.99
2021,4,Chilli,Karnataka,Kharif,119.3,21.9,0.944,11.0,8962.28
2021,4,Chilli,Andhra Pradesh,Kharif,105.0,21.0,0.954,11.0,9665.45
2021,4,Chilli,Madhya Pradesh,Kharif,117.2,23.7,0.97,11.0,9259.7
2021,4,Chilli,Rajasthan,Kharif,107.6,24.2,0.994,11.0,9704.93
2021,4,Chilli,Gujarat,Kharif,72.8,23.5,0.971,11.0,9173.39
2021,4,Chilli,Bihar,Kharif,135.2,19.7,1.019,11.0,8463.54
2021,4,Chilli,West Bengal,Kharif,150.0,23.9,0.944,11.0,9748.65
2021,4,Chilli,Tamil Nadu,Kharif,104.1,21.0,0.991,11.0,9359.82
2021,4,Gram,Punjab,Rabi,105.2,26.0,1.13,11.0,6392.18
2021,4,Gram,Haryana,Rabi,97.6,26.4,1.099,11.0,6663.12
2021,4,Gram,UP,Rabi,117.9,29.6,1.146,11.0,7065.16
2021,4,Gram,Maharashtra,Rabi,142.2,29.5,1.053,11.0,6560.89
2021,4,Gram,Karnataka,Rabi,108.4,28.7,1.073,11.0,6371.43
2021,4,Gram,Andhra Pradesh,Rabi,83.0,31.9,1.072,11.0,6518.87
2021,4,Gram,Madhya Pradesh,Rabi,92.5,28.5,1.119,11.0,6640.08
2021,4,Gram,Rajasthan,Rabi,111.6,24.6,1.095,11.0,7169.27
2021,4,Gram,Gujarat,Rabi,92.6,29.8,1.153,11.0,7195.86
2021,4,Gram,Bihar,Rabi,105.8,25.5,1.14,11.0,6389.15
2021,4,Gram,West Bengal,Rabi,102.7,25.5,1.147,11.0,6335.5
2021,4,Gram,Tamil Nadu,Rabi,97.4,24.2,1.066,11.0,7044.8
2021,4,Mustard,Punjab,Rabi,151.6,34.1,0.876,11.0,5065.99
2021,4,Mustard,Haryana,Rabi,122.3,34.4,0.828,11.0,5345.88
2021,4,Mustard,UP,Rabi,113.7,26.7,0.832,11.0,5717.2
2021,4,Mustard,Maharashtra,Rabi,137.8,30.2,0.877,11.0,5778.86
2021,4,Mustard,Karnataka,Rabi,107.8,30.4,0.823,11.0,5543.38
2021,4,Mustard,Andhra Pradesh,Rabi,139.5,30.7,0.851,11.0,5231.34
2021,4,Mustard,Madhya Pradesh,Rabi,148.1,31.0,0.903,11.0,5680.11
2021,4,Mustard,Rajasthan,Rabi,125.9,33.6,0.889,11.0,5230.58
2021,4,Mustard,Gujarat,Rabi,90.2,30.8,0.825,11.0,5590.13
2021,4,Mustard,Bihar,Rabi,138.7,30.6,0.885,11.0,5488.78
2021,4,Mustard,West Bengal,Rabi,98.4,29.6,0.887,11.0,5267.07
2021,4,Mustard,Tamil Nadu,Rabi,129.5,34.3,0.84,11.0,5840.01
2021,5,Wheat,Punjab,Rabi,46.8,38.7,1.094,11.0,2715.37
2021,5,Wheat,Haryana,Rabi,62.9,42.2,1.137,11.0,2818.94
2021,5,Wheat,UP,Rabi,72.8,36.7,1.052,11.0,2929.77
2021,5,Wheat,Maharashtra,Rabi,22.9,38.9,1.096,11.0,2596.52
2021,5,Wheat,Karnataka,Rabi,81.2,35.9,1.11,11.0,2691.66
2021,5,Wheat,Andhra Pradesh,Rabi,43.2,38.4,1.074,11.0,2988.05
2021,5,Wheat,Madhya Pradesh,Rabi,62.6,36.3,1.115,11.0,2695.13
2021,5,Wheat,Rajasthan,Rabi,66.4,35.9,1.143,11.0,2646.83
2021,5,Wheat,Gujarat,Rabi,80.9,36.1,1.13,11.0,2659.8
2021,5,Wheat,Bihar,Rabi,74.7,36.7,1.081,11.0,2906.81
2021,5,Wheat,West Bengal,Rabi,63.9,40.3,1.139,11.0,2615.76
2021,5,Wheat,Tamil Nadu,Rabi,47.4,38.3,1.117,11.0,2582.32
2021,5,Rice,Punjab,Kharif,114.4,37.3,0.892,11.0,2237.53
2021,5,Rice,Haryana,Kharif,121.4,36.4,0.869,11.0,2145.47
2021,5,Rice,UP,Kharif,109.8,36.2,0.959,11.0,2324.38
2021,5,Rice,Maharashtra,Kharif,76.3,35.5,0.951,11.0,2262.6
2021,5,Rice,Karnataka,Kharif,111.3,34.7,0.938,11.0,2133.03
2021,5,Rice,Andhra Pradesh,Kharif,97.9,36.5,0.928,11.0,2258.15
2021,5,Rice,Madhya Pradesh,Kharif,147.4,34.4,0.901,11.0,2318.61
2021,5,Rice,Rajasthan,Kharif,125.5,34.4,0.958,11.0,2316.0
2021,5,Rice,Gujarat,Kharif,115.1,32.0,0.875,11.0,2395.4
2021,5,Rice,Bihar,Kharif,85.0,37.8,0.879,11.0,2357.0
2021,5,Rice,West Bengal,Kharif,88.4,35.9,0.901,11.0,2383.13
2021,5,Rice,Tamil Nadu,Kharif,138.1,35.8,0.947,11.0,2142.54
2021,5,Maize,Punjab,Kharif,179.0,32.3,1.195,11.0,2552.22
2021,5,Maize,Haryana,Kharif,167.4,31.5,1.178,11.0,2639.87
2021,5,Maize,UP,Kharif,205.1,29.3,1.154,11.0,2609.06
2021,5,Maize,Maharashtra,Kharif,189.9,32.3,1.153,11.0,2785.11
2021,5,Maize,Karnataka,Kharif,152.6,30.6,1.159,11.0,2550.81
2021,5,Maize,Andhra Pradesh,Kharif,174.2,34.9,1.193,11.0,2521.42
2021,5,Maize,Madhya Pradesh,Kharif,184.8,32.5,1.092,11.0,2443.67
2021,5,Maize,Rajasthan,Kharif,167.2,31.4,1.184,11.0,2607.98
2021,5,Maize,Gujarat,Kharif,155.1,35.9,1.196,11.0,2686.79
2021,5,Maize,Bihar,Kharif,137.4,29.7,1.193,11.0,2723.12
2021,5,Maize,West Bengal,Kharif,158.0,36.7,1.113,11.0,2667.11
2021,5,Maize,Tamil Nadu,Kharif,172.0,38.3,1.159,11.0,2729.15
2021,5,Potato,Punjab,Rabi,160.2,35.5,1.096,11.0,872.58
2021,5,Potato,Haryana,Rabi,128.0,30.5,1.13,11.0,861.56
2021,5,Potato,UP,Rabi,113.7,37.0,1.129,11.0,874.52
2021,5,Potato,Maharashtra,Rabi,126.3,33.4,1.111,11.0,813.55
2021,5,Potato,Karnataka,Rabi,132.2,35.9,1.054,11.0,820.7
2021,5,Potato,Andhra Pradesh,Rabi,146.2,35.8,1.112,11.0,860.71
2021,5,Potato,Madhya Pradesh,Rabi,124.3,36.0,1.097,11.0,876.69
2021,5,Potato,Rajasthan,Rabi,166.6,30.0,1.052,11.0,843.83
2021,5,Potato,Gujarat,Rabi,137.8,34.3,1.135,11.0,840.18
2021,5,Potato,Bihar,Rabi,138.4,33.4,1.051,11.0,857.12
2021,5,Potato,West Bengal,Rabi,142.9,34.1,1.126,11.0,818.27
2021,5,Potato,Tamil Nadu,Rabi,119.3,36.2,1.075,11.0,871.32
2021,5,Tomato,Punjab,Year-round,104.4,38.0,0.997,11.0,1298.2
2021,5,Tomato,Haryana,Year-round,120.9,35.2,0.973,11.0,1165.0
2021,5,Tomato,UP,Year-round,110.9,36.4,0.961,11.0,1339.99
2021,5,Tomato,Maharashtra,Year-round,108.3,31.0,0.91,11.0,1205.97
2021,5,Tomato,Karnataka,Year-round,151.7,35.4,0.966,11.0,1245.16
2021,5,Tomato,Andhra Pradesh,Year-round,104.7,35.0,0.921,11.0,1185.11
2021,5,Tomato,Madhya Pradesh,Year-round,88.8,40.0,0.934,11.0,1279.35
2021,5,Tomato,Rajasthan,Year-round,117.8,37.5,0.932,11.0,1330.04
2021,5,Tomato,Gujarat,Year-round,125.2,35.5,0.982,11.0,1301.9
2021,5,Tomato,Bihar,Year-round,117.8,38.0,0.927,11.0,1173.07
2021,5,Tomato,West Bengal,Year-round,90.7,35.8,0.944,11.0,1264.34
2021,5,Tomato,Tamil Nadu,Year-round,113.7,35.5,0.906,11.0,1280.69
2021,5,Onion,Punjab,Rabi,151.7,39.8,1.081,11.0,1767.87
2021,5,Onion,Haryana,Rabi,108.7,41.0,1.112,11.0,1566.95
2021,5,Onion,UP,Rabi,136.2,38.8,1.043,11.0,1664.03
2021,5,Onion,Maharashtra,Rabi,150.4,37.0,1.115,11.0,1592.6
2021,5,Onion,Karnataka,Rabi,185.1,39.7,1.066,11.0,1719.88
2021,5,Onion,Andhra Pradesh,Rabi,172.1,36.2,1.046,11.0,1652.69
2021,5,Onion,Madhya Pradesh,Rabi,161.6,38.5,1.095,11.0,1558.34
2021,5,Onion,Rajasthan,Rabi,148.7,42.3,1.107,11.0,1766.52
2021,5,Onion,Gujarat,Rabi,135.7,35.9,1.053,11.0,1777.66
2021,5,Onion,Bihar,Rabi,142.9,39.8,1.069,11.0,1677.09
2021,5,Onion,West Bengal,Rabi,208.0,40.7,1.122,11.0,1787.47
2021,5,Onion,Tamil Nadu,Rabi,137.7,38.7,1.048,11.0,1687.46
2021,5,Soybean,Punjab,Kharif,145.7,35.0,1.084,11.0,5887.4
2021,5,Soybean,Haryana,Kharif,123.7,38.8,1.124,11.0,5390.77
2021,5,Soybean,UP,Kharif,119.4,38.2,1.128,11.0,5714.9
2021,5,Soybean,Maharashtra,Kharif,91.3,31.5,1.139,11.0,5367.16
2021,5,Soybean,Karnataka,Kharif,146.4,38.4,1.127,11.0,6065.47
2021,5,Soybean,Andhra Pradesh,Kharif,125.8,38.6,1.178,11.0,5283.74
2021,5,Soybean,Madhya Pradesh,Kharif,108.5,34.7,1.193,11.0,5806.21
2021,5,Soybean,Rajasthan,Kharif,90.4,34.0,1.088,11.0,5578.18
2021,5,Soybean,Gujarat,Kharif,123.4,35.8,1.089,11.0,5366.03
2021,5,Soybean,Bihar,Kharif,144.9,39.2,1.125,11.0,5530.24
2021,5,Soybean,West Bengal,Kharif,131.5,37.9,1.098,11.0,5447.56
2021,5,Soybean,Tamil Nadu,Kharif,100.8,35.6,1.166,11.0,5702.24
2021,5,Cotton,Punjab,Kharif,92.2,41.3,0.943,11.0,6576.82
2021,5,Cotton,Haryana,Kharif,53.1,42.6,0.927,11.0,7446.07
2021,5,Cotton,UP,Kharif,50.0,39.7,0.967,11.0,6945.99
2021,5,Cotton,Maharashtra,Kharif,86.1,51.1,0.945,11.0,6799.46
2021,5,Cotton,Karnataka,Kharif,21.1,45.7,1.006,11.0,7426.04
2021,5,Cotton,Andhra Pradesh,Kharif,31.8,43.0,0.979,11.0,7442.87
2021,5,Cotton,Madhya Pradesh,Kharif,78.5,45.2,0.947,11.0,7596.01
2021,5,Cotton,Rajasthan,Kharif,65.1,45.3,1.009,11.0,6948.39
2021,5,Cotton,Gujarat,Kharif,90.9,39.6,1.002,11.0,7363.47
2021,5,Cotton,Bihar,Kharif,52.4,41.4,0.965,11.0,7111.68
2021,5,Cotton,West Bengal,Kharif,51.1,45.2,0.954,11.0,6598.27
2021,5,Cotton,Tamil Nadu,Kharif,85.2,44.4,0.948,11.0,7397.17
2021,5,Sugarcane,Punjab,Year-round,36.4,35.2,1.117,11.0,382.73
2021,5,Sugarcane,Haryana,Year-round,77.1,37.9,1.108,11.0,384.49
2021,5,Sugarcane,UP,Year-round,93.2,40.0,1.165,11.0,364.87
2021,5,Sugarcane,Maharashtra,Year-round,68.6,36.9,1.124,11.0,410.38
2021,5,Sugarcane,Karnataka,Year-round,90.6,39.9,1.112,11.0,380.64
2021,5,Sugarcane,Andhra Pradesh,Year-round,62.7,38.0,1.144,11.0,397.27
2021,5,Sugarcane,Madhya Pradesh,Year-round,93.5,40.3,1.121,11.0,407.6
2021,5,Sugarcane,Rajasthan,Year-round,120.4,37.6,1.119,11.0,357.15
2021,5,Sugarcane,Gujarat,Year-round,69.0,38.7,1.095,11.0,366.24
2021,5,Sugarcane,Bihar,Year-round,69.8,38.5,1.174,11.0,358.15
2021,5,Sugarcane,West Bengal,Year-round,73.0,33.8,1.159,11.0,412.59
2021,5,Sugarcane,Tamil Nadu,Year-round,98.1,36.7,1.157,11.0,409.18
2021,5,Chilli,Punjab,Kharif,130.9,38.6,1.091,11.0,8940.86
2021,5,Chilli,Haryana,Kharif,149.1,33.9,1.123,11.0,9970.02
2021,5,Chilli,UP,Kharif,126.5,32.4,1.076,11.0,9668.45
2021,5,Chilli,Maharashtra,Kharif,113.7,40.3,1.146,11.0,10258.03
2021,5,Chilli,Karnataka,Kharif,101.1,35.3,1.132,11.0,9553.94
2021,5,Chilli,Andhra Pradesh,Kharif,114.1,32.2,1.079,11.0,9597.3
2021,5,Chilli,Madhya Pradesh,Kharif,167.9,36.4,1.089,11.0,10284.56
2021,5,Chilli,Rajasthan,Kharif,133.3,32.8,1.166,11.0,10348.68
2021,5,Chilli,Gujarat,Kharif,125.4,36.0,1.134,11.0,10216.78
2021,5,Chilli,Bihar,Kharif,86.1,34.0,1.094,11.0,9180.8
2021,5,Chilli,West Bengal,Kharif,110.4,36.1,1.153,11.0,10030.91
2021,5,Chilli,Tamil Nadu,Kharif,123.8,33.0,1.081,11.0,9316.53
2021,5,Gram,Punjab,Rabi,153.8,38.8,0.982,11.0,5895.92
2021,5,Gram,Haryana,Rabi,157.4,37.2,0.972,11.0,5877.63
2021,5,Gram,UP,Rabi,147.4,39.6,1.021,11.0,5538.77
2021,5,Gram,Maharashtra,Rabi,149.8,36.0,0.956,11.0,5988.15
2021,5,Gram,Karnataka,Rabi,143.0,38.2,1.049,11.0,5762.06
2021,5,Gram,Andhra Pradesh,Rabi,167.1,34.5,1.031,11.0,5691.06
2021,5,Gram,Madhya Pradesh,Rabi,141.9,39.3,1.038,11.0,5929.37
2021,5,Gram,Rajasthan,Rabi,130.5,35.8,1.036,11.0,6090.88
2021,5,Gram,Gujarat,Rabi,147.1,34.3,1.038,11.0,5554.23
2021,5,Gram,Bihar,Rabi,182.4,38.2,1.041,11.0,5593.7
2021,5,Gram,West Bengal,Rabi,159.2,39.7,0.998,11.0,6341.18
2021,5,Gram,Tamil Nadu,Rabi,195.3,37.2,1.024,11.0,5560.15
2021,5,Mustard,Punjab,Rabi,133.6,36.7,0.903,11.0,6207.99
2021,5,Mustard,Haryana,Rabi,155.2,32.0,0.955,11.0,5395.29
2021,5,Mustard,UP,Rabi,132.5,33.3,0.914,11.0,5939.92
2021,5,Mustard,Maharashtra,Rabi,160.4,35.9,0.971,11.0,5420.25
2021,5,Mustard,Karnataka,Rabi,162.5,36.6,0.925,11.0,6110.39
2021,5,Mustard,Andhra Pradesh,Rabi,127.5,33.7,0.927,11.0,6274.13
2021,5,Mustard,Madhya Pradesh,Rabi,145.3,39.5,0.991,11.0,6257.68
2021,5,Mustard,Rajasthan,Rabi,135.2,35.6,0.931,11.0,5997.42
2021,5,Mustard,Gujarat,Rabi,154.1,34.9,0.931,11.0,6145.46
2021,5,Mustard,Bihar,Rabi,184.4,34.3,0.947,11.0,6016.34
2021,5,Mustard,West Bengal,Rabi,116.6,36.6,0.985,11.0,6250.03
2021,5,Mustard,Tamil Nadu,Rabi,122.1,34.4,0.985,11.0,5623.75
2021,6,Wheat,Punjab,Rabi,158.3,34.1,1.16,11.0,2691.24
2021,6,Wheat,Haryana,Rabi,144.2,31.9,1.155,11.0,2613.99
2021,6,Wheat,UP,Rabi,118.4,36.9,1.174,11.0,2686.19
2021,6,Wheat,Maharashtra,Rabi,120.2,34.0,1.16,11.0,2511.0
2021,6,Wheat,Karnataka,Rabi,180.7,35.2,1.138,11.0,2509.78
2021,6,Wheat,Andhra Pradesh,Rabi,128.4,39.0,1.127,11.0,2774.14
2021,6,Wheat,Madhya Pradesh,Rabi,128.2,37.1,1.112,11.0,2574.8
2021,6,Wheat,Rajasthan,Rabi,154.5,38.1,1.102,11.0,2732.52
2021,6,Wheat,Gujarat,Rabi,125.3,34.8,1.125,11.0,2842.65
2021,6,Wheat,Bihar,Rabi,135.0,34.9,1.147,11.0,2566.59
2021,6,Wheat,West Bengal,Rabi,162.9,37.2,1.111,11.0,2728.15
2021,6,Wheat,Tamil Nadu,Rabi,157.6,33.4,1.13,11.0,2803.5
2021,6,Rice,Punjab,Kharif,334.3,35.9,1.013,11.0,2520.43
2021,6,Rice,Haryana,Kharif,374.5,36.3,1.024,11.0,2303.59
2021,6,Rice,UP,Kharif,320.1,37.5,1.027,11.0,2440.27
2021,6,Rice,Maharashtra,Kharif,346.0,39.5,0.967,11.0,2247.85
2021,6,Rice,Karnataka,Kharif,337.0,40.0,1.009,11.0,2290.86
2021,6,Rice,Andhra Pradesh,Kharif,333.8,41.6,1.059,11.0,2545.99
2021,6,Rice,Madhya Pradesh,Kharif,345.1,41.8,1.033,11.0,2323.04
2021,6,Rice,Rajasthan,Kharif,336.1,38.5,1.013,11.0,2453.56
2021,6,Rice,Gujarat,Kharif,346.4,38.3,1.03,11.0,2545.4
2021,6,Rice,Bihar,Kharif,344.7,38.4,1.024,11.0,2459.5
2021,6,Rice,West Bengal,Kharif,354.8,37.9,1.018,11.0,2222.32
2021,6,Rice,Tamil Nadu,Kharif,364.4,39.8,0.966,11.0,2258.92
2021,6,Maize,Punjab,Kharif,247.9,39.9,0.966,11.0,1847.28
2021,6,Maize,Haryana,Kharif,213.8,39.2,0.908,11.0,2036.25
2021,6,Maize,UP,Kharif,200.2,40.9,0.953,11.0,2002.88
2021,6,Maize,Maharashtra,Kharif,196.4,37.1,0.903,11.0,1829.3
2021,6,Maize,Karnataka,Kharif,218.9,37.4,0.944,11.0,1781.28
2021,6,Maize,Andhra Pradesh,Kharif,190.6,39.7,0.979,11.0,1986.97
2021,6,Maize,Madhya Pradesh,Kharif,201.8,37.8,0.952,11.0,1858.63
2021,6,Maize,Rajasthan,Kharif,216.4,37.4,0.94,11.0,1985.19
2021,6,Maize,Gujarat,Kharif,182.1,35.8,0.946,11.0,1991.06
2021,6,Maize,Bihar,Kharif,220.5,34.0,0.969,11.0,1875.16
2021,6,Maize,West Bengal,Kharif,208.0,37.2,0.899,11.0,1955.88
2021,6,Maize,Tamil Nadu,Kharif,225.1,37.2,0.926,11.0,1827.69
2021,6,Potato,Punjab,Rabi,145.6,35.8,0.886,11.0,671.93
2021,6,Potato,Haryana,Rabi,176.1,35.5,0.87,11.0,668.17
2021,6,Potato,UP,Rabi,165.6,36.8,0.861,11.0,710.97
2021,6,Potato,Maharashtra,Rabi,170.2,35.5,0.906,11.0,619.69
2021,6,Potato,Karnataka,Rabi,154.7,33.9,0.918,11.0,640.26
2021,6,Potato,Andhra Pradesh,Rabi,147.9,34.2,0.906,11.0,635.89
2021,6,Potato,Madhya Pradesh,Rabi,158.1,37.4,0.863,11.0,693.17
2021,6,Potato,Rajasthan,Rabi,141.6,36.4,0.921,11.0,690.66
2021,6,Potato,Gujarat,Rabi,126.6,36.6,0.939,11.0,708.75
2021,6,Potato,Bihar,Rabi,132.8,38.9,0.862,11.0,665.77
2021,6,Potato,West Bengal,Rabi,162.3,36.7,0.872,11.0,696.86
2021,6,Potato,Tamil Nadu,Rabi,172.2,34.3,0.888,11.0,691.43
2021,6,Tomato,Punjab,Year-round,204.8,34.1,1.088,11.0,1113.45
2021,6,Tomato,Haryana,Year-round,183.1,36.2,1.134,11.0,1282.47
2021,6,Tomato,UP,Year-round,181.7,40.0,1.042,11.0,1262.96
2021,6,Tomato,Maharashtra,Year-round,183.1,36.9,1.087,11.0,1231.64
2021,6,Tomato,Karnataka,Year-round,209.1,39.2,1.103,11.0,1131.55
2021,6,Tomato,Andhra Pradesh,Year-round,235.1,41.3,1.055,11.0,1100.82
2021,6,Tomato,Madhya Pradesh,Year-round,222.6,38.7,1.098,11.0,1135.55
2021,6,Tomato,Rajasthan,Year-round,179.7,37.9,1.113,11.0,1257.03
2021,6,Tomato,Gujarat,Year-round,194.8,36.3,1.136,11.0,1171.13
2021,6,Tomato,Bihar,Year-round,191.7,34.8,1.12,11.0,1155.0
2021,6,Tomato,West Bengal,Year-round,188.6,35.1,1.079,11.0,1148.38
2021,6,Tomato,Tamil Nadu,Year-round,164.8,39.6,1.121,11.0,1174.24
2021,6,Onion,Punjab,Rabi,198.3,39.7,0.921,11.0,1405.97
2021,6,Onion,Haryana,Rabi,224.7,40.1,0.91,11.0,1414.68
2021,6,Onion,UP,Rabi,204.2,35.8,0.874,11.0,1255.73
2021,6,Onion,Maharashtra,Rabi,172.8,34.4,0.929,11.0,1235.35
2021,6,Onion,Karnataka,Rabi,204.0,37.2,0.923,11.0,1353.51
2021,6,Onion,Andhra Pradesh,Rabi,190.1,38.8,0.863,11.0,1314.47
2021,6,Onion,Madhya Pradesh,Rabi,194.3,41.4,0.902,11.0,1255.84
2021,6,Onion,Rajasthan,Rabi,166.6,37.4,0.899,11.0,1351.02
2021,6,Onion,Gujarat,Rabi,160.4,38.6,0.9,11.0,1322.91
2021,6,Onion,Bihar,Rabi,167.0,37.7,0.904,11.0,1381.12
2021,6,Onion,West Bengal,Rabi,180.4,35.5,0.856,11.0,1403.82
2021,6,Onion,Tamil Nadu,Rabi,181.0,36.9,0.921,11.0,1361.65
2021,6,Soybean,Punjab,Kharif,199.5,32.7,0.989,11.0,4735.85
2021,6,Soybean,Haryana,Kharif,259.7,39.2,0.958,11.0,4784.2
2021,6,Soybean,UP,Kharif,255.8,36.4,0.954,11.0,4715.3
2021,6,Soybean,Maharashtra,Kharif,243.7,35.4,0.992,11.0,4719.77
2021,6,Soybean,Karnataka,Kharif,223.0,32.1,1.011,11.0,4456.25
2021,6,Soybean,Andhra Pradesh,Kharif,241.5,35.8,1.019,11.0,4205.57
2021,6,Soybean,Madhya Pradesh,Kharif,245.9,36.1,0.99,11.0,4285.06
2021,6,Soybean,Rajasthan,Kharif,254.1,35.2,0.966,11.0,4704.68
2021,6,Soybean,Gujarat,Kharif,221.2,36.0,1.029,11.0,4880.39
2021,6,Soybean,Bihar,Kharif,252.7,34.5,1.01,11.0,4426.1
2021,6,Soybean,West Bengal,Kharif,252.8,35.4,1.015,11.0,4708.91
2021,6,Soybean,Tamil Nadu,Kharif,218.6,40.0,0.953,11.0,4320.41
2021,6,Cotton,Punjab,Kharif,156.1,41.0,0.959,11.0,6332.78
2021,6,Cotton,Haryana,Kharif,163.5,35.5,1.003,11.0,5768.11
2021,6,Cotton,UP,Kharif,154.8,36.1,0.931,11.0,5754.09
2021,6,Cotton,Maharashtra,Kharif,142.9,46.0,0.954,11.0,6124.85
2021,6,Cotton,Karnataka,Kharif,175.0,38.3,0.995,11.0,6317.96
2021,6,Cotton,Andhra Pradesh,Kharif,167.2,40.7,0.928,11.0,5557.96
2021,6,Cotton,Madhya Pradesh,Kharif,185.5,41.2,0.997,11.0,5586.0
2021,6,Cotton,Rajasthan,Kharif,180.7,40.3,0.98,11.0,6142.86
2021,6,Cotton,Gujarat,Kharif,184.5,37.3,0.966,11.0,5706.65
2021,6,Cotton,Bihar,Kharif,160.8,37.8,1.018,11.0,5482.64
2021,6,Cotton,West Bengal,Kharif,116.8,39.0,0.949,11.0,5983.0
2021,6,Cotton,Tamil Nadu,Kharif,149.3,35.4,0.944,11.0,5478.98
2021,6,Sugarcane,Punjab,Year-round,157.3,40.2,1.047,11.0,349.1
2021,6,Sugarcane,Haryana,Year-round,193.8,36.9,1.107,11.0,356.88
2021,6,Sugarcane,UP,Year-round,164.3,37.4,1.114,11.0,307.57
2021,6,Sugarcane,Maharashtra,Year-round,186.7,36.1,1.025,11.0,344.4
2021,6,Sugarcane,Karnataka,Year-round,200.7,37.6,1.083,11.0,351.81
2021,6,Sugarcane,Andhra Pradesh,Year-round,150.1,37.7,1.032,11.0,333.22
2021,6,Sugarcane,Madhya Pradesh,Year-round,165.6,38.0,1.081,11.0,353.57
2021,6,Sugarcane,Rajasthan,Year-round,169.1,40.6,1.024,11.0,311.71
2021,6,Sugarcane,Gujarat,Year-round,178.4,36.2,1.038,11.0,350.2
2021,6,Sugarcane,Bihar,Year-round,165.2,37.3,1.068,11.0,356.55
2021,6,Sugarcane,West Bengal,Year-round,173.1,38.3,1.111,11.0,351.14
2021,6,Sugarcane,Tamil Nadu,Year-round,207.6,40.2,1.077,11.0,313.87
2021,6,Chilli,Punjab,Kharif,226.3,40.0,0.911,11.0,6623.5
2021,6,Chilli,Haryana,Kharif,267.0,39.4,0.897,11.0,7064.02
2021,6,Chilli,UP,Kharif,268.0,43.9,0.901,11.0,6606.53
2021,6,Chilli,Maharashtra,Kharif,234.9,41.2,0.883,11.0,6660.03
2021,6,Chilli,Karnataka,Kharif,226.4,45.5,0.921,11.0,6850.03
2021,6,Chilli,Andhra Pradesh,Kharif,216.0,41.7,0.933,11.0,6765.58
2021,6,Chilli,Madhya Pradesh,Kharif,239.3,40.7,0.941,11.0,6294.99
2021,6,Chilli,Rajasthan,Kharif,247.0,38.3,0.886,11.0,6776.95
2021,6,Chilli,Gujarat,Kharif,278.9,42.1,0.964,11.0,6804.28
2021,6,Chilli,Bihar,Kharif,247.1,42.1,0.888,11.0,7062.27
2021,6,Chilli,West Bengal,Kharif,238.3,43.3,0.956,11.0,6204.89
2021,6,Chilli,Tamil Nadu,Kharif,270.9,39.1,0.966,11.0,6487.22
2021,6,Gram,Punjab,Rabi,260.5,38.1,0.866,11.0,4161.19
2021,6,Gram,Haryana,Rabi,284.6,37.9,0.857,11.0,4156.62
2021,6,Gram,UP,Rabi,264.6,38.6,0.875,11.0,4664.22
2021,6,Gram,Maharashtra,Rabi,275.9,37.1,0.813,11.0,4099.15
2021,6,Gram,Karnataka,Rabi,258.9,37.0,0.895,11.0,4136.2
2021,6,Gram,Andhra Pradesh,Rabi,271.0,37.6,0.831,11.0,4443.51
2021,6,Gram,Madhya Pradesh,Rabi,229.5,37.7,0.819,11.0,4714.22
2021,6,Gram,Rajasthan,Rabi,262.8,35.2,0.877,11.0,4494.86
2021,6,Gram,Gujarat,Rabi,274.1,37.0,0.895,11.0,4086.32
2021,6,Gram,Bihar,Rabi,261.4,36.7,0.826,11.0,4551.51
2021,6,Gram,West Bengal,Rabi,242.2,37.9,0.83,11.0,4562.05
2021,6,Gram,Tamil Nadu,Rabi,269.8,42.4,0.869,11.0,4277.46
2021,6,Mustard,Punjab,Rabi,89.5,44.6,0.826,11.0,5305.37
2021,6,Mustard,Haryana,Rabi,55.3,41.2,0.908,11.0,4873.74
2021,6,Mustard,UP,Rabi,87.2,42.2,0.889,11.0,5261.21
2021,6,Mustard,Maharashtra,Rabi,54.6,41.6,0.909,11.0,4959.6
2021,6,Mustard,Karnataka,Rabi,73.2,44.1,0.9,11.0,5150.83
2021,6,Mustard,Andhra Pradesh,Rabi,104.1,41.3,0.89,11.0,4769.98
2021,6,Mustard,Madhya Pradesh,Rabi,72.3,38.8,0.9,11.0,5466.39
2021,6,Mustard,Rajasthan,Rabi,100.8,41.9,0.829,11.0,5365.57
2021,6,Mustard,Gujarat,Rabi,65.7,40.7,0.868,11.0,5368.42
2021,6,Mustard,Bihar,Rabi,134.4,45.1,0.854,11.0,5095.31
2021,6,Mustard,West Bengal,Rabi,68.7,45.4,0.869,11.0,4869.7
2021,6,Mustard,Tamil Nadu,Rabi,84.4,43.6,0.829,11.0,5255.54
2021,7,Wheat,Punjab,Rabi,191.4,18.2,0.905,11.0,2272.82
2021,7,Wheat,Haryana,Rabi,219.8,14.3,0.93,11.0,2143.29
2021,7,Wheat,UP,Rabi,188.3,15.1,0.912,11.0,2388.63
2021,7,Wheat,Maharashtra,Rabi,199.9,17.4,0.973,11.0,2132.03
2021,7,Wheat,Karnataka,Rabi,207.4,19.7,0.908,11.0,2109.0
2021,7,Wheat,Andhra Pradesh,Rabi,195.9,19.6,0.952,11.0,2169.0
2021,7,Wheat,Madhya Pradesh,Rabi,204.4,18.8,0.997,11.0,2165.59
2021,7,Wheat,Rajasthan,Rabi,195.3,13.5,0.936,11.0,2314.38
2021,7,Wheat,Gujarat,Rabi,189.5,22.2,0.903,11.0,2389.17
2021,7,Wheat,Bihar,Rabi,198.6,19.3,0.919,11.0,2224.2
2021,7,Wheat,West Bengal,Rabi,211.4,18.2,0.997,11.0,2047.42
2021,7,Wheat,Tamil Nadu,Rabi,206.8,22.0,0.958,11.0,2374.91
2021,7,Rice,Punjab,Kharif,210.7,37.0,0.924,11.0,1697.23
2021,7,Rice,Haryana,Kharif,255.5,33.9,0.88,11.0,1820.35
2021,7,Rice,UP,Kharif,203.8,36.0,0.862,11.0,1753.56
2021,7,Rice,Maharashtra,Kharif,206.7,34.6,0.845,11.0,1625.44
2021,7,Rice,Karnataka,Kharif,203.0,37.2,0.895,11.0,1793.78
2021,7,Rice,Andhra Pradesh,Kharif,209.2,39.2,0.848,11.0,1904.03
2021,7,Rice,Madhya Pradesh,Kharif,225.9,32.9,0.901,11.0,1705.78
2021,7,Rice,Rajasthan,Kharif,204.8,34.7,0.869,11.0,1833.61
2021,7,Rice,Gujarat,Kharif,186.7,34.0,0.885,11.0,1724.61
2021,7,Rice,Bihar,Kharif,217.9,39.5,0.868,11.0,1739.88
2021,7,Rice,West Bengal,Kharif,215.7,39.1,0.901,11.0,1840.89
2021,7,Rice,Tamil Nadu,Kharif,208.5,37.0,0.845,11.0,1638.86
2021,7,Maize,Punjab,Kharif,233.0,30.4,0.905,11.0,1961.44
2021,7,Maize,Haryana,Kharif,269.0,30.4,0.894,11.0,1926.59
2021,7,Maize,UP,Kharif,232.6,30.4,0.889,11.0,2042.03
2021,7,Maize,Maharashtra,Kharif,285.9,32.0,0.889,11.0,1797.19
2021,7,Maize,Karnataka,Kharif,236.4,30.2,0.908,11.0,1771.55
2021,7,Maize,Andhra Pradesh,Kharif,302.8,32.7,0.929,11.0,1981.39
2021,7,Maize,Madhya Pradesh,Kharif,249.1,28.1,0.906,11.0,1931.98
2021,7,Maize,Rajasthan,Kharif,248.3,30.9,0.932,11.0,1954.1
2021,7,Maize,Gujarat,Kharif,278.0,32.0,0.854,11.0,1759.87
2021,7,Maize,Bihar,Kharif,223.9,30.8,0.924,11.0,1754.52
2021,7,Maize,West Bengal,Kharif,273.8,33.0,0.876,11.0,1876.99
2021,7,Maize,Tamil Nadu,Kharif,275.4,29.1,0.9,11.0,1815.62
2021,7,Potato,Punjab,Rabi,167.7,29.0,0.976,11.0,759.6
2021,7,Potato,Haryana,Rabi,162.2,31.4,0.94,11.0,691.59
2021,7,Potato,UP,Rabi,162.8,28.5,1.021,11.0,758.17
2021,7,Potato,Maharashtra,Rabi,185.3,26.7,1.02,11.0,730.51
2021,7,Potato,Karnataka,Rabi,187.1,30.1,0.953,11.0,673.93
2021,7,Potato,Andhra Pradesh,Rabi,169.9,27.9,1.016,11.0,731.28
2021,7,Potato,Madhya Pradesh,Rabi,176.8,29.9,0.967,11.0,686.57
2021,7,Potato,Rajasthan,Rabi,208.5,30.4,0.998,11.0,754.79
2021,7,Potato,Gujarat,Rabi,172.1,30.7,1.022,11.0,739.68
2021,7,Potato,Bihar,Rabi,188.9,30.8,1.029,11.0,742.14
2021,7,Potato,West Bengal,Rabi,135.5,27.8,0.995,11.0,682.71
2021,7,Potato,Tamil Nadu,Rabi,164.7,29.7,1.01,11.0,768.45
2021,7,Tomato,Punjab,Year-round,250.0,31.6,1.107,11.0,1314.11
2021,7,Tomato,Haryana,Year-round,226.8,28.4,1.151,11.0,1169.49
2021,7,Tomato,UP,Year-round,242.5,30.5,1.188,11.0,1239.27
2021,7,Tomato,Maharashtra,Year-round,268.7,29.8,1.16,11.0,1197.97
2021,7,Tomato,Karnataka,Year-round,197.8,28.9,1.111,11.0,1196.06
2021,7,Tomato,Andhra Pradesh,Year-round,255.8,32.7,1.173,11.0,1210.85
2021,7,Tomato,Madhya Pradesh,Year-round,262.5,30.7,1.156,11.0,1194.58
2021,7,Tomato,Rajasthan,Year-round,247.9,31.5,1.149,11.0,1213.96
2021,7,Tomato,Gujarat,Year-round,223.4,31.1,1.127,11.0,1277.49
2021,7,Tomato,Bihar,Year-round,227.8,33.7,1.193,11.0,1231.78
2021,7,Tomato,West Bengal,Year-round,223.3,34.0,1.139,11.0,1174.51
2021,7,Tomato,Tamil Nadu,Year-round,222.1,30.4,1.143,11.0,1278.02
2021,7,Onion,Punjab,Rabi,212.1,40.1,1.107,11.0,1795.84
2021,7,Onion,Haryana,Rabi,240.3,37.7,1.161,11.0,1646.0
2021,7,Onion,UP,Rabi,241.2,35.4,1.105,11.0,1734.53
2021,7,Onion,Maharashtra,Rabi,204.6,33.3,1.193,11.0,1586.54
2021,7,Onion,Karnataka,Rabi,194.7,34.6,1.194,11.0,1700.13
2021,7,Onion,Andhra Pradesh,Rabi,186.8,41.1,1.132,11.0,1657.52
2021,7,Onion,Madhya Pradesh,Rabi,231.0,38.4,1.12,11.0,1602.82
2021,7,Onion,Rajasthan,Rabi,198.4,34.8,1.187,11.0,1754.63
2021,7,Onion,Gujarat,Rabi,191.1,33.0,1.14,11.0,1596.18
2021,7,Onion,Bihar,Rabi,223.3,35.9,1.159,11.0,1770.53
2021,7,Onion,West Bengal,Rabi,185.4,34.9,1.16,11.0,1684.4
2021,7,Onion,Tamil Nadu,Rabi,207.9,38.2,1.147,11.0,1662.82
2021,7,Soybean,Punjab,Kharif,210.8,22.8,1.133,11.0,4783.03
2021,7,Soybean,Haryana,Kharif,184.2,18.6,1.062,11.0,4569.18
2021,7,Soybean,UP,Kharif,177.1,18.5,1.126,11.0,4616.09
2021,7,Soybean,Maharashtra,Kharif,188.9,19.5,1.102,11.0,4462.45
2021,7,Soybean,Karnataka,Kharif,170.3,21.2,1.16,11.0,4938.06
2021,7,Soybean,Andhra Pradesh,Kharif,173.7,20.1,1.079,11.0,4945.48
2021,7,Soybean,Madhya Pradesh,Kharif,125.9,19.9,1.146,11.0,5058.42
2021,7,Soybean,Rajasthan,Kharif,139.8,17.5,1.092,11.0,4399.07
2021,7,Soybean,Gujarat,Kharif,165.4,18.9,1.124,11.0,4565.13
2021,7,Soybean,Bihar,Kharif,138.3,20.1,1.071,11.0,5026.12
2021,7,Soybean,West Bengal,Kharif,175.1,20.3,1.085,11.0,4958.86
2021,7,Soybean,Tamil Nadu,Kharif,171.5,22.9,1.123,11.0,4786.54
2021,7,Cotton,Punjab,Kharif,155.6,23.3,1.062,11.0,7215.29
2021,7,Cotton,Haryana,Kharif,133.8,24.9,1.063,11.0,6987.7
2021,7,Cotton,UP,Kharif,125.4,25.4,1.012,11.0,7111.84
2021,7,Cotton,Maharashtra,Kharif,128.6,27.9,1.011,11.0,7665.5
2021,7,Cotton,Karnataka,Kharif,114.1,24.9,1.085,11.0,7766.87
2021,7,Cotton,Andhra Pradesh,Kharif,131.3,22.0,1.052,11.0,7780.1
2021,7,Cotton,Madhya Pradesh,Kharif,134.8,27.1,1.026,11.0,7833.5
2021,7,Cotton,Rajasthan,Kharif,138.9,24.0,1.076,11.0,7021.12
2021,7,Cotton,Gujarat,Kharif,187.3,22.7,1.037,11.0,6886.77
2021,7,Cotton,Bihar,Kharif,165.6,27.5,1.013,11.0,6827.3
2021,7,Cotton,West Bengal,Kharif,167.8,22.2,1.062,11.0,7209.79
2021,7,Cotton,Tamil Nadu,Kharif,140.1,24.7,1.085,11.0,7315.52
2021,7,Sugarcane,Punjab,Year-round,141.0,30.7,0.958,11.0,289.94
2021,7,Sugarcane,Haryana,Year-round,111.5,26.6,0.925,11.0,260.96
2021,7,Sugarcane,UP,Year-round,155.6,26.8,0.993,11.0,295.52
2021,7,Sugarcane,Maharashtra,Year-round,137.1,29.8,0.986,11.0,296.3
2021,7,Sugarcane,Karnataka,Year-round,152.3,29.6,0.983,11.0,268.04
2021,7,Sugarcane,Andhra Pradesh,Year-round,172.8,29.4,0.99,11.0,259.52
2021,7,Sugarcane,Madhya Pradesh,Year-round,178.8,30.6,0.918,11.0,257.01
2021,7,Sugarcane,Rajasthan,Year-round,137.5,31.4,0.918,11.0,257.87
2021,7,Sugarcane,Gujarat,Year-round,153.6,31.0,0.923,11.0,289.66
2021,7,Sugarcane,Bihar,Year-round,157.1,32.4,0.97,11.0,256.41
2021,7,Sugarcane,West Bengal,Year-round,127.5,28.4,0.997,11.0,291.9
2021,7,Sugarcane,Tamil Nadu,Year-round,160.7,29.1,0.996,11.0,279.99
2021,7,Chilli,Punjab,Kharif,263.3,34.6,1.008,11.0,7169.37
2021,7,Chilli,Haryana,Kharif,251.3,35.6,0.964,11.0,7100.28
2021,7,Chilli,UP,Kharif,236.9,37.2,0.938,11.0,6333.84
2021,7,Chilli,Maharashtra,Kharif,246.7,33.4,0.995,11.0,6334.54
2021,7,Chilli,Karnataka,Kharif,227.5,36.3,1.003,11.0,6430.13
2021,7,Chilli,Andhra Pradesh,Kharif,222.3,37.6,0.96,11.0,6737.91
2021,7,Chilli,Madhya Pradesh,Kharif,219.4,38.6,0.987,11.0,7118.67
2021,7,Chilli,Rajasthan,Kharif,243.9,34.8,0.949,11.0,6342.56
2021,7,Chilli,Gujarat,Kharif,275.7,33.1,0.946,11.0,6990.07
2021,7,Chilli,Bihar,Kharif,257.9,38.5,0.981,11.0,6718.11
2021,7,Chilli,West Bengal,Kharif,229.6,34.7,1.014,11.0,6874.34
2021,7,Chilli,Tamil Nadu,Kharif,230.6,32.3,1.001,11.0,7103.14
2021,7,Gram,Punjab,Rabi,99.6,36.1,0.908,11.0,4307.6
2021,7,Gram,Haryana,Rabi,93.5,38.9,0.923,11.0,4860.93
2021,7,Gram,UP,Rabi,131.3,39.2,0.967,11.0,4388.52
2021,7,Gram,Maharashtra,Rabi,95.5,42.3,0.938,11.0,4854.24
2021,7,Gram,Karnataka,Rabi,105.6,40.3,0.886,11.0,4360.74
2021,7,Gram,Andhra Pradesh,Rabi,125.4,38.2,0.961,11.0,4976.88
2021,7,Gram,Madhya Pradesh,Rabi,57.9,35.1,0.898,11.0,4899.16
2021,7,Gram,Rajasthan,Rabi,91.2,37.2,0.943,11.0,5013.07
2021,7,Gram,Gujarat,Rabi,103.3,37.9,0.927,11.0,4471.68
2021,7,Gram,Bihar,Rabi,50.8,38.0,0.964,11.0,4412.37
2021,7,Gram,West Bengal,Rabi,104.6,38.8,0.896,11.0,4297.38
2021,7,Gram,Tamil Nadu,Rabi,72.0,38.8,0.91,11.0,4325.36
2021,7,Mustard,Punjab,Rabi,136.9,24.2,0.972,11.0,5646.29
2021,7,Mustard,Haryana,Rabi,143.2,27.9,1.009,11.0,5820.98
2021,7,Mustard,UP,Rabi,128.6,25.1,0.967,11.0,4983.76
2021,7,Mustard,Maharashtra,Rabi,127.7,22.9,1.019,11.0,4981.43
2021,7,Mustard,Karnataka,Rabi,131.4,20.2,1.01,11.0,5394.65
2021,7,Mustard,Andhra Pradesh,Rabi,122.3,23.9,1.048,11.0,4980.1
2021,7,Mustard,Madhya Pradesh,Rabi,130.3,25.9,1.003,11.0,5589.35
2021,7,Mustard,Rajasthan,Rabi,133.8,24.5,0.981,11.0,5155.47
2021,7,Mustard,Gujarat,Rabi,108.3,26.0,1.0,11.0,5114.74
2021,7,Mustard,Bihar,Rabi,133.5,25.1,1.017,11.0,5295.08
2021,7,Mustard,West Bengal,Rabi,128.7,25.0,1.055,11.0,5200.68
2021,7,Mustard,Tamil Nadu,Rabi,134.3,25.0,0.992,11.0,5464.09
2021,8,Wheat,Punjab,Rabi,108.4,37.6,1.08,11.0,2601.38
2021,8,Wheat,Haryana,Rabi,99.7,36.8,1.13,11.0,2530.8
2021,8,Wheat,UP,Rabi,143.5,38.3,1.159,11.0,2515.82
2021,8,Wheat,Maharashtra,Rabi,95.8,37.7,1.151,11.0,2646.56
2021,8,Wheat,Karnataka,Rabi,153.5,34.5,1.151,11.0,2660.57
2021,8,Wheat,Andhra Pradesh,Rabi,117.2,36.3,1.101,11.0,2753.95
2021,8,Wheat,Madhya Pradesh,Rabi,129.6,35.0,1.094,11.0,2399.31
2021,8,Wheat,Rajasthan,Rabi,142.2,37.0,1.075,11.0,2608.55
2021,8,Wheat,Gujarat,Rabi,78.1,34.1,1.163,11.0,2479.27
2021,8,Wheat,Bihar,Rabi,140.6,35.6,1.093,11.0,2696.34
2021,8,Wheat,West Bengal,Rabi,133.8,34.2,1.105,11.0,2676.23
2021,8,Wheat,Tamil Nadu,Rabi,106.4,32.6,1.138,11.0,2398.47
2021,8,Rice,Punjab,Kharif,178.6,32.9,1.09,11.0,2345.98
2021,8,Rice,Haryana,Kharif,148.8,35.0,1.1,11.0,2517.4
2021,8,Rice,UP,Kharif,161.2,29.7,1.116,11.0,2638.05
2021,8,Rice,Maharashtra,Kharif,205.7,31.3,1.066,11.0,2601.52
2021,8,Rice,Karnataka,Kharif,197.6,31.7,1.078,11.0,2414.26
2021,8,Rice,Andhra Pradesh,Kharif,146.3,36.6,1.074,11.0,2597.62
2021,8,Rice,Madhya Pradesh,Kharif,185.8,32.9,1.101,11.0,2599.33
2021,8,Rice,Rajasthan,Kharif,135.4,31.9,1.13,11.0,2494.25
2021,8,Rice,Gujarat,Kharif,140.8,34.5,1.059,11.0,2490.07
2021,8,Rice,Bihar,Kharif,160.8,36.4,1.08,11.0,2408.22
2021,8,Rice,West Bengal,Kharif,161.1,32.9,1.108,11.0,2509.74
2021,8,Rice,Tamil Nadu,Kharif,141.5,35.0,1.068,11.0,2498.36
2021,8,Maize,Punjab,Kharif,214.5,23.4,1.01,11.0,2059.07
2021,8,Maize,Haryana,Kharif,218.1,19.0,1.01,11.0,2399.47
2021,8,Maize,UP,Kharif,173.3,21.2,1.003,11.0,2392.05
2021,8,Maize,Maharashtra,Kharif,168.1,20.5,1.04,11.0,2297.89
2021,8,Maize,Karnataka,Kharif,175.7,22.1,0.988,11.0,2099.36
2021,8,Maize,Andhra Pradesh,Kharif,193.3,20.0,0.959,11.0,2379.49
2021,8,Maize,Madhya Pradesh,Kharif,172.2,22.7,1.021,11.0,2224.45
2021,8,Maize,Rajasthan,Kharif,205.6,21.0,1.051,11.0,2066.69
2021,8,Maize,Gujarat,Kharif,176.5,17.0,1.027,11.0,2378.05
2021,8,Maize,Bihar,Kharif,185.4,19.7,0.998,11.0,2092.67
2021,8,Maize,West Bengal,Kharif,184.8,24.2,0.958,11.0,2241.3
2021,8,Maize,Tamil Nadu,Kharif,223.3,20.5,1.026,11.0,2212.92
2021,8,Potato,Punjab,Rabi,196.3,30.6,0.976,11.0,832.78
2021,8,Potato,Haryana,Rabi,183.1,29.5,1.033,11.0,834.31
2021,8,Potato,UP,Rabi,138.7,32.4,1.003,11.0,773.86
2021,8,Potato,Maharashtra,Rabi,197.9,27.3,1.032,11.0,783.17
2021,8,Potato,Karnataka,Rabi,185.6,29.0,0.98,11.0,849.72
2021,8,Potato,Andhra Pradesh,Rabi,177.0,31.5,0.974,11.0,792.43
2021,8,Potato,Madhya Pradesh,Rabi,210.8,29.3,1.054,11.0,758.12
2021,8,Potato,Rajasthan,Rabi,186.1,30.7,1.044,11.0,838.62
2021,8,Potato,Gujarat,Rabi,175.8,31.0,1.047,11.0,747.4
2021,8,Potato,Bihar,Rabi,198.8,31.5,1.054,11.0,747.33
2021,8,Potato,West Bengal,Rabi,199.4,25.5,0.991,11.0,836.24
2021,8,Potato,Tamil Nadu,Rabi,163.1,28.2,1.009,11.0,762.76
2021,8,Tomato,Punjab,Year-round,108.6,28.0,1.048,11.0,1205.67
2021,8,Tomato,Haryana,Year-round,135.9,26.4,1.005,11.0,1252.98
2021,8,Tomato,UP,Year-round,124.9,26.7,1.023,11.0,1121.68
2021,8,Tomato,Maharashtra,Year-round,124.1,27.3,0.975,11.0,1137.62
2021,8,Tomato,Karnataka,Year-round,135.5,27.5,1.043,11.0,1261.12
2021,8,Tomato,Andhra Pradesh,Year-round,98.5,25.2,1.066,11.0,1212.05
2021,8,Tomato,Madhya Pradesh,Year-round,116.0,24.9,1.054,11.0,1142.22
2021,8,Tomato,Rajasthan,Year-round,156.6,27.8,1.076,11.0,1270.12
2021,8,Tomato,Gujarat,Year-round,155.8,27.3,1.066,11.0,1228.34
2021,8,Tomato,Bihar,Year-round,150.2,28.2,0.976,11.0,1255.93
2021,8,Tomato,West Bengal,Year-round,104.3,30.0,1.021,11.0,1097.62
2021,8,Tomato,Tamil Nadu,Year-round,144.5,28.2,1.063,11.0,1171.8
2021,8,Onion,Punjab,Rabi,250.0,34.8,1.023,11.0,1528.74
2021,8,Onion,Haryana,Rabi,271.2,33.1,1.111,11.0,1520.24
2021,8,Onion,UP,Rabi,243.8,39.0,1.044,11.0,1618.57
2021,8,Onion,Maharashtra,Rabi,253.6,37.6,1.01,11.0,1658.95
2021,8,Onion,Karnataka,Rabi,257.4,38.6,1.082,11.0,1645.43
2021,8,Onion,Andhra Pradesh,Rabi,260.7,42.1,1.04,11.0,1676.15
2021,8,Onion,Madhya Pradesh,Rabi,250.9,38.6,1.027,11.0,1522.87
2021,8,Onion,Rajasthan,Rabi,206.5,32.0,1.079,11.0,1469.88
2021,8,Onion,Gujarat,Rabi,256.3,33.5,1.106,11.0,1564.58
2021,8,Onion,Bihar,Rabi,272.2,39.1,1.089,11.0,1486.21
2021,8,Onion,West Bengal,Rabi,258.9,36.9,1.099,11.0,1483.99
2021,8,Onion,Tamil Nadu,Rabi,272.5,37.2,1.051,11.0,1508.13
2021,8,Soybean,Punjab,Kharif,117.2,29.8,0.904,11.0,3703.95
2021,8,Soybean,Haryana,Kharif,154.0,30.2,0.896,11.0,4126.56
2021,8,Soybean,UP,Kharif,124.0,30.1,0.855,11.0,3746.9
2021,8,Soybean,Maharashtra,Kharif,147.1,26.2,0.851,11.0,3933.19
2021,8,Soybean,Karnataka,Kharif,106.8,30.6,0.832,11.0,4068.34
2021,8,Soybean,Andhra Pradesh,Kharif,106.1,28.9,0.848,11.0,3977.32
2021,8,Soybean,Madhya Pradesh,Kharif,133.5,27.3,0.886,11.0,3774.06
2021,8,Soybean,Rajasthan,Kharif,128.2,29.5,0.857,11.0,3943.92
2021,8,Soybean,Gujarat,Kharif,155.0,31.4,0.883,11.0,3965.08
2021,8,Soybean,Bihar,Kharif,136.8,28.1,0.882,11.0,3991.28
2021,8,Soybean,West Bengal,Kharif,153.1,31.5,0.864,11.0,4204.55
2021,8,Soybean,Tamil Nadu,Kharif,116.9,29.6,0.882,11.0,4126.26
2021,8,Cotton,Punjab,Kharif,259.6,27.5,0.919,11.0,6247.75
2021,8,Cotton,Haryana,Kharif,227.1,30.3,0.954,11.0,5526.77
2021,8,Cotton,UP,Kharif,233.5,32.0,0.976,11.0,6406.43
2021,8,Cotton,Maharashtra,Kharif,240.9,28.3,0.923,11.0,6273.88
2021,8,Cotton,Karnataka,Kharif,278.0,28.1,0.948,11.0,6271.66
2021,8,Cotton,Andhra Pradesh,Kharif,241.8,31.1,0.96,11.0,6454.44
2021,8,Cotton,Madhya Pradesh,Kharif,222.7,27.4,0.933,11.0,6314.15
2021,8,Cotton,Rajasthan,Kharif,286.3,29.6,0.938,11.0,5680.58
2021,8,Cotton,Gujarat,Kharif,247.2,30.9,0.975,11.0,6157.09
2021,8,Cotton,Bihar,Kharif,238.2,30.2,0.93,11.0,5644.29
2021,8,Cotton,West Bengal,Kharif,210.4,31.2,0.952,11.0,5828.9
2021,8,Cotton,Tamil Nadu,Kharif,251.1,31.7,0.912,11.0,5870.71
2021,8,Sugarcane,Punjab,Year-round,169.2,27.9,1.015,11.0,291.42
2021,8,Sugarcane,Haryana,Year-round,170.4,30.9,1.026,11.0,288.38
2021,8,Sugarcane,UP,Year-round,200.9,32.5,0.997,11.0,320.77
2021,8,Sugarcane,Maharashtra,Year-round,182.9,33.9,1.012,11.0,279.89
2021,8,Sugarcane,Karnataka,Year-round,197.9,31.9,0.999,11.0,294.15
2021,8,Sugarcane,Andhra Pradesh,Year-round,161.4,33.3,1.067,11.0,303.32
2021,8,Sugarcane,Madhya Pradesh,Year-round,189.6,32.7,1.087,11.0,311.28
2021,8,Sugarcane,Rajasthan,Year-round,176.3,31.3,1.019,11.0,279.51
2021,8,Sugarcane,Gujarat,Year-round,197.9,30.9,1.006,11.0,277.6
2021,8,Sugarcane,Bihar,Year-round,160.5,31.1,1.081,11.0,306.91
2021,8,Sugarcane,West Bengal,Year-round,157.6,33.2,1.047,11.0,316.1
2021,8,Sugarcane,Tamil Nadu,Year-round,176.4,28.0,1.069,11.0,283.6
2021,8,Chilli,Punjab,Kharif,129.9,27.8,1.165,11.0,10048.59
2021,8,Chilli,Haryana,Kharif,182.5,26.0,1.124,11.0,8808.29
2021,8,Chilli,UP,Kharif,192.2,29.0,1.089,11.0,8871.23
2021,8,Chilli,Maharashtra,Kharif,155.3,24.8,1.161,11.0,8983.69
2021,8,Chilli,Karnataka,Kharif,158.7,26.4,1.106,11.0,9634.66
2021,8,Chilli,Andhra Pradesh,Kharif,151.8,27.1,1.16,11.0,8789.09
2021,8,Chilli,Madhya Pradesh,Kharif,149.7,27.7,1.176,11.0,9744.99
2021,8,Chilli,Rajasthan,Kharif,179.4,25.5,1.17,11.0,10010.18
2021,8,Chilli,Gujarat,Kharif,161.6,23.3,1.133,11.0,9375.51
2021,8,Chilli,Bihar,Kharif,168.6,27.8,1.102,11.0,9168.01
2021,8,Chilli,West Bengal,Kharif,150.3,28.2,1.116,11.0,9443.65
2021,8,Chilli,Tamil Nadu,Kharif,137.8,28.1,1.089,11.0,9920.62
2021,8,Gram,Punjab,Rabi,250.6,33.9,0.904,11.0,4202.05
2021,8,Gram,Haryana,Rabi,244.7,37.0,0.862,11.0,4199.91
2021,8,Gram,UP,Rabi,300.4,33.7,0.871,11.0,4643.8
2021,8,Gram,Maharashtra,Rabi,276.2,36.6,0.881,11.0,4521.21
2021,8,Gram,Karnataka,Rabi,261.9,34.8,0.877,11.0,4661.15
2021,8,Gram,Andhra Pradesh,Rabi,242.5,30.2,0.9,11.0,4160.09
2021,8,Gram,Madhya Pradesh,Rabi,283.2,33.6,0.847,11.0,4464.54
2021,8,Gram,Rajasthan,Rabi,299.7,32.6,0.867,11.0,4121.06
2021,8,Gram,Gujarat,Rabi,241.1,35.4,0.893,11.0,4426.46
2021,8,Gram,Bihar,Rabi,297.6,31.6,0.899,11.0,4207.73
2021,8,Gram,West Bengal,Rabi,247.5,36.5,0.838,11.0,4662.79
2021,8,Gram,Tamil Nadu,Rabi,307.0,34.8,0.889,11.0,4253.15
2021,8,Mustard,Punjab,Rabi,225.5,22.0,0.895,11.0,4651.48
2021,8,Mustard,Haryana,Rabi,227.9,21.7,0.883,11.0,5148.95
2021,8,Mustard,UP,Rabi,213.3,22.9,0.942,11.0,5425.66
2021,8,Mustard,Maharashtra,Rabi,234.0,23.4,0.902,11.0,4960.84
2021,8,Mustard,Karnataka,Rabi,210.8,23.3,0.903,11.0,5049.44
2021,8,Mustard,Andhra Pradesh,Rabi,266.1,23.6,0.907,11.0,5429.42
2021,8,Mustard,Madhya Pradesh,Rabi,274.2,21.3,0.943,11.0,5071.29
2021,8,Mustard,Rajasthan,Rabi,197.3,22.0,0.882,11.0,5051.39
2021,8,Mustard,Gujarat,Rabi,259.7,21.3,0.931,11.0,5400.04
2021,8,Mustard,Bihar,Rabi,242.9,23.7,0.948,11.0,5280.3
2021,8,Mustard,West Bengal,Rabi,265.4,23.7,0.891,11.0,4777.19
2021,8,Mustard,Tamil Nadu,Rabi,251.2,23.5,0.894,11.0,5239.8
2021,9,Wheat,Punjab,Rabi,257.4,25.9,0.986,11.0,2600.04
2021,9,Wheat,Haryana,Rabi,263.2,25.2,1.054,11.0,2685.32
2021,9,Wheat,UP,Rabi,246.6,25.2,1.019,11.0,2491.19
2021,9,Wheat,Maharashtra,Rabi,290.9,25.0,1.041,11.0,2519.57
2021,9,Wheat,Karnataka,Rabi,257.2,31.2,1.074,11.0,2458.92
2021,9,Wheat,Andhra Pradesh,Rabi,283.5,28.5,1.001,11.0,2546.68
2021,9,Wheat,Madhya Pradesh,Rabi,305.1,26.5,0.993,11.0,2805.56
2021,9,Wheat,Rajasthan,Rabi,230.1,28.3,1.029,11.0,2533.4
2021,9,Wheat,Gujarat,Rabi,260.5,31.2,0.978,11.0,2582.4
2021,9,Wheat,Bihar,Rabi,228.0,24.9,0.987,11.0,2698.65
2021,9,Wheat,West Bengal,Rabi,253.7,26.5,0.992,11.0,2517.62
2021,9,Wheat,Tamil Nadu,Rabi,239.5,27.4,1.029,11.0,2458.02
2021,9,Rice,Punjab,Kharif,181.9,28.0,1.057,11.0,2239.56
2021,9,Rice,Haryana,Kharif,171.0,26.1,1.11,11.0,2265.14
2021,9,Rice,UP,Kharif,187.6,25.7,1.047,11.0,2147.35
2021,9,Rice,Maharashtra,Kharif,154.2,25.5,1.107,11.0,2433.08
2021,9,Rice,Karnataka,Kharif,167.7,23.8,1.032,11.0,2173.85
2021,9,Rice,Andhra Pradesh,Kharif,163.3,24.8,1.034,11.0,2352.45
2021,9,Rice,Madhya Pradesh,Kharif,170.3,27.9,1.019,11.0,2282.72
2021,9,Rice,Rajasthan,Kharif,162.3,26.3,1.021,11.0,2286.65
2021,9,Rice,Gujarat,Kharif,180.8,28.7,1.071,11.0,2150.62
2021,9,Rice,Bihar,Kharif,173.4,25.6,1.039,11.0,2172.96
2021,9,Rice,West Bengal,Kharif,149.7,26.2,1.063,11.0,2409.17
2021,9,Rice,Tamil Nadu,Kharif,190.8,25.3,1.04,11.0,2426.16
2021,9,Maize,Punjab,Kharif,197.3,26.0,1.0,11.0,2324.83
2021,9,Maize,Haryana,Kharif,198.3,31.5,1.093,11.0,2436.65
2021,9,Maize,UP,Kharif,257.9,27.2,0.996,11.0,2385.55
2021,9,Maize,Maharashtra,Kharif,236.6,30.5,1.048,11.0,2613.37
2021,9,Maize,Karnataka,Kharif,188.3,31.4,1.005,11.0,2441.95
2021,9,Maize,Andhra Pradesh,Kharif,209.6,27.3,1.075,11.0,2602.3
2021,9,Maize,Madhya Pradesh,Kharif,191.4,31.5,1.031,11.0,2590.39
2021,9,Maize,Rajasthan,Kharif,215.9,31.3,1.091,11.0,2602.57
2021,9,Maize,Gujarat,Kharif,239.1,27.2,1.046,11.0,2709.83
2021,9,Maize,Bihar,Kharif,216.5,26.6,1.084,11.0,2530.43
2021,9,Maize,West Bengal,Kharif,203.9,28.7,1.027,11.0,2638.89
2021,9,Maize,Tamil Nadu,Kharif,229.6,24.4,1.028,11.0,2417.87
2021,9,Potato,Punjab,Rabi,281.4,26.1,1.063,11.0,945.32
2021,9,Potato,Haryana,Rabi,306.5,25.5,1.173,11.0,946.88
2021,9,Potato,UP,Rabi,295.9,26.3,1.122,11.0,973.55
2021,9,Potato,Maharashtra,Rabi,320.9,28.3,1.071,11.0,956.68
2021,9,Potato,Karnataka,Rabi,327.8,25.5,1.164,11.0,1082.69
2021,9,Potato,Andhra Pradesh,Rabi,311.5,26.0,1.088,11.0,1094.49
2021,9,Potato,Madhya Pradesh,Rabi,329.8,23.5,1.155,11.0,1069.74
2021,9,Potato,Rajasthan,Rabi,298.3,22.3,1.108,11.0,1072.14
2021,9,Potato,Gujarat,Rabi,308.1,22.9,1.119,11.0,1024.06
2021,9,Potato,Bihar,Rabi,313.1,28.0,1.087,11.0,1030.7
2021,9,Potato,West Bengal,Rabi,299.2,27.4,1.134,11.0,1052.26
2021,9,Potato,Tamil Nadu,Rabi,325.2,24.8,1.164,11.0,967.57
2021,9,Tomato,Punjab,Year-round,265.9,41.5,1.004,11.0,1217.61
2021,9,Tomato,Haryana,Year-round,239.2,40.9,0.936,11.0,1389.19
2021,9,Tomato,UP,Year-round,238.2,44.1,1.0,11.0,1244.54
2021,9,Tomato,Maharashtra,Year-round,273.6,40.6,0.939,11.0,1216.03
2021,9,Tomato,Karnataka,Year-round,242.1,41.2,1.021,11.0,1270.7
2021,9,Tomato,Andhra Pradesh,Year-round,243.2,44.4,0.976,11.0,1375.53
2021,9,Tomato,Madhya Pradesh,Year-round,229.2,43.2,0.931,11.0,1287.52
2021,9,Tomato,Rajasthan,Year-round,220.4,44.6,0.994,11.0,1400.8
2021,9,Tomato,Gujarat,Year-round,254.2,40.7,1.004,11.0,1373.61
2021,9,Tomato,Bihar,Year-round,223.0,45.1,1.012,11.0,1254.71
2021,9,Tomato,West Bengal,Year-round,280.3,40.8,1.011,11.0,1255.3
2021,9,Tomato,Tamil Nadu,Year-round,257.4,41.6,0.956,11.0,1312.28
2021,9,Onion,Punjab,Rabi,142.6,33.2,1.112,11.0,1832.52
2021,9,Onion,Haryana,Rabi,177.2,38.0,1.165,11.0,1969.1
2021,9,Onion,UP,Rabi,157.5,36.6,1.096,11.0,2025.76
2021,9,Onion,Maharashtra,Rabi,178.4,36.9,1.126,11.0,1962.42
2021,9,Onion,Karnataka,Rabi,154.6,37.2,1.16,11.0,1983.55
2021,9,Onion,Andhra Pradesh,Rabi,163.3,40.3,1.114,11.0,1765.95
2021,9,Onion,Madhya Pradesh,Rabi,151.4,32.0,1.096,11.0,1759.04
2021,9,Onion,Rajasthan,Rabi,204.5,37.2,1.099,11.0,1798.12
2021,9,Onion,Gujarat,Rabi,150.5,38.5,1.169,11.0,1923.88
2021,9,Onion,Bihar,Rabi,202.1,35.3,1.12,11.0,2027.06
2021,9,Onion,West Bengal,Rabi,136.3,35.1,1.185,11.0,1844.66
2021,9,Onion,Tamil Nadu,Rabi,169.9,37.3,1.148,11.0,1746.96
2021,9,Soybean,Punjab,Kharif,192.1,27.9,1.057,11.0,5527.9
2021,9,Soybean,Haryana,Kharif,171.3,26.4,0.992,11.0,4980.22
2021,9,Soybean,UP,Kharif,161.3,27.3,1.012,11.0,5272.27
2021,9,Soybean,Maharashtra,Kharif,207.9,26.8,1.006,11.0,5038.82
2021,9,Soybean,Karnataka,Kharif,190.9,28.0,1.04,11.0,5281.34
2021,9,Soybean,Andhra Pradesh,Kharif,203.0,24.0,1.071,11.0,4975.24
2021,9,Soybean,Madhya Pradesh,Kharif,181.0,24.3,1.037,11.0,5104.61
2021,9,Soybean,Rajasthan,Kharif,185.0,30.4,1.034,11.0,5158.03
2021,9,Soybean,Gujarat,Kharif,208.2,27.2,1.063,11.0,4803.79
2021,9,Soybean,Bihar,Kharif,230.6,27.8,1.006,11.0,5009.35
2021,9,Soybean,West Bengal,Kharif,243.2,27.5,0.971,11.0,4785.11
2021,9,Soybean,Tamil Nadu,Kharif,180.9,24.9,1.026,11.0,4810.37
2021,9,Cotton,Punjab,Kharif,135.8,31.0,1.053,11.0,7492.41
2021,9,Cotton,Haryana,Kharif,140.8,29.2,1.081,11.0,7393.61
2021,9,Cotton,UP,Kharif,100.7,26.9,1.07,11.0,6899.1
2021,9,Cotton,Maharashtra,Kharif,129.2,33.8,0.993,11.0,7616.8
2021,9,Cotton,Karnataka,Kharif,166.1,33.2,1.086,11.0,7066.39
2021,9,Cotton,Andhra Pradesh,Kharif,155.6,35.5,1.001,11.0,7187.06
2021,9,Cotton,Madhya Pradesh,Kharif,155.2,31.3,1.024,11.0,7195.82
2021,9,Cotton,Rajasthan,Kharif,110.9,31.7,1.006,11.0,7796.98
2021,9,Cotton,Gujarat,Kharif,134.7,31.1,1.032,11.0,6825.66
2021,9,Cotton,Bihar,Kharif,165.8,32.7,0.998,11.0,7806.6
2021,9,Cotton,West Bengal,Kharif,154.3,30.5,1.004,11.0,7209.61
2021,9,Cotton,Tamil Nadu,Kharif,151.0,36.3,1.072,11.0,7192.96
2021,9,Sugarcane,Punjab,Year-round,141.0,29.4,0.972,11.0,315.47
2021,9,Sugarcane,Haryana,Year-round,151.0,28.6,0.99,11.0,326.51
2021,9,Sugarcane,UP,Year-round,65.9,29.5,0.95,11.0,367.79
2021,9,Sugarcane,Maharashtra,Year-round,87.2,30.6,0.944,11.0,339.89
2021,9,Sugarcane,Karnataka,Year-round,120.0,27.4,0.928,11.0,328.96
2021,9,Sugarcane,Andhra Pradesh,Year-round,96.8,27.7,0.975,11.0,353.08
2021,9,Sugarcane,Madhya Pradesh,Year-round,119.1,32.6,0.998,11.0,367.02
2021,9,Sugarcane,Rajasthan,Year-round,117.4,29.1,1.005,11.0,354.12
2021,9,Sugarcane,Gujarat,Year-round,118.6,29.1,1.012,11.0,330.3
2021,9,Sugarcane,Bihar,Year-round,124.0,28.7,0.97,11.0,366.47
2021,9,Sugarcane,West Bengal,Year-round,107.2,30.1,0.952,11.0,343.91
2021,9,Sugarcane,Tamil Nadu,Year-round,99.0,29.7,0.947,11.0,319.19
2021,9,Chilli,Punjab,Kharif,261.9,17.6,0.857,11.0,7569.19
2021,9,Chilli,Haryana,Kharif,258.1,19.6,0.898,11.0,7589.47
2021,9,Chilli,UP,Kharif,235.9,20.7,0.9,11.0,8300.87
2021,9,Chilli,Maharashtra,Kharif,225.0,15.9,0.848,11.0,7749.74
2021,9,Chilli,Karnataka,Kharif,267.2,18.6,0.845,11.0,7299.41
2021,9,Chilli,Andhra Pradesh,Kharif,229.0,18.1,0.841,11.0,8236.37
2021,9,Chilli,Madhya Pradesh,Kharif,242.6,17.7,0.834,11.0,7502.46
2021,9,Chilli,Rajasthan,Kharif,228.9,16.5,0.889,11.0,7412.14
2021,9,Chilli,Gujarat,Kharif,263.0,17.5,0.858,11.0,8183.97
2021,9,Chilli,Bihar,Kharif,264.7,14.9,0.861,11.0,7363.83
2021,9,Chilli,West Bengal,Kharif,259.8,16.0,0.859,11.0,7953.08
2021,9,Chilli,Tamil Nadu,Kharif,281.2,19.2,0.849,11.0,7684.35
2021,9,Gram,Punjab,Rabi,241.6,22.7,0.889,11.0,5585.84
2021,9,Gram,Haryana,Rabi,256.5,24.2,0.882,11.0,5751.83
2021,9,Gram,UP,Rabi,258.6,27.7,0.88,11.0,5506.51
2021,9,Gram,Maharashtra,Rabi,262.7,21.8,0.882,11.0,5455.14
2021,9,Gram,Karnataka,Rabi,224.5,25.6,0.88,11.0,5756.95
2021,9,Gram,Andhra Pradesh,Rabi,253.7,20.3,0.898,11.0,5308.67
2021,9,Gram,Madhya Pradesh,Rabi,220.8,23.1,0.914,11.0,5782.58
2021,9,Gram,Rajasthan,Rabi,274.4,23.8,0.932,11.0,5827.91
2021,9,Gram,Gujarat,Rabi,260.5,27.4,0.921,11.0,5793.5
2021,9,Gram,Bihar,Rabi,232.3,24.9,0.894,11.0,5982.52
2021,9,Gram,West Bengal,Rabi,260.6,21.8,0.88,11.0,5153.08
2021,9,Gram,Tamil Nadu,Rabi,240.5,27.6,0.933,11.0,5721.12
2021,9,Mustard,Punjab,Rabi,275.5,19.3,1.054,11.0,6560.14
2021,9,Mustard,Haryana,Rabi,274.0,25.4,1.058,11.0,6198.46
2021,9,Mustard,UP,Rabi,242.0,21.9,1.085,11.0,6519.77
2021,9,Mustard,Maharashtra,Rabi,241.9,19.9,1.132,11.0,5821.88
2021,9,Mustard,Karnataka,Rabi,290.9,21.8,1.101,11.0,6521.17
2021,9,Mustard,Andhra Pradesh,Rabi,275.5,25.0,1.106,11.0,6070.94
2021,9,Mustard,Madhya Pradesh,Rabi,237.4,25.8,1.134,11.0,6347.14
2021,9,Mustard,Rajasthan,Rabi,250.4,24.3,1.052,11.0,5892.99
2021,9,Mustard,Gujarat,Rabi,280.1,21.8,1.086,11.0,6329.27
2021,9,Mustard,Bihar,Rabi,236.8,21.4,1.081,11.0,6397.59
2021,9,Mustard,West Bengal,Rabi,275.2,26.4,1.147,11.0,6336.03
2021,9,Mustard,Tamil Nadu,Rabi,253.5,21.9,1.054,11.0,6420.04
2021,10,Wheat,Punjab,Rabi,182.3,45.7,0.995,11.0,2282.46
2021,10,Wheat,Haryana,Rabi,234.6,43.1,1.025,11.0,2488.53
2021,10,Wheat,UP,Rabi,193.7,39.7,0.982,11.0,2348.24
2021,10,Wheat,Maharashtra,Rabi,182.3,40.9,0.976,11.0,2529.09
2021,10,Wheat,Karnataka,Rabi,188.5,41.3,1.03,11.0,2515.29
2021,10,Wheat,Andhra Pradesh,Rabi,196.8,39.4,1.053,11.0,2372.09
2021,10,Wheat,Madhya Pradesh,Rabi,179.4,40.7,0.975,11.0,2589.46
2021,10,Wheat,Rajasthan,Rabi,196.3,44.3,1.043,11.0,2506.75
2021,10,Wheat,Gujarat,Rabi,203.8,41.8,1.02,11.0,2563.86
2021,10,Wheat,Bihar,Rabi,204.6,43.7,1.034,11.0,2333.03
2021,10,Wheat,West Bengal,Rabi,277.3,40.2,1.035,11.0,2286.04
2021,10,Wheat,Tamil Nadu,Rabi,239.4,38.5,1.061,11.0,2306.64
2021,10,Rice,Punjab,Kharif,70.8,20.9,0.876,11.0,2099.71
2021,10,Rice,Haryana,Kharif,96.1,22.1,0.904,11.0,1968.84
2021,10,Rice,UP,Kharif,132.8,18.7,0.876,11.0,2076.65
2021,10,Rice,Maharashtra,Kharif,81.0,18.7,0.872,11.0,1942.38
2021,10,Rice,Karnataka,Kharif,87.2,19.0,0.855,11.0,1991.5
2021,10,Rice,Andhra Pradesh,Kharif,104.4,21.9,0.852,11.0,1942.79
2021,10,Rice,Madhya Pradesh,Kharif,135.7,22.4,0.86,11.0,1954.49
2021,10,Rice,Rajasthan,Kharif,146.6,17.9,0.858,11.0,1897.11
2021,10,Rice,Gujarat,Kharif,105.6,18.7,0.89,11.0,1984.09
2021,10,Rice,Bihar,Kharif,126.8,20.7,0.838,11.0,1884.47
2021,10,Rice,West Bengal,Kharif,92.3,21.9,0.836,11.0,1938.79
2021,10,Rice,Tamil Nadu,Kharif,126.5,19.7,0.873,11.0,2002.42
2021,10,Maize,Punjab,Kharif,149.2,15.6,1.085,11.0,2928.47
2021,10,Maize,Haryana,Kharif,132.8,17.3,1.128,11.0,2794.26
2021,10,Maize,UP,Kharif,154.5,16.1,1.122,11.0,2664.07
2021,10,Maize,Maharashtra,Kharif,156.6,16.2,1.129,11.0,2676.88
2021,10,Maize,Karnataka,Kharif,126.8,15.1,1.137,11.0,2626.68
2021,10,Maize,Andhra Pradesh,Kharif,137.3,14.6,1.158,11.0,2533.99
2021,10,Maize,Madhya Pradesh,Kharif,156.3,17.8,1.153,11.0,2535.51
2021,10,Maize,Rajasthan,Kharif,171.6,16.6,1.095,11.0,2827.98
2021,10,Maize,Gujarat,Kharif,146.2,16.1,1.189,11.0,2656.66
2021,10,Maize,Bihar,Kharif,168.8,14.6,1.151,11.0,2547.34
2021,10,Maize,West Bengal,Kharif,154.1,15.0,1.164,11.0,2542.88
2021,10,Maize,Tamil Nadu,Kharif,140.1,15.9,1.191,11.0,2580.08
2021,10,Potato,Punjab,Rabi,68.9,23.3,1.06,11.0,921.08
2021,10,Potato,Haryana,Rabi,104.8,27.1,1.111,11.0,1009.18
2021,10,Potato,UP,Rabi,115.0,21.2,1.078,11.0,930.96
2021,10,Potato,Maharashtra,Rabi,70.9,26.6,1.092,11.0,897.33
2021,10,Potato,Karnataka,Rabi,129.3,25.4,1.038,11.0,1015.22
2021,10,Potato,Andhra Pradesh,Rabi,89.2,22.6,1.071,11.0,962.05
2021,10,Potato,Madhya Pradesh,Rabi,71.6,25.6,1.08,11.0,1037.15
2021,10,Potato,Rajasthan,Rabi,80.3,24.6,1.08,11.0,986.85
2021,10,Potato,Gujarat,Rabi,103.5,23.2,1.117,11.0,956.71
2021,10,Potato,Bihar,Rabi,91.8,24.6,1.041,11.0,944.26
2021,10,Potato,West Bengal,Rabi,130.8,24.9,1.077,11.0,978.49
2021,10,Potato,Tamil Nadu,Rabi,100.9,25.6,1.036,11.0,982.01
2021,10,Tomato,Punjab,Year-round,88.4,23.0,1.092,11.0,1342.01
2021,10,Tomato,Haryana,Year-round,83.3,20.6,1.11,11.0,1362.0
2021,10,Tomato,UP,Year-round,110.0,20.6,1.106,11.0,1363.06
2021,10,Tomato,Maharashtra,Year-round,108.4,22.5,1.066,11.0,1464.45
2021,10,Tomato,Karnataka,Year-round,113.5,21.1,1.078,11.0,1403.84
2021,10,Tomato,Andhra Pradesh,Year-round,60.2,24.5,1.102,11.0,1496.54
2021,10,Tomato,Madhya Pradesh,Year-round,112.3,24.9,1.058,11.0,1403.81
2021,10,Tomato,Rajasthan,Year-round,78.9,22.5,1.1,11.0,1305.86
2021,10,Tomato,Gujarat,Year-round,102.1,25.8,1.056,11.0,1432.89
2021,10,Tomato,Bihar,Year-round,118.2,22.2,1.081,11.0,1308.08
2021,10,Tomato,West Bengal,Year-round,116.9,21.4,1.115,11.0,1406.6
2021,10,Tomato,Tamil Nadu,Year-round,114.3,27.0,1.022,11.0,1452.64
2021,10,Onion,Punjab,Rabi,104.2,25.4,0.988,11.0,1674.83
2021,10,Onion,Haryana,Rabi,134.9,26.8,0.98,11.0,1764.05
2021,10,Onion,UP,Rabi,93.6,24.9,1.05,11.0,1755.9
2021,10,Onion,Maharashtra,Rabi,106.2,22.3,1.032,11.0,1657.88
2021,10,Onion,Karnataka,Rabi,73.5,23.5,0.982,11.0,1604.21
2021,10,Onion,Andhra Pradesh,Rabi,102.8,23.9,1.028,11.0,1631.97
2021,10,Onion,Madhya Pradesh,Rabi,48.0,22.4,0.986,11.0,1648.99
2021,10,Onion,Rajasthan,Rabi,141.7,28.7,1.04,11.0,1630.71
2021,10,Onion,Gujarat,Rabi,108.5,27.5,1.06,11.0,1623.31
2021,10,Onion,Bihar,Rabi,124.6,26.7,0.971,11.0,1630.35
2021,10,Onion,West Bengal,Rabi,99.6,22.3,0.996,11.0,1780.47
2021,10,Onion,Tamil Nadu,Rabi,112.3,24.6,1.009,11.0,1642.19
2021,10,Soybean,Punjab,Kharif,103.9,26.5,0.892,11.0,4271.99
2021,10,Soybean,Haryana,Kharif,119.9,26.4,0.876,11.0,4787.19
2021,10,Soybean,UP,Kharif,118.2,29.1,0.908,11.0,4505.57
2021,10,Soybean,Maharashtra,Kharif,107.1,25.8,0.883,11.0,4280.65
2021,10,Soybean,Karnataka,Kharif,86.4,26.9,0.925,11.0,4645.65
2021,10,Soybean,Andhra Pradesh,Kharif,85.3,29.1,0.881,11.0,4354.27
2021,10,Soybean,Madhya Pradesh,Kharif,169.1,26.4,0.913,11.0,4770.7
2021,10,Soybean,Rajasthan,Kharif,175.4,29.0,0.932,11.0,4825.76
2021,10,Soybean,Gujarat,Kharif,126.7,25.9,0.862,11.0,4235.68
2021,10,Soybean,Bihar,Kharif,124.4,27.7,0.913,11.0,4626.67
2021,10,Soybean,West Bengal,Kharif,151.6,25.3,0.888,11.0,4595.55
2021,10,Soybean,Tamil Nadu,Kharif,110.8,27.2,0.862,11.0,4492.5
2021,10,Cotton,Punjab,Kharif,159.7,30.1,1.017,11.0,7194.82
2021,10,Cotton,Haryana,Kharif,136.1,30.0,0.954,11.0,7865.41
2021,10,Cotton,UP,Kharif,144.5,29.6,0.994,11.0,7393.28
2021,10,Cotton,Maharashtra,Kharif,109.5,32.4,0.974,11.0,7754.8
2021,10,Cotton,Karnataka,Kharif,156.6,32.0,0.958,11.0,7780.91
2021,10,Cotton,Andhra Pradesh,Kharif,170.7,29.6,0.975,11.0,7948.01
2021,10,Cotton,Madhya Pradesh,Kharif,143.3,28.9,0.987,11.0,8165.32
2021,10,Cotton,Rajasthan,Kharif,125.3,30.1,1.026,11.0,7219.55
2021,10,Cotton,Gujarat,Kharif,143.5,27.9,0.982,11.0,7883.31
2021,10,Cotton,Bihar,Kharif,147.9,32.0,0.951,11.0,8038.38
2021,10,Cotton,West Bengal,Kharif,155.9,31.5,0.967,11.0,7789.4
2021,10,Cotton,Tamil Nadu,Kharif,139.9,31.3,1.0,11.0,7063.66
2021,10,Sugarcane,Punjab,Year-round,76.7,34.3,0.876,11.0,296.78
2021,10,Sugarcane,Haryana,Year-round,15.9,31.2,0.896,11.0,293.25
2021,10,Sugarcane,UP,Year-round,65.2,31.2,0.869,11.0,300.77
2021,10,Sugarcane,Maharashtra,Year-round,79.1,29.8,0.824,11.0,262.9
2021,10,Sugarcane,Karnataka,Year-round,39.8,31.6,0.881,11.0,298.74
2021,10,Sugarcane,Andhra Pradesh,Year-round,50.4,27.1,0.877,11.0,300.7
2021,10,Sugarcane,Madhya Pradesh,Year-round,50.9,30.4,0.88,11.0,271.68
2021,10,Sugarcane,Rajasthan,Year-round,89.4,35.8,0.892,11.0,270.63
2021,10,Sugarcane,Gujarat,Year-round,68.8,31.8,0.864,11.0,270.21
2021,10,Sugarcane,Bihar,Year-round,75.6,30.7,0.874,11.0,269.2
2021,10,Sugarcane,West Bengal,Year-round,56.5,28.2,0.825,11.0,267.82
2021,10,Sugarcane,Tamil Nadu,Year-round,104.4,29.1,0.852,11.0,282.13
2021,10,Chilli,Punjab,Kharif,103.6,24.6,1.0,11.0,8154.91
2021,10,Chilli,Haryana,Kharif,127.8,24.0,0.957,11.0,8401.73
2021,10,Chilli,UP,Kharif,133.4,21.0,0.925,11.0,8022.2
2021,10,Chilli,Maharashtra,Kharif,132.8,27.2,0.983,11.0,8657.13
2021,10,Chilli,Karnataka,Kharif,62.2,26.5,0.99,11.0,8269.3
2021,10,Chilli,Andhra Pradesh,Kharif,113.4,23.9,0.989,11.0,8597.32
2021,10,Chilli,Madhya Pradesh,Kharif,142.8,24.3,1.001,11.0,8308.35
2021,10,Chilli,Rajasthan,Kharif,124.3,24.9,0.945,11.0,8490.81
2021,10,Chilli,Gujarat,Kharif,127.9,24.5,1.013,11.0,8153.97
2021,10,Chilli,Bihar,Kharif,100.7,26.5,1.016,11.0,8103.88
2021,10,Chilli,West Bengal,Kharif,102.4,24.5,0.997,11.0,8616.09
2021,10,Chilli,Tamil Nadu,Kharif,110.6,25.8,0.989,11.0,8107.54
2021,10,Gram,Punjab,Rabi,137.6,29.8,1.03,11.0,6385.81
2021,10,Gram,Haryana,Rabi,106.8,23.9,1.049,11.0,6037.6
2021,10,Gram,UP,Rabi,130.6,25.9,1.083,11.0,6761.72
2021,10,Gram,Maharashtra,Rabi,154.4,27.2,1.02,11.0,6727.75
2021,10,Gram,Karnataka,Rabi,138.7,29.2,1.047,11.0,5837.31
2021,10,Gram,Andhra Pradesh,Rabi,129.4,30.9,1.016,11.0,6463.5
2021,10,Gram,Madhya Pradesh,Rabi,112.4,29.2,1.008,11.0,6568.09
2021,10,Gram,Rajasthan,Rabi,122.3,28.8,1.04,11.0,6482.59
2021,10,Gram,Gujarat,Rabi,118.8,24.2,1.05,11.0,6468.07
2021,10,Gram,Bihar,Rabi,150.9,26.3,1.085,11.0,5839.53
2021,10,Gram,West Bengal,Rabi,105.6,28.9,1.03,11.0,6280.86
2021,10,Gram,Tamil Nadu,Rabi,136.5,26.3,1.035,11.0,6503.71
2021,10,Mustard,Punjab,Rabi,130.0,26.0,1.017,11.0,5778.84
2021,10,Mustard,Haryana,Rabi,135.9,23.4,0.939,11.0,5302.17
2021,10,Mustard,UP,Rabi,130.7,25.4,1.003,11.0,5573.48
2021,10,Mustard,Maharashtra,Rabi,137.3,23.4,1.015,11.0,5491.71
2021,10,Mustard,Karnataka,Rabi,152.2,25.1,1.011,11.0,5588.89
2021,10,Mustard,Andhra Pradesh,Rabi,136.1,28.1,1.006,11.0,5393.27
2021,10,Mustard,Madhya Pradesh,Rabi,139.7,22.5,0.982,11.0,5666.06
2021,10,Mustard,Rajasthan,Rabi,96.3,20.5,0.984,11.0,5687.3
2021,10,Mustard,Gujarat,Rabi,138.7,25.5,0.96,11.0,5688.81
2021,10,Mustard,Bihar,Rabi,165.0,27.3,0.991,11.0,5699.65
2021,10,Mustard,West Bengal,Rabi,134.4,24.2,0.975,11.0,5378.62
2021,10,Mustard,Tamil Nadu,Rabi,125.3,26.7,1.023,11.0,5273.43
2021,11,Wheat,Punjab,Rabi,62.2,26.0,1.109,11.0,3048.58
2021,11,Wheat,Haryana,Rabi,60.6,27.3,1.169,11.0,2852.82
2021,11,Wheat,UP,Rabi,38.1,28.9,1.115,11.0,3023.87
2021,11,Wheat,Maharashtra,Rabi,33.8,26.5,1.145,11.0,3010.82
2021,11,Wheat,Karnataka,Rabi,70.9,26.1,1.094,11.0,2677.03
2021,11,Wheat,Andhra Pradesh,Rabi,53.9,25.1,1.187,11.0,2906.88
2021,11,Wheat,Madhya Pradesh,Rabi,70.0,28.3,1.139,11.0,2818.04
2021,11,Wheat,Rajasthan,Rabi,66.2,23.6,1.131,11.0,3058.76
2021,11,Wheat,Gujarat,Rabi,30.1,29.5,1.078,11.0,2943.88
2021,11,Wheat,Bihar,Rabi,58.1,32.5,1.106,11.0,2826.23
2021,11,Wheat,West Bengal,Rabi,70.1,31.6,1.162,11.0,2820.62
2021,11,Wheat,Tamil Nadu,Rabi,61.8,26.7,1.097,11.0,2962.32
2021,11,Rice,Punjab,Kharif,137.7,27.0,1.116,11.0,2585.32
2021,11,Rice,Haryana,Kharif,153.4,24.2,1.066,11.0,2389.25
2021,11,Rice,UP,Kharif,169.0,26.6,1.065,11.0,2541.5
2021,11,Rice,Maharashtra,Kharif,162.4,28.0,1.097,11.0,2587.35
2021,11,Rice,Karnataka,Kharif,163.3,28.4,1.138,11.0,2566.37
2021,11,Rice,Andhra Pradesh,Kharif,150.1,23.5,1.079,11.0,2454.8
2021,11,Rice,Madhya Pradesh,Kharif,146.1,25.3,1.139,11.0,2429.32
2021,11,Rice,Rajasthan,Kharif,146.6,25.0,1.082,11.0,2492.0
2021,11,Rice,Gujarat,Kharif,160.6,25.3,1.055,11.0,2466.2
2021,11,Rice,Bihar,Kharif,149.4,22.9,1.055,11.0,2547.79
2021,11,Rice,West Bengal,Kharif,147.6,23.5,1.108,11.0,2474.76
2021,11,Rice,Tamil Nadu,Kharif,121.0,27.5,1.077,11.0,2661.87
2021,11,Maize,Punjab,Kharif,136.7,26.0,1.066,11.0,2670.19
2021,11,Maize,Haryana,Kharif,136.5,23.1,1.081,11.0,2482.05
2021,11,Maize,UP,Kharif,126.1,24.4,1.013,11.0,2647.59
2021,11,Maize,Maharashtra,Kharif,126.3,24.0,1.034,11.0,2731.33
2021,11,Maize,Karnataka,Kharif,110.5,26.7,1.024,11.0,2527.02
2021,11,Maize,Andhra Pradesh,Kharif,142.4,23.0,1.009,11.0,2638.86
2021,11,Maize,Madhya Pradesh,Kharif,135.6,24.8,1.076,11.0,2643.72
2021,11,Maize,Rajasthan,Kharif,168.7,27.9,1.075,11.0,2578.11
2021,11,Maize,Gujarat,Kharif,168.6,24.5,1.052,11.0,2439.28
2021,11,Maize,Bihar,Kharif,101.2,23.3,1.031,11.0,2674.93
2021,11,Maize,West Bengal,Kharif,126.2,24.9,1.079,11.0,2445.47
2021,11,Maize,Tamil Nadu,Kharif,169.1,27.1,1.058,11.0,2528.08
2021,11,Potato,Punjab,Rabi,100.9,31.7,0.917,11.0,852.77
2021,11,Potato,Haryana,Rabi,141.8,31.3,0.907,11.0,926.78
2021,11,Potato,UP,Rabi,100.9,27.0,0.891,11.0,869.63
2021,11,Potato,Maharashtra,Rabi,156.5,26.6,0.911,11.0,879.08
2021,11,Potato,Karnataka,Rabi,126.9,29.2,0.932,11.0,863.44
2021,11,Potato,Andhra Pradesh,Rabi,150.7,31.2,0.894,11.0,924.79
2021,11,Potato,Madhya Pradesh,Rabi,143.9,32.1,0.964,11.0,895.09
2021,11,Potato,Rajasthan,Rabi,146.4,28.4,0.939,11.0,841.9
2021,11,Potato,Gujarat,Rabi,154.6,28.4,0.884,11.0,803.41
2021,11,Potato,Bihar,Rabi,144.9,28.7,0.965,11.0,803.66
2021,11,Potato,West Bengal,Rabi,96.9,30.4,0.904,11.0,875.68
2021,11,Potato,Tamil Nadu,Rabi,135.2,27.2,0.94,11.0,917.09
2021,11,Tomato,Punjab,Year-round,137.4,23.8,0.994,11.0,1273.19
2021,11,Tomato,Haryana,Year-round,122.8,24.9,0.981,11.0,1419.1
2021,11,Tomato,UP,Year-round,132.8,22.9,1.073,11.0,1274.68
2021,11,Tomato,Maharashtra,Year-round,110.9,22.9,1.045,11.0,1233.57
2021,11,Tomato,Karnataka,Year-round,122.2,22.5,1.051,11.0,1252.93
2021,11,Tomato,Andhra Pradesh,Year-round,105.1,23.4,1.046,11.0,1233.85
2021,11,Tomato,Madhya Pradesh,Year-round,130.3,23.8,0.986,11.0,1348.62
2021,11,Tomato,Rajasthan,Year-round,100.5,26.6,0.984,11.0,1295.92
2021,11,Tomato,Gujarat,Year-round,161.6,24.5,0.98,11.0,1218.64
2021,11,Tomato,Bihar,Year-round,139.1,23.7,1.074,11.0,1238.23
2021,11,Tomato,West Bengal,Year-round,129.2,20.0,1.036,11.0,1264.9
2021,11,Tomato,Tamil Nadu,Year-round,120.4,23.1,1.035,11.0,1235.7
2021,11,Onion,Punjab,Rabi,178.1,29.5,1.037,11.0,1812.73
2021,11,Onion,Haryana,Rabi,160.6,30.7,0.989,11.0,1553.91
2021,11,Onion,UP,Rabi,204.7,26.7,1.014,11.0,1698.16
2021,11,Onion,Maharashtra,Rabi,168.9,28.3,1.02,11.0,1619.5
2021,11,Onion,Karnataka,Rabi,195.7,30.0,0.946,11.0,1742.91
2021,11,Onion,Andhra Pradesh,Rabi,200.3,27.3,1.035,11.0,1579.9
2021,11,Onion,Madhya Pradesh,Rabi,196.1,25.9,0.977,11.0,1643.92
2021,11,Onion,Rajasthan,Rabi,199.3,30.4,1.01,11.0,1727.45
2021,11,Onion,Gujarat,Rabi,182.4,34.0,1.027,11.0,1571.45
2021,11,Onion,Bihar,Rabi,176.0,31.2,0.965,11.0,1652.26
2021,11,Onion,West Bengal,Rabi,176.6,28.1,0.944,11.0,1649.01
2021,11,Onion,Tamil Nadu,Rabi,200.1,35.5,0.988,11.0,1773.0
2021,11,Soybean,Punjab,Kharif,53.2,29.5,1.085,11.0,5161.1
2021,11,Soybean,Haryana,Kharif,82.7,28.0,1.092,11.0,5234.67
2021,11,Soybean,UP,Kharif,56.5,30.7,1.073,11.0,4661.17
2021,11,Soybean,Maharashtra,Kharif,45.8,31.9,1.006,11.0,5237.04
2021,11,Soybean,Karnataka,Kharif,55.4,31.8,1.049,11.0,4560.15
2021,11,Soybean,Andhra Pradesh,Kharif,54.5,29.5,1.032,11.0,4552.9
2021,11,Soybean,Madhya Pradesh,Kharif,37.0,31.0,1.067,11.0,4546.69
2021,11,Soybean,Rajasthan,Kharif,71.0,31.2,1.09,11.0,4565.19
2021,11,Soybean,Gujarat,Kharif,40.5,31.3,1.004,11.0,4927.22
2021,11,Soybean,Bihar,Kharif,57.2,29.5,1.027,11.0,4670.97
2021,11,Soybean,West Bengal,Kharif,92.0,32.7,1.007,11.0,4841.01
2021,11,Soybean,Tamil Nadu,Kharif,50.3,34.7,1.063,11.0,4732.0
2021,11,Cotton,Punjab,Kharif,146.4,25.6,0.938,11.0,7550.1
2021,11,Cotton,Haryana,Kharif,100.6,18.7,0.999,11.0,6822.1
2021,11,Cotton,UP,Kharif,120.0,25.7,0.963,11.0,7365.29
2021,11,Cotton,Maharashtra,Kharif,136.8,16.9,0.947,11.0,7854.1
2021,11,Cotton,Karnataka,Kharif,166.0,19.9,0.963,11.0,6820.73
2021,11,Cotton,Andhra Pradesh,Kharif,119.1,17.8,1.025,11.0,7396.56
2021,11,Cotton,Madhya Pradesh,Kharif,102.1,21.0,0.955,11.0,7740.46
2021,11,Cotton,Rajasthan,Kharif,145.5,19.7,0.972,11.0,7855.58
2021,11,Cotton,Gujarat,Kharif,105.4,18.2,0.999,11.0,7892.58
2021,11,Cotton,Bihar,Kharif,141.9,23.9,1.01,11.0,7864.29
2021,11,Cotton,West Bengal,Kharif,181.6,20.2,0.989,11.0,7745.08
2021,11,Cotton,Tamil Nadu,Kharif,128.2,22.4,0.957,11.0,7396.7
2021,11,Sugarcane,Punjab,Year-round,78.6,26.1,1.013,11.0,372.8
2021,11,Sugarcane,Haryana,Year-round,64.3,27.2,1.041,11.0,378.21
2021,11,Sugarcane,UP,Year-round,47.2,26.1,0.984,11.0,325.07
2021,11,Sugarcane,Maharashtra,Year-round,107.7,22.2,0.98,11.0,359.94
2021,11,Sugarcane,Karnataka,Year-round,64.1,29.0,1.042,11.0,371.41
2021,11,Sugarcane,Andhra Pradesh,Year-round,63.8,25.9,0.997,11.0,347.62
2021,11,Sugarcane,Madhya Pradesh,Year-round,56.8,30.7,0.961,11.0,377.93
2021,11,Sugarcane,Rajasthan,Year-round,76.4,28.2,0.986,11.0,332.62
2021,11,Sugarcane,Gujarat,Year-round,61.6,27.5,1.01,11.0,374.04
2021,11,Sugarcane,Bihar,Year-round,44.2,30.9,1.034,11.0,373.05
2021,11,Sugarcane,West Bengal,Year-round,110.4,28.5,1.022,11.0,378.07
2021,11,Sugarcane,Tamil Nadu,Year-round,63.9,27.3,0.991,11.0,339.45
2021,11,Chilli,Punjab,Kharif,152.6,25.0,0.86,11.0,8665.08
2021,11,Chilli,Haryana,Kharif,175.9,20.8,0.918,11.0,8983.41
2021,11,Chilli,UP,Kharif,138.7,26.2,0.904,11.0,9027.69
2021,11,Chilli,Maharashtra,Kharif,171.1,23.1,0.883,11.0,8832.04
2021,11,Chilli,Karnataka,Kharif,181.8,24.1,0.904,11.0,8219.72
2021,11,Chilli,Andhra Pradesh,Kharif,158.4,23.8,0.926,11.0,8179.86
2021,11,Chilli,Madhya Pradesh,Kharif,153.2,21.4,0.877,11.0,8006.41
2021,11,Chilli,Rajasthan,Kharif,163.5,22.4,0.911,11.0,7734.46
2021,11,Chilli,Gujarat,Kharif,192.0,21.7,0.859,11.0,8364.64
2021,11,Chilli,Bihar,Kharif,141.2,22.9,0.87,11.0,8406.64
2021,11,Chilli,West Bengal,Kharif,115.3,26.5,0.841,11.0,8605.99
2021,11,Chilli,Tamil Nadu,Kharif,128.9,23.9,0.85,11.0,8039.93
2021,11,Gram,Punjab,Rabi,170.1,33.5,0.955,11.0,6288.36
2021,11,Gram,Haryana,Rabi,158.5,34.7,0.972,11.0,6316.48
2021,11,Gram,UP,Rabi,167.9,30.3,0.911,11.0,5867.51
2021,11,Gram,Maharashtra,Rabi,186.7,31.6,0.959,11.0,5799.63
2021,11,Gram,Karnataka,Rabi,184.2,31.0,0.966,11.0,5986.53
2021,11,Gram,Andhra Pradesh,Rabi,150.6,31.0,0.908,11.0,6313.2
2021,11,Gram,Madhya Pradesh,Rabi,146.7,33.1,0.921,11.0,5627.96
2021,11,Gram,Rajasthan,Rabi,126.3,34.0,0.924,11.0,5614.05
2021,11,Gram,Gujarat,Rabi,148.1,33.7,0.904,11.0,6271.84
2021,11,Gram,Bihar,Rabi,182.3,27.9,0.924,11.0,5962.43
2021,11,Gram,West Bengal,Rabi,175.3,29.2,0.912,11.0,5945.07
2021,11,Gram,Tamil Nadu,Rabi,175.4,30.5,0.933,11.0,5985.55
2021,11,Mustard,Punjab,Rabi,29.0,27.6,1.14,11.0,8708.68
2021,11,Mustard,Haryana,Rabi,39.8,21.8,1.114,11.0,8994.37
2021,11,Mustard,UP,Rabi,60.4,23.9,1.17,11.0,8214.36
2021,11,Mustard,Maharashtra,Rabi,37.1,25.7,1.109,11.0,8605.67
2021,11,Mustard,Karnataka,Rabi,20.8,26.8,1.111,11.0,9317.82
2021,11,Mustard,Andhra Pradesh,Rabi,34.0,23.6,1.158,11.0,9371.45
2021,11,Mustard,Madhya Pradesh,Rabi,65.2,25.7,1.107,11.0,9006.56
2021,11,Mustard,Rajasthan,Rabi,53.9,23.7,1.181,11.0,9263.87
2021,11,Mustard,Gujarat,Rabi,62.8,27.0,1.098,11.0,8859.27
2021,11,Mustard,Bihar,Rabi,49.4,27.4,1.103,11.0,9213.08
2021,11,Mustard,West Bengal,Rabi,37.1,25.3,1.141,11.0,8386.96
2021,11,Mustard,Tamil Nadu,Rabi,40.1,22.9,1.136,11.0,8305.27
2021,12,Wheat,Punjab,Rabi,132.4,13.1,0.887,11.0,2269.61
2021,12,Wheat,Haryana,Rabi,202.7,14.8,0.856,11.0,2258.11
2021,12,Wheat,UP,Rabi,211.6,13.8,0.842,11.0,2291.43
2021,12,Wheat,Maharashtra,Rabi,168.6,15.9,0.839,11.0,2110.01
2021,12,Wheat,Karnataka,Rabi,204.2,15.2,0.878,11.0,2115.6
2021,12,Wheat,Andhra Pradesh,Rabi,174.8,14.7,0.828,11.0,2298.17
2021,12,Wheat,Madhya Pradesh,Rabi,167.8,13.2,0.86,11.0,2202.64
2021,12,Wheat,Rajasthan,Rabi,214.5,13.6,0.883,11.0,2241.8
2021,12,Wheat,Gujarat,Rabi,208.9,15.3,0.869,11.0,2265.71
2021,12,Wheat,Bihar,Rabi,224.2,11.3,0.824,11.0,2284.78
2021,12,Wheat,West Bengal,Rabi,196.9,15.1,0.879,11.0,2353.35
2021,12,Wheat,Tamil Nadu,Rabi,160.1,13.2,0.868,11.0,2073.95
2021,12,Rice,Punjab,Kharif,179.5,18.9,1.157,11.0,2609.42
2021,12,Rice,Haryana,Kharif,224.2,20.3,1.097,11.0,2683.93
2021,12,Rice,UP,Kharif,194.1,24.6,1.122,11.0,2941.07
2021,12,Rice,Maharashtra,Kharif,215.3,24.7,1.09,11.0,2549.06
2021,12,Rice,Karnataka,Kharif,190.6,24.3,1.123,11.0,2620.01
2021,12,Rice,Andhra Pradesh,Kharif,218.5,22.0,1.094,11.0,2538.22
2021,12,Rice,Madhya Pradesh,Kharif,185.6,19.9,1.153,11.0,2788.31
2021,12,Rice,Rajasthan,Kharif,190.2,21.7,1.119,11.0,2772.2
2021,12,Rice,Gujarat,Kharif,193.0,21.8,1.1,11.0,2700.16
2021,12,Rice,Bihar,Kharif,175.3,21.3,1.079,11.0,2855.76
2021,12,Rice,West Bengal,Kharif,179.6,27.5,1.088,11.0,2656.9
2021,12,Rice,Tamil Nadu,Kharif,199.0,22.5,1.076,11.0,2687.88
2021,12,Maize,Punjab,Kharif,151.9,17.1,0.995,11.0,2604.01
2021,12,Maize,Haryana,Kharif,108.3,14.7,0.997,11.0,2448.38
2021,12,Maize,UP,Kharif,145.7,16.4,0.997,11.0,2720.66
2021,12,Maize,Maharashtra,Kharif,144.6,15.8,1.006,11.0,2699.4
2021,12,Maize,Karnataka,Kharif,169.5,17.5,0.932,11.0,2506.26
2021,12,Maize,Andhra Pradesh,Kharif,137.9,17.8,0.932,11.0,2729.68
2021,12,Maize,Madhya Pradesh,Kharif,85.1,20.5,0.965,11.0,2660.85
2021,12,Maize,Rajasthan,Kharif,121.6,17.9,1.009,11.0,2660.75
2021,12,Maize,Gujarat,Kharif,144.0,16.6,0.986,11.0,2551.64
2021,12,Maize,Bihar,Kharif,154.9,20.3,0.986,11.0,2488.53
2021,12,Maize,West Bengal,Kharif,108.1,19.6,0.995,11.0,2548.51
2021,12,Maize,Tamil Nadu,Kharif,104.7,16.6,0.982,11.0,2394.45
2021,12,Potato,Punjab,Rabi,67.2,6.7,1.079,11.0,1058.22
2021,12,Potato,Haryana,Rabi,57.3,9.2,1.102,11.0,1114.67
2021,12,Potato,UP,Rabi,85.8,6.3,1.11,11.0,1034.26
2021,12,Potato,Maharashtra,Rabi,82.2,12.6,1.093,11.0,1084.38
2021,12,Potato,Karnataka,Rabi,103.4,10.7,1.1,11.0,1076.85
2021,12,Potato,Andhra Pradesh,Rabi,68.5,6.4,1.136,11.0,995.94
2021,12,Potato,Madhya Pradesh,Rabi,49.9,8.7,1.048,11.0,1097.72
2021,12,Potato,Rajasthan,Rabi,77.1,10.8,1.071,11.0,1121.22
2021,12,Potato,Gujarat,Rabi,108.4,9.1,1.044,11.0,1094.3
2021,12,Potato,Bihar,Rabi,59.2,5.6,1.091,11.0,1023.38
2021,12,Potato,West Bengal,Rabi,40.9,6.3,1.116,11.0,1017.39
2021,12,Potato,Tamil Nadu,Rabi,59.1,9.3,1.071,11.0,1071.43
2021,12,Tomato,Punjab,Year-round,105.5,15.0,1.0,11.0,1475.77
2021,12,Tomato,Haryana,Year-round,113.4,16.6,1.066,11.0,1365.89
2021,12,Tomato,UP,Year-round,109.6,18.4,1.006,11.0,1393.76
2021,12,Tomato,Maharashtra,Year-round,109.9,16.3,1.004,11.0,1461.32
2021,12,Tomato,Karnataka,Year-round,83.0,17.7,1.067,11.0,1410.63
2021,12,Tomato,Andhra Pradesh,Year-round,115.4,17.9,1.072,11.0,1447.14
2021,12,Tomato,Madhya Pradesh,Year-round,95.1,14.2,1.041,11.0,1442.58
2021,12,Tomato,Rajasthan,Year-round,107.4,12.6,1.002,11.0,1279.74
2021,12,Tomato,Gujarat,Year-round,146.7,15.8,1.078,11.0,1303.53
2021,12,Tomato,Bihar,Year-round,65.4,15.4,1.011,11.0,1396.71
2021,12,Tomato,West Bengal,Year-round,108.8,19.3,1.073,11.0,1308.03
2021,12,Tomato,Tamil Nadu,Year-round,113.2,13.6,1.037,11.0,1431.71
2021,12,Onion,Punjab,Rabi,176.2,12.9,1.041,11.0,1670.52
2021,12,Onion,Haryana,Rabi,168.9,13.6,1.082,11.0,1657.82
2021,12,Onion,UP,Rabi,153.5,13.5,1.008,11.0,1715.96
2021,12,Onion,Maharashtra,Rabi,154.2,14.5,1.04,11.0,1623.16
2021,12,Onion,Karnataka,Rabi,234.9,12.1,0.994,11.0,1661.45
2021,12,Onion,Andhra Pradesh,Rabi,201.0,13.3,1.075,11.0,1720.09
2021,12,Onion,Madhya Pradesh,Rabi,173.2,13.0,1.092,11.0,1598.28
2021,12,Onion,Rajasthan,Rabi,157.8,12.4,1.02,11.0,1656.04
2021,12,Onion,Gujarat,Rabi,208.6,11.6,1.019,11.0,1624.31
2021,12,Onion,Bihar,Rabi,191.6,12.7,1.042,11.0,1550.3
2021,12,Onion,West Bengal,Rabi,135.8,13.4,1.011,11.0,1794.51
2021,12,Onion,Tamil Nadu,Rabi,218.0,15.0,1.069,11.0,1722.28
2021,12,Soybean,Punjab,Kharif,90.3,16.4,1.018,11.0,4660.9
2021,12,Soybean,Haryana,Kharif,120.3,17.6,1.021,11.0,4614.95
2021,12,Soybean,UP,Kharif,118.4,15.5,1.014,11.0,5249.48
2021,12,Soybean,Maharashtra,Kharif,104.3,18.6,1.01,11.0,5164.86
2021,12,Soybean,Karnataka,Kharif,131.2,17.5,1.033,11.0,4675.37
2021,12,Soybean,Andhra Pradesh,Kharif,138.4,14.3,1.009,11.0,5041.47
2021,12,Soybean,Madhya Pradesh,Kharif,107.0,19.0,1.046,11.0,4786.15
2021,12,Soybean,Rajasthan,Kharif,121.5,16.9,1.045,11.0,5216.09
2021,12,Soybean,Gujarat,Kharif,128.8,20.1,1.079,11.0,4984.75
2021,12,Soybean,Bihar,Kharif,132.9,19.7,1.02,11.0,4681.9
2021,12,Soybean,West Bengal,Kharif,134.0,20.6,1.019,11.0,4693.27
2021,12,Soybean,Tamil Nadu,Kharif,116.1,20.2,0.991,11.0,4893.44
2021,12,Cotton,Punjab,Kharif,128.9,11.1,1.067,11.0,7899.34
2021,12,Cotton,Haryana,Kharif,146.6,8.5,1.105,11.0,8708.51
2021,12,Cotton,UP,Kharif,103.7,11.2,1.107,11.0,8532.09
2021,12,Cotton,Maharashtra,Kharif,119.4,9.8,1.119,11.0,8700.17
2021,12,Cotton,Karnataka,Kharif,86.7,13.0,1.102,11.0,8096.11
2021,12,Cotton,Andhra Pradesh,Kharif,91.8,9.2,1.154,11.0,8582.41
2021,12,Cotton,Madhya Pradesh,Kharif,179.7,9.8,1.141,11.0,8677.51
2021,12,Cotton,Rajasthan,Kharif,117.3,8.3,1.162,11.0,8285.56
2021,12,Cotton,Gujarat,Kharif,104.7,12.0,1.094,11.0,8521.1
2021,12,Cotton,Bihar,Kharif,142.6,8.9,1.08,11.0,8738.27
2021,12,Cotton,West Bengal,Kharif,77.7,11.2,1.119,11.0,8611.94
2021,12,Cotton,Tamil Nadu,Kharif,81.7,10.9,1.148,11.0,8533.98
2021,12,Sugarcane,Punjab,Year-round,63.5,22.7,1.158,11.0,378.13
2021,12,Sugarcane,Haryana,Year-round,56.4,25.4,1.168,11.0,397.8
2021,12,Sugarcane,UP,Year-round,108.4,23.2,1.14,11.0,403.39
2021,12,Sugarcane,Maharashtra,Year-round,74.8,19.7,1.133,11.0,370.55
2021,12,Sugarcane,Karnataka,Year-round,53.5,18.9,1.133,11.0,418.24
2021,12,Sugarcane,Andhra Pradesh,Year-round,64.3,22.1,1.093,11.0,394.37
2021,12,Sugarcane,Madhya Pradesh,Year-round,87.7,23.2,1.098,11.0,420.59
2021,12,Sugarcane,Rajasthan,Year-round,60.3,24.2,1.159,11.0,400.23
2021,12,Sugarcane,Gujarat,Year-round,123.7,24.3,1.141,11.0,391.37
2021,12,Sugarcane,Bihar,Year-round,66.0,23.4,1.124,11.0,415.69
2021,12,Sugarcane,West Bengal,Year-round,55.9,20.7,1.086,11.0,411.68
2021,12,Sugarcane,Tamil Nadu,Year-round,110.2,23.4,1.074,11.0,395.93
2021,12,Chilli,Punjab,Kharif,114.3,12.9,0.98,11.0,8890.19
2021,12,Chilli,Haryana,Kharif,122.1,10.8,0.921,11.0,8421.45
2021,12,Chilli,UP,Kharif,115.0,15.1,0.957,11.0,8003.88
2021,12,Chilli,Maharashtra,Kharif,66.0,15.9,0.993,11.0,9093.1
2021,12,Chilli,Karnataka,Kharif,115.8,11.7,0.915,11.0,8063.38
2021,12,Chilli,Andhra Pradesh,Kharif,138.3,8.8,1.001,11.0,8250.63
2021,12,Chilli,Madhya Pradesh,Kharif,91.6,12.6,0.964,11.0,8045.59
2021,12,Chilli,Rajasthan,Kharif,77.9,13.0,0.965,11.0,8728.33
2021,12,Chilli,Gujarat,Kharif,103.9,10.9,0.947,11.0,8474.32
2021,12,Chilli,Bihar,Kharif,119.9,14.7,0.991,11.0,9071.86
2021,12,Chilli,West Bengal,Kharif,143.4,12.7,0.962,11.0,8738.86
2021,12,Chilli,Tamil Nadu,Kharif,85.0,11.0,0.931,11.0,7983.86
2021,12,Gram,Punjab,Rabi,92.1,14.8,1.052,11.0,7452.34
2021,12,Gram,Haryana,Rabi,129.7,16.5,1.087,11.0,7505.01
2021,12,Gram,UP,Rabi,153.4,16.1,1.077,11.0,7525.56
2021,12,Gram,Maharashtra,Rabi,142.8,16.8,1.132,11.0,6795.68
2021,12,Gram,Karnataka,Rabi,87.7,14.5,1.067,11.0,7353.77
2021,12,Gram,Andhra Pradesh,Rabi,107.7,15.1,1.154,11.0,7542.59
2021,12,Gram,Madhya Pradesh,Rabi,119.7,18.8,1.092,11.0,6534.43
2021,12,Gram,Rajasthan,Rabi,123.1,15.3,1.15,11.0,7394.34
2021,12,Gram,Gujarat,Rabi,144.2,18.4,1.052,11.0,7245.02
2021,12,Gram,Bihar,Rabi,82.1,16.5,1.091,11.0,6687.97
2021,12,Gram,West Bengal,Rabi,150.9,16.1,1.062,11.0,7337.57
2021,12,Gram,Tamil Nadu,Rabi,106.1,18.2,1.102,11.0,7082.75
2021,12,Mustard,Punjab,Rabi,112.9,15.3,1.023,11.0,5878.7
2021,12,Mustard,Haryana,Rabi,126.1,18.3,1.066,11.0,6229.53
2021,12,Mustard,UP,Rabi,119.5,14.8,1.061,11.0,6387.59
2021,12,Mustard,Maharashtra,Rabi,115.7,15.3,1.016,11.0,6048.79
2021,12,Mustard,Karnataka,Rabi,113.1,15.4,1.046,11.0,6162.92
2021,12,Mustard,Andhra Pradesh,Rabi,133.1,20.9,1.033,11.0,6244.0
2021,12,Mustard,Madhya Pradesh,Rabi,112.4,16.6,1.021,11.0,6104.2
2021,12,Mustard,Rajasthan,Rabi,109.6,15.1,0.999,11.0,6433.98
2021,12,Mustard,Gujarat,Rabi,109.6,12.3,1.043,11.0,5923.07
2021,12,Mustard,Bihar,Rabi,132.7,13.9,1.067,11.0,6511.19
2021,12,Mustard,West Bengal,Rabi,128.8,16.5,1.015,11.0,6486.4
2021,12,Mustard,Tamil Nadu,Rabi,117.7,17.8,0.978,11.0,6603.85
2022,1,Wheat,Punjab,Rabi,109.8,14.2,0.939,16.5,2675.51
2022,1,Wheat,Haryana,Rabi,111.8,14.1,0.931,16.5,2633.28
2022,1,Wheat,UP,Rabi,115.5,13.3,0.94,16.5,2450.07
2022,1,Wheat,Maharashtra,Rabi,76.0,14.4,0.894,16.5,2501.06
2022,1,Wheat,Karnataka,Rabi,128.9,15.7,0.971,16.5,2470.88
2022,1,Wheat,Andhra Pradesh,Rabi,128.6,13.0,0.9,16.5,2735.59
2022,1,Wheat,Madhya Pradesh,Rabi,95.0,12.0,0.913,16.5,2379.48
2022,1,Wheat,Rajasthan,Rabi,71.7,16.8,0.946,16.5,2473.47
2022,1,Wheat,Gujarat,Rabi,122.8,15.1,0.925,16.5,2524.88
2022,1,Wheat,Bihar,Rabi,86.9,15.4,0.905,16.5,2514.52
2022,1,Wheat,West Bengal,Rabi,120.8,17.5,0.961,16.5,2561.23
2022,1,Wheat,Tamil Nadu,Rabi,67.7,13.3,0.965,16.5,2379.17
2022,1,Rice,Punjab,Kharif,113.5,14.1,0.872,16.5,2185.86
2022,1,Rice,Haryana,Kharif,97.2,13.3,0.854,16.5,2149.0
2022,1,Rice,UP,Kharif,158.6,16.8,0.869,16.5,2344.19
2022,1,Rice,Maharashtra,Kharif,63.9,13.4,0.861,16.5,2318.26
2022,1,Rice,Karnataka,Kharif,93.9,10.6,0.868,16.5,2403.0
2022,1,Rice,Andhra Pradesh,Kharif,94.6,13.0,0.898,16.5,2100.82
2022,1,Rice,Madhya Pradesh,Kharif,118.7,15.9,0.854,16.5,2216.15
2022,1,Rice,Rajasthan,Kharif,119.3,16.7,0.89,16.5,2272.43
2022,1,Rice,Gujarat,Kharif,104.6,14.0,0.861,16.5,2336.03
2022,1,Rice,Bihar,Kharif,117.3,13.1,0.879,16.5,2275.65
2022,1,Rice,West Bengal,Kharif,108.4,14.3,0.902,16.5,2301.23
2022,1,Rice,Tamil Nadu,Kharif,111.4,16.1,0.891,16.5,2123.35
2022,1,Maize,Punjab,Kharif,99.3,19.6,1.087,16.5,2637.22
2022,1,Maize,Haryana,Kharif,125.6,13.5,1.106,16.5,2796.81
2022,1,Maize,UP,Kharif,102.0,17.4,1.06,16.5,2637.16
2022,1,Maize,Maharashtra,Kharif,152.4,15.3,1.104,16.5,2589.88
2022,1,Maize,Karnataka,Kharif,139.3,17.2,1.053,16.5,2613.95
2022,1,Maize,Andhra Pradesh,Kharif,120.6,16.7,1.091,16.5,2488.01
2022,1,Maize,Madhya Pradesh,Kharif,119.7,17.9,1.113,16.5,2471.96
2022,1,Maize,Rajasthan,Kharif,129.4,12.3,1.026,16.5,2861.62
2022,1,Maize,Gujarat,Kharif,110.1,13.5,1.109,16.5,2775.07
2022,1,Maize,Bihar,Kharif,116.4,14.8,1.126,16.5,2742.8
2022,1,Maize,West Bengal,Kharif,101.5,12.9,1.127,16.5,2725.74
2022,1,Maize,Tamil Nadu,Kharif,73.3,17.9,1.104,16.5,2542.24
2022,1,Potato,Punjab,Rabi,81.1,17.7,0.963,16.5,923.44
2022,1,Potato,Haryana,Rabi,99.6,16.1,0.898,16.5,892.32
2022,1,Potato,UP,Rabi,135.9,16.0,0.976,16.5,954.68
2022,1,Potato,Maharashtra,Rabi,93.6,12.7,0.926,16.5,997.29
2022,1,Potato,Karnataka,Rabi,98.9,18.9,0.941,16.5,924.76
2022,1,Potato,Andhra Pradesh,Rabi,117.5,18.8,0.915,16.5,918.55
2022,1,Potato,Madhya Pradesh,Rabi,115.8,21.0,0.943,16.5,986.25
2022,1,Potato,Rajasthan,Rabi,109.8,16.3,0.931,16.5,969.83
2022,1,Potato,Gujarat,Rabi,94.5,16.8,0.89,16.5,948.97
2022,1,Potato,Bihar,Rabi,89.2,18.1,0.943,16.5,924.01
2022,1,Potato,West Bengal,Rabi,120.7,16.5,0.98,16.5,1032.7
2022,1,Potato,Tamil Nadu,Rabi,126.9,15.0,0.966,16.5,971.99
2022,1,Tomato,Punjab,Year-round,133.9,7.1,1.077,16.5,1500.0
2022,1,Tomato,Haryana,Year-round,62.0,11.5,1.086,16.5,1453.4
2022,1,Tomato,UP,Year-round,139.6,10.5,1.147,16.5,1410.63
2022,1,Tomato,Maharashtra,Year-round,133.9,10.9,1.098,16.5,1454.74
2022,1,Tomato,Karnataka,Year-round,111.0,10.6,1.082,16.5,1624.07
2022,1,Tomato,Andhra Pradesh,Year-round,140.2,14.4,1.096,16.5,1441.38
2022,1,Tomato,Madhya Pradesh,Year-round,84.3,8.0,1.101,16.5,1551.05
2022,1,Tomato,Rajasthan,Year-round,100.9,13.2,1.089,16.5,1519.85
2022,1,Tomato,Gujarat,Year-round,104.0,11.5,1.088,16.5,1598.49
2022,1,Tomato,Bihar,Year-round,108.0,9.2,1.103,16.5,1598.06
2022,1,Tomato,West Bengal,Year-round,106.8,7.8,1.136,16.5,1442.99
2022,1,Tomato,Tamil Nadu,Year-round,126.6,8.8,1.113,16.5,1601.74
2022,1,Onion,Punjab,Rabi,72.1,15.2,0.925,16.5,1613.54
2022,1,Onion,Haryana,Rabi,64.6,10.6,0.904,16.5,1543.2
2022,1,Onion,UP,Rabi,45.1,18.0,0.898,16.5,1535.11
2022,1,Onion,Maharashtra,Rabi,106.4,8.2,0.938,16.5,1501.56
2022,1,Onion,Karnataka,Rabi,90.9,16.0,0.916,16.5,1533.9
2022,1,Onion,Andhra Pradesh,Rabi,75.4,12.0,0.867,16.5,1520.81
2022,1,Onion,Madhya Pradesh,Rabi,70.4,15.6,0.93,16.5,1405.12
2022,1,Onion,Rajasthan,Rabi,60.1,11.2,0.914,16.5,1447.38
2022,1,Onion,Gujarat,Rabi,34.1,11.1,0.946,16.5,1577.68
2022,1,Onion,Bihar,Rabi,25.9,12.1,0.867,16.5,1409.88
2022,1,Onion,West Bengal,Rabi,101.4,13.7,0.905,16.5,1446.28
2022,1,Onion,Tamil Nadu,Rabi,88.4,13.4,0.866,16.5,1525.9
2022,1,Soybean,Punjab,Kharif,142.2,9.8,0.924,16.5,5294.75
2022,1,Soybean,Haryana,Kharif,184.4,13.2,0.849,16.5,4629.34
2022,1,Soybean,UP,Kharif,175.4,8.3,0.884,16.5,4814.55
2022,1,Soybean,Maharashtra,Kharif,168.4,10.6,0.864,16.5,4550.07
2022,1,Soybean,Karnataka,Kharif,154.1,7.2,0.919,16.5,4722.58
2022,1,Soybean,Andhra Pradesh,Kharif,184.9,9.9,0.908,16.5,5054.25
2022,1,Soybean,Madhya Pradesh,Kharif,181.8,10.8,0.885,16.5,4726.9
2022,1,Soybean,Rajasthan,Kharif,163.9,9.6,0.894,16.5,5126.78
2022,1,Soybean,Gujarat,Kharif,166.9,11.4,0.882,16.5,4764.58
2022,1,Soybean,Bihar,Kharif,122.2,11.4,0.848,16.5,5101.47
2022,1,Soybean,West Bengal,Kharif,176.9,12.0,0.875,16.5,5018.32
2022,1,Soybean,Tamil Nadu,Kharif,198.5,9.0,0.878,16.5,4647.69
2022,1,Cotton,Punjab,Kharif,166.3,15.4,0.923,16.5,6771.51
2022,1,Cotton,Haryana,Kharif,152.9,16.1,0.936,16.5,6708.84
2022,1,Cotton,UP,Kharif,192.3,18.6,0.871,16.5,7111.58
2022,1,Cotton,Maharashtra,Kharif,186.7,15.6,0.952,16.5,6530.07
2022,1,Cotton,Karnataka,Kharif,160.9,15.0,0.912,16.5,6562.11
2022,1,Cotton,Andhra Pradesh,Kharif,170.2,18.2,0.877,16.5,7231.05
2022,1,Cotton,Madhya Pradesh,Kharif,193.0,13.6,0.936,16.5,6817.72
2022,1,Cotton,Rajasthan,Kharif,176.7,10.4,0.911,16.5,7407.98
2022,1,Cotton,Gujarat,Kharif,182.7,16.2,0.881,16.5,7425.27
2022,1,Cotton,Bihar,Kharif,162.6,15.1,0.874,16.5,7274.15
2022,1,Cotton,West Bengal,Kharif,189.2,14.6,0.936,16.5,7147.46
2022,1,Cotton,Tamil Nadu,Kharif,150.7,16.4,0.907,16.5,6417.77
2022,1,Sugarcane,Punjab,Year-round,195.5,20.5,1.034,16.5,397.43
2022,1,Sugarcane,Haryana,Year-round,142.2,22.1,1.137,16.5,428.14
2022,1,Sugarcane,UP,Year-round,152.1,21.6,1.113,16.5,382.27
2022,1,Sugarcane,Maharashtra,Year-round,143.2,21.4,1.06,16.5,400.13
2022,1,Sugarcane,Karnataka,Year-round,149.0,21.9,1.106,16.5,377.14
2022,1,Sugarcane,Andhra Pradesh,Year-round,155.1,20.7,1.111,16.5,423.59
2022,1,Sugarcane,Madhya Pradesh,Year-round,103.4,19.9,1.13,16.5,417.7
2022,1,Sugarcane,Rajasthan,Year-round,155.9,21.9,1.135,16.5,393.9
2022,1,Sugarcane,Gujarat,Year-round,135.6,21.0,1.063,16.5,418.24
2022,1,Sugarcane,Bihar,Year-round,207.5,22.8,1.039,16.5,410.91
2022,1,Sugarcane,West Bengal,Year-round,153.7,20.6,1.113,16.5,402.99
2022,1,Sugarcane,Tamil Nadu,Year-round,147.7,21.6,1.121,16.5,407.87
2022,1,Chilli,Punjab,Kharif,119.3,14.2,1.079,16.5,9233.71
2022,1,Chilli,Haryana,Kharif,114.9,17.0,1.009,16.5,10699.16
2022,1,Chilli,UP,Kharif,107.4,23.8,1.072,16.5,9767.13
2022,1,Chilli,Maharashtra,Kharif,127.0,15.2,1.096,16.5,10728.9
2022,1,Chilli,Karnataka,Kharif,129.9,18.6,1.059,16.5,9633.42
2022,1,Chilli,Andhra Pradesh,Kharif,118.7,17.7,1.026,16.5,9515.24
2022,1,Chilli,Madhya Pradesh,Kharif,122.4,16.9,1.032,16.5,10320.0
2022,1,Chilli,Rajasthan,Kharif,118.5,14.0,1.078,16.5,10773.99
2022,1,Chilli,Gujarat,Kharif,131.8,16.1,1.077,16.5,9862.98
2022,1,Chilli,Bihar,Kharif,113.0,16.0,1.013,16.5,9987.77
2022,1,Chilli,West Bengal,Kharif,96.2,15.8,1.069,16.5,10443.52
2022,1,Chilli,Tamil Nadu,Kharif,137.3,18.8,1.083,16.5,9641.02
2022,1,Gram,Punjab,Rabi,173.9,11.7,1.076,16.5,6640.3
2022,1,Gram,Haryana,Rabi,152.2,14.4,1.05,16.5,6726.19
2022,1,Gram,UP,Rabi,153.4,10.7,1.097,16.5,7060.27
2022,1,Gram,Maharashtra,Rabi,187.8,13.3,1.105,16.5,7346.98
2022,1,Gram,Karnataka,Rabi,189.3,11.5,1.063,16.5,7122.25
2022,1,Gram,Andhra Pradesh,Rabi,212.1,11.2,1.149,16.5,7143.5
2022,1,Gram,Madhya Pradesh,Rabi,165.1,11.6,1.137,16.5,7664.81
2022,1,Gram,Rajasthan,Rabi,211.4,12.2,1.114,16.5,7174.57
2022,1,Gram,Gujarat,Rabi,156.0,17.9,1.108,16.5,7692.42
2022,1,Gram,Bihar,Rabi,207.2,15.4,1.155,16.5,7506.8
2022,1,Gram,West Bengal,Rabi,205.8,11.1,1.121,16.5,7289.16
2022,1,Gram,Tamil Nadu,Rabi,209.1,12.6,1.103,16.5,6597.21
2022,1,Mustard,Punjab,Rabi,125.0,12.1,1.0,16.5,6406.29
2022,1,Mustard,Haryana,Rabi,123.8,15.9,1.0,16.5,6702.79
2022,1,Mustard,UP,Rabi,130.9,14.1,1.051,16.5,6636.12
2022,1,Mustard,Maharashtra,Rabi,128.8,10.4,1.028,16.5,6400.67
2022,1,Mustard,Karnataka,Rabi,119.1,14.8,1.028,16.5,6387.68
2022,1,Mustard,Andhra Pradesh,Rabi,134.0,19.0,1.05,16.5,6206.17
2022,1,Mustard,Madhya Pradesh,Rabi,146.7,11.5,1.015,16.5,6407.56
2022,1,Mustard,Rajasthan,Rabi,111.1,13.3,0.974,16.5,6794.85
2022,1,Mustard,Gujarat,Rabi,90.5,15.3,0.993,16.5,6370.7
2022,1,Mustard,Bihar,Rabi,95.7,14.9,1.02,16.5,6778.03
2022,1,Mustard,West Bengal,Rabi,104.2,11.1,0.973,16.5,6194.29
2022,1,Mustard,Tamil Nadu,Rabi,119.0,13.3,1.046,16.5,7083.31
2022,2,Wheat,Punjab,Rabi,119.0,25.6,1.145,16.5,3065.23
2022,2,Wheat,Haryana,Rabi,127.1,27.1,1.085,16.5,2784.51
2022,2,Wheat,UP,Rabi,124.2,28.5,1.158,16.5,3113.92
2022,2,Wheat,Maharashtra,Rabi,83.5,31.4,1.143,16.5,2790.46
2022,2,Wheat,Karnataka,Rabi,92.5,27.8,1.142,16.5,2955.49
2022,2,Wheat,Andhra Pradesh,Rabi,95.7,27.0,1.159,16.5,3142.23
2022,2,Wheat,Madhya Pradesh,Rabi,109.2,27.4,1.11,16.5,2787.75
2022,2,Wheat,Rajasthan,Rabi,115.5,31.9,1.08,16.5,2910.18
2022,2,Wheat,Gujarat,Rabi,101.8,29.5,1.093,16.5,2938.32
2022,2,Wheat,Bihar,Rabi,143.7,29.3,1.083,16.5,3086.2
2022,2,Wheat,West Bengal,Rabi,148.3,29.3,1.134,16.5,2766.69
2022,2,Wheat,Tamil Nadu,Rabi,129.2,30.8,1.1,16.5,2803.42
2022,2,Rice,Punjab,Kharif,167.3,32.2,1.109,16.5,2577.82
2022,2,Rice,Haryana,Kharif,114.6,30.6,1.069,16.5,2845.06
2022,2,Rice,UP,Kharif,109.7,31.4,1.109,16.5,2831.26
2022,2,Rice,Maharashtra,Kharif,127.9,26.5,1.143,16.5,2793.52
2022,2,Rice,Karnataka,Kharif,125.8,30.1,1.052,16.5,2745.74
2022,2,Rice,Andhra Pradesh,Kharif,120.3,32.3,1.068,16.5,2592.24
2022,2,Rice,Madhya Pradesh,Kharif,122.7,28.5,1.09,16.5,2888.31
2022,2,Rice,Rajasthan,Kharif,97.7,31.8,1.086,16.5,2703.43
2022,2,Rice,Gujarat,Kharif,137.2,32.0,1.114,16.5,2939.68
2022,2,Rice,Bihar,Kharif,138.3,32.8,1.055,16.5,2803.78
2022,2,Rice,West Bengal,Kharif,146.7,31.0,1.064,16.5,2915.98
2022,2,Rice,Tamil Nadu,Kharif,134.6,26.1,1.058,16.5,2676.84
2022,2,Maize,Punjab,Kharif,81.8,24.9,0.891,16.5,2408.32
2022,2,Maize,Haryana,Kharif,74.3,27.4,0.927,16.5,2692.91
2022,2,Maize,UP,Kharif,84.7,24.9,0.895,16.5,2757.46
2022,2,Maize,Maharashtra,Kharif,59.2,24.7,0.941,16.5,2731.48
2022,2,Maize,Karnataka,Kharif,63.9,23.1,0.905,16.5,2430.93
2022,2,Maize,Andhra Pradesh,Kharif,78.9,29.7,0.925,16.5,2737.09
2022,2,Maize,Madhya Pradesh,Kharif,73.2,26.0,0.895,16.5,2497.94
2022,2,Maize,Rajasthan,Kharif,81.9,23.7,0.97,16.5,2568.18
2022,2,Maize,Gujarat,Kharif,59.8,24.8,0.954,16.5,2766.27
2022,2,Maize,Bihar,Kharif,50.2,29.2,0.944,16.5,2485.75
2022,2,Maize,West Bengal,Kharif,88.0,27.5,0.885,16.5,2693.47
2022,2,Maize,Tamil Nadu,Kharif,66.1,26.2,0.892,16.5,2519.0
2022,2,Potato,Punjab,Rabi,111.0,31.9,0.818,16.5,903.4
2022,2,Potato,Haryana,Rabi,88.3,32.9,0.844,16.5,923.4
2022,2,Potato,UP,Rabi,95.4,31.2,0.824,16.5,870.57
2022,2,Potato,Maharashtra,Rabi,104.8,26.2,0.827,16.5,924.34
2022,2,Potato,Karnataka,Rabi,107.5,30.3,0.874,16.5,929.6
2022,2,Potato,Andhra Pradesh,Rabi,100.5,26.2,0.868,16.5,829.32
2022,2,Potato,Madhya Pradesh,Rabi,133.4,28.4,0.898,16.5,932.98
2022,2,Potato,Rajasthan,Rabi,98.5,32.2,0.879,16.5,824.81
2022,2,Potato,Gujarat,Rabi,124.3,30.7,0.821,16.5,844.53
2022,2,Potato,Bihar,Rabi,88.8,30.7,0.858,16.5,857.94
2022,2,Potato,West Bengal,Rabi,89.3,28.1,0.899,16.5,865.38
2022,2,Potato,Tamil Nadu,Rabi,106.9,27.1,0.873,16.5,843.85
2022,2,Tomato,Punjab,Year-round,146.7,31.0,0.852,16.5,1419.0
2022,2,Tomato,Haryana,Year-round,159.9,31.5,0.858,16.5,1241.88
2022,2,Tomato,UP,Year-round,131.9,35.7,0.85,16.5,1312.73
2022,2,Tomato,Maharashtra,Year-round,151.1,30.1,0.871,16.5,1342.85
2022,2,Tomato,Karnataka,Year-round,130.2,33.0,0.887,16.5,1330.64
2022,2,Tomato,Andhra Pradesh,Year-round,191.2,36.3,0.837,16.5,1320.6
2022,2,Tomato,Madhya Pradesh,Year-round,155.1,31.5,0.856,16.5,1308.35
2022,2,Tomato,Rajasthan,Year-round,158.9,32.2,0.823,16.5,1353.75
2022,2,Tomato,Gujarat,Year-round,121.0,31.3,0.84,16.5,1277.39
2022,2,Tomato,Bihar,Year-round,163.5,33.1,0.892,16.5,1427.35
2022,2,Tomato,West Bengal,Year-round,169.0,32.2,0.856,16.5,1385.89
2022,2,Tomato,Tamil Nadu,Year-round,136.3,31.9,0.823,16.5,1292.4
2022,2,Onion,Punjab,Rabi,176.5,29.2,1.133,16.5,2033.2
2022,2,Onion,Haryana,Rabi,184.1,23.6,1.169,16.5,2067.34
2022,2,Onion,UP,Rabi,180.3,23.8,1.106,16.5,2143.77
2022,2,Onion,Maharashtra,Rabi,163.5,25.8,1.078,16.5,2100.62
2022,2,Onion,Karnataka,Rabi,155.2,24.9,1.114,16.5,1933.57
2022,2,Onion,Andhra Pradesh,Rabi,183.1,23.8,1.134,16.5,2007.13
2022,2,Onion,Madhya Pradesh,Rabi,194.0,24.0,1.09,16.5,2077.33
2022,2,Onion,Rajasthan,Rabi,174.4,24.4,1.135,16.5,1894.14
2022,2,Onion,Gujarat,Rabi,189.0,19.3,1.074,16.5,1975.95
2022,2,Onion,Bihar,Rabi,208.3,19.0,1.131,16.5,1971.95
2022,2,Onion,West Bengal,Rabi,186.4,24.1,1.123,16.5,2131.68
2022,2,Onion,Tamil Nadu,Rabi,133.4,26.3,1.15,16.5,2026.68
2022,2,Soybean,Punjab,Kharif,139.5,26.4,1.178,16.5,6510.24
2022,2,Soybean,Haryana,Kharif,142.6,28.8,1.135,16.5,6830.32
2022,2,Soybean,UP,Kharif,191.5,29.1,1.108,16.5,6383.04
2022,2,Soybean,Maharashtra,Kharif,96.4,30.2,1.193,16.5,6752.54
2022,2,Soybean,Karnataka,Kharif,183.1,28.7,1.116,16.5,6124.0
2022,2,Soybean,Andhra Pradesh,Kharif,145.0,30.4,1.119,16.5,6764.0
2022,2,Soybean,Madhya Pradesh,Kharif,158.4,24.8,1.173,16.5,6228.5
2022,2,Soybean,Rajasthan,Kharif,186.9,32.1,1.131,16.5,5966.6
2022,2,Soybean,Gujarat,Kharif,149.4,28.6,1.086,16.5,5894.78
2022,2,Soybean,Bihar,Kharif,198.4,31.7,1.093,16.5,6457.13
2022,2,Soybean,West Bengal,Kharif,173.1,31.5,1.103,16.5,5858.33
2022,2,Soybean,Tamil Nadu,Kharif,157.1,26.0,1.144,16.5,6684.44
2022,2,Cotton,Punjab,Kharif,160.0,39.7,0.859,16.5,6688.95
2022,2,Cotton,Haryana,Kharif,180.4,39.5,0.882,16.5,7011.53
2022,2,Cotton,UP,Kharif,163.6,37.6,0.916,16.5,7211.68
2022,2,Cotton,Maharashtra,Kharif,157.7,40.3,0.868,16.5,6675.86
2022,2,Cotton,Karnataka,Kharif,170.1,38.8,0.878,16.5,6823.51
2022,2,Cotton,Andhra Pradesh,Kharif,174.9,38.8,0.9,16.5,7107.11
2022,2,Cotton,Madhya Pradesh,Kharif,174.9,37.4,0.916,16.5,7059.21
2022,2,Cotton,Rajasthan,Kharif,164.6,39.0,0.883,16.5,6999.38
2022,2,Cotton,Gujarat,Kharif,192.7,39.0,0.893,16.5,7701.88
2022,2,Cotton,Bihar,Kharif,187.4,40.3,0.854,16.5,6684.05
2022,2,Cotton,West Bengal,Kharif,149.1,41.7,0.909,16.5,7278.2
2022,2,Cotton,Tamil Nadu,Kharif,184.0,40.7,0.855,16.5,7453.54
2022,2,Sugarcane,Punjab,Year-round,130.8,24.4,1.115,16.5,479.01
2022,2,Sugarcane,Haryana,Year-round,143.6,21.7,1.18,16.5,468.64
2022,2,Sugarcane,UP,Year-round,130.8,21.8,1.136,16.5,436.08
2022,2,Sugarcane,Maharashtra,Year-round,152.0,24.1,1.183,16.5,470.28
2022,2,Sugarcane,Karnataka,Year-round,116.2,22.9,1.162,16.5,479.56
2022,2,Sugarcane,Andhra Pradesh,Year-round,123.4,26.9,1.143,16.5,414.83
2022,2,Sugarcane,Madhya Pradesh,Year-round,130.2,25.6,1.149,16.5,425.29
2022,2,Sugarcane,Rajasthan,Year-round,131.1,21.9,1.108,16.5,463.5
2022,2,Sugarcane,Gujarat,Year-round,120.6,24.6,1.16,16.5,450.01
2022,2,Sugarcane,Bihar,Year-round,96.4,25.0,1.156,16.5,464.42
2022,2,Sugarcane,West Bengal,Year-round,118.1,24.3,1.123,16.5,412.68
2022,2,Sugarcane,Tamil Nadu,Year-round,121.3,25.4,1.15,16.5,422.29
2022,2,Chilli,Punjab,Kharif,113.1,23.1,0.998,16.5,9847.32
2022,2,Chilli,Haryana,Kharif,143.5,22.5,1.014,16.5,9732.68
2022,2,Chilli,UP,Kharif,124.4,27.6,1.0,16.5,10997.16
2022,2,Chilli,Maharashtra,Kharif,124.6,22.6,1.039,16.5,11148.4
2022,2,Chilli,Karnataka,Kharif,113.6,20.2,1.065,16.5,10344.52
2022,2,Chilli,Andhra Pradesh,Kharif,118.6,24.0,1.015,16.5,11005.73
2022,2,Chilli,Madhya Pradesh,Kharif,118.5,24.1,1.017,16.5,9638.88
2022,2,Chilli,Rajasthan,Kharif,173.5,25.3,0.993,16.5,11124.42
2022,2,Chilli,Gujarat,Kharif,124.0,24.9,1.002,16.5,10440.79
2022,2,Chilli,Bihar,Kharif,138.2,19.6,0.98,16.5,9659.69
2022,2,Chilli,West Bengal,Kharif,151.7,23.5,0.978,16.5,10626.48
2022,2,Chilli,Tamil Nadu,Kharif,76.1,24.0,1.074,16.5,10912.29
2022,2,Gram,Punjab,Rabi,153.1,24.3,0.972,16.5,6492.32
2022,2,Gram,Haryana,Rabi,154.6,23.9,0.912,16.5,6493.66
2022,2,Gram,UP,Rabi,99.4,21.5,0.979,16.5,7146.23
2022,2,Gram,Maharashtra,Rabi,116.8,23.7,0.966,16.5,7253.73
2022,2,Gram,Karnataka,Rabi,132.9,18.8,0.984,16.5,6970.31
2022,2,Gram,Andhra Pradesh,Rabi,159.9,21.2,0.977,16.5,6721.64
2022,2,Gram,Madhya Pradesh,Rabi,111.9,22.8,0.947,16.5,7117.24
2022,2,Gram,Rajasthan,Rabi,115.1,23.8,0.929,16.5,6962.91
2022,2,Gram,Gujarat,Rabi,118.9,24.1,0.961,16.5,6497.53
2022,2,Gram,Bihar,Rabi,106.1,22.5,0.963,16.5,6601.91
2022,2,Gram,West Bengal,Rabi,110.5,22.6,0.899,16.5,6799.96
2022,2,Gram,Tamil Nadu,Rabi,98.7,19.3,0.97,16.5,7185.65
2022,2,Mustard,Punjab,Rabi,130.2,28.5,0.866,16.5,5821.16
2022,2,Mustard,Haryana,Rabi,108.3,30.3,0.872,16.5,6057.17
2022,2,Mustard,UP,Rabi,99.2,28.4,0.842,16.5,5995.43
2022,2,Mustard,Maharashtra,Rabi,98.7,29.9,0.849,16.5,5623.95
2022,2,Mustard,Karnataka,Rabi,109.7,22.6,0.829,16.5,6440.46
2022,2,Mustard,Andhra Pradesh,Rabi,96.7,29.8,0.85,16.5,6015.96
2022,2,Mustard,Madhya Pradesh,Rabi,72.3,26.7,0.896,16.5,5825.69
2022,2,Mustard,Rajasthan,Rabi,71.7,24.3,0.896,16.5,5593.42
2022,2,Mustard,Gujarat,Rabi,87.3,28.2,0.901,16.5,5707.7
2022,2,Mustard,Bihar,Rabi,84.7,31.4,0.849,16.5,6068.91
2022,2,Mustard,West Bengal,Rabi,115.8,27.7,0.85,16.5,5705.01
2022,2,Mustard,Tamil Nadu,Rabi,81.0,24.4,0.859,16.5,6346.51
2022,3,Wheat,Punjab,Rabi,159.8,34.4,1.0,16.5,2701.55
2022,3,Wheat,Haryana,Rabi,119.9,31.0,1.021,16.5,2882.54
2022,3,Wheat,UP,Rabi,174.9,31.8,1.017,16.5,2574.52
2022,3,Wheat,Maharashtra,Rabi,165.3,36.5,0.948,16.5,2800.98
2022,3,Wheat,Karnataka,Rabi,147.3,35.0,0.982,16.5,2665.49
2022,3,Wheat,Andhra Pradesh,Rabi,166.4,37.6,0.986,16.5,2681.23
2022,3,Wheat,Madhya Pradesh,Rabi,166.4,31.8,0.966,16.5,2956.98
2022,3,Wheat,Rajasthan,Rabi,159.8,30.9,1.041,16.5,2766.86
2022,3,Wheat,Gujarat,Rabi,173.4,32.1,1.032,16.5,2707.92
2022,3,Wheat,Bihar,Rabi,159.8,35.2,1.026,16.5,2917.76
2022,3,Wheat,West Bengal,Rabi,137.3,34.9,1.017,16.5,2896.38
2022,3,Wheat,Tamil Nadu,Rabi,131.0,32.7,0.967,16.5,2804.32
2022,3,Rice,Punjab,Kharif,117.6,32.6,0.884,16.5,2457.57
2022,3,Rice,Haryana,Kharif,135.9,33.1,0.9,16.5,2520.73
2022,3,Rice,UP,Kharif,127.4,29.6,0.866,16.5,2359.53
2022,3,Rice,Maharashtra,Kharif,157.6,28.1,0.891,16.5,2255.85
2022,3,Rice,Karnataka,Kharif,150.5,27.3,0.862,16.5,2270.54
2022,3,Rice,Andhra Pradesh,Kharif,125.4,29.8,0.845,16.5,2404.83
2022,3,Rice,Madhya Pradesh,Kharif,149.4,26.1,0.899,16.5,2615.78
2022,3,Rice,Rajasthan,Kharif,152.4,29.7,0.91,16.5,2260.36
2022,3,Rice,Gujarat,Kharif,166.2,29.4,0.86,16.5,2387.27
2022,3,Rice,Bihar,Kharif,126.0,27.8,0.839,16.5,2287.52
2022,3,Rice,West Bengal,Kharif,141.3,34.1,0.84,16.5,2428.5
2022,3,Rice,Tamil Nadu,Kharif,133.9,30.9,0.839,16.5,2413.47
2022,3,Maize,Punjab,Kharif,85.4,23.6,1.101,16.5,3051.74
2022,3,Maize,Haryana,Kharif,66.3,24.3,1.151,16.5,3022.41
2022,3,Maize,UP,Kharif,60.9,27.3,1.178,16.5,3108.97
2022,3,Maize,Maharashtra,Kharif,99.5,24.9,1.116,16.5,2746.14
2022,3,Maize,Karnataka,Kharif,49.0,24.6,1.131,16.5,2916.18
2022,3,Maize,Andhra Pradesh,Kharif,65.1,24.5,1.154,16.5,3157.3
2022,3,Maize,Madhya Pradesh,Kharif,70.4,23.9,1.156,16.5,2856.16
2022,3,Maize,Rajasthan,Kharif,50.0,22.0,1.109,16.5,3105.66
2022,3,Maize,Gujarat,Kharif,89.9,25.9,1.077,16.5,2777.3
2022,3,Maize,Bihar,Kharif,84.5,26.4,1.167,16.5,3031.69
2022,3,Maize,West Bengal,Kharif,71.8,25.3,1.095,16.5,2799.53
2022,3,Maize,Tamil Nadu,Kharif,108.9,24.5,1.147,16.5,3048.89
2022,3,Potato,Punjab,Rabi,123.4,21.1,0.966,16.5,988.6
2022,3,Potato,Haryana,Rabi,139.7,21.9,0.913,16.5,960.18
2022,3,Potato,UP,Rabi,99.4,22.0,0.933,16.5,940.91
2022,3,Potato,Maharashtra,Rabi,131.2,22.0,0.971,16.5,1025.27
2022,3,Potato,Karnataka,Rabi,79.3,26.7,0.919,16.5,948.12
2022,3,Potato,Andhra Pradesh,Rabi,141.9,23.5,0.986,16.5,1038.73
2022,3,Potato,Madhya Pradesh,Rabi,113.0,22.4,0.986,16.5,909.63
2022,3,Potato,Rajasthan,Rabi,102.7,23.3,0.92,16.5,1031.75
2022,3,Potato,Gujarat,Rabi,166.7,22.8,0.946,16.5,1024.12
2022,3,Potato,Bihar,Rabi,136.0,21.7,0.973,16.5,951.09
2022,3,Potato,West Bengal,Rabi,125.3,21.9,0.956,16.5,953.47
2022,3,Potato,Tamil Nadu,Rabi,122.2,25.7,0.944,16.5,965.02
2022,3,Tomato,Punjab,Year-round,120.3,29.1,0.978,16.5,1541.64
2022,3,Tomato,Haryana,Year-round,147.7,26.0,1.032,16.5,1575.39
2022,3,Tomato,UP,Year-round,167.3,27.9,1.059,16.5,1659.94
2022,3,Tomato,Maharashtra,Year-round,145.4,27.1,0.981,16.5,1595.71
2022,3,Tomato,Karnataka,Year-round,151.7,25.0,1.012,16.5,1625.76
2022,3,Tomato,Andhra Pradesh,Year-round,121.1,24.2,1.002,16.5,1514.05
2022,3,Tomato,Madhya Pradesh,Year-round,124.3,29.2,1.06,16.5,1440.43
2022,3,Tomato,Rajasthan,Year-round,131.3,29.3,1.001,16.5,1640.34
2022,3,Tomato,Gujarat,Year-round,123.0,28.4,1.054,16.5,1449.39
2022,3,Tomato,Bihar,Year-round,161.4,26.4,1.036,16.5,1589.33
2022,3,Tomato,West Bengal,Year-round,131.0,24.6,0.979,16.5,1637.14
2022,3,Tomato,Tamil Nadu,Year-round,154.4,25.7,1.019,16.5,1479.58
2022,3,Onion,Punjab,Rabi,102.0,35.8,0.907,16.5,1679.36
2022,3,Onion,Haryana,Rabi,116.1,32.9,0.908,16.5,1511.99
2022,3,Onion,UP,Rabi,147.3,33.9,0.913,16.5,1638.36
2022,3,Onion,Maharashtra,Rabi,110.6,34.9,0.906,16.5,1721.76
2022,3,Onion,Karnataka,Rabi,116.5,35.5,0.899,16.5,1621.18
2022,3,Onion,Andhra Pradesh,Rabi,97.3,29.1,0.927,16.5,1586.5
2022,3,Onion,Madhya Pradesh,Rabi,61.3,35.1,0.932,16.5,1501.87
2022,3,Onion,Rajasthan,Rabi,81.3,34.5,0.894,16.5,1694.94
2022,3,Onion,Gujarat,Rabi,118.1,34.8,0.914,16.5,1531.99
2022,3,Onion,Bihar,Rabi,98.8,34.1,0.87,16.5,1544.03
2022,3,Onion,West Bengal,Rabi,144.2,34.4,0.911,16.5,1497.75
2022,3,Onion,Tamil Nadu,Rabi,81.4,32.5,0.854,16.5,1489.26
2022,3,Soybean,Punjab,Kharif,84.2,22.5,0.999,16.5,6229.08
2022,3,Soybean,Haryana,Kharif,55.8,23.7,1.071,16.5,5810.09
2022,3,Soybean,UP,Kharif,64.6,27.0,1.074,16.5,5877.94
2022,3,Soybean,Maharashtra,Kharif,87.3,26.9,1.066,16.5,6219.29
2022,3,Soybean,Karnataka,Kharif,79.2,24.5,1.077,16.5,5640.83
2022,3,Soybean,Andhra Pradesh,Kharif,44.1,19.6,1.085,16.5,5905.58
2022,3,Soybean,Madhya Pradesh,Kharif,39.0,20.5,1.043,16.5,5786.79
2022,3,Soybean,Rajasthan,Kharif,61.5,25.1,1.083,16.5,6335.26
2022,3,Soybean,Gujarat,Kharif,52.1,21.6,1.007,16.5,5583.12
2022,3,Soybean,Bihar,Kharif,81.0,21.6,0.992,16.5,6089.53
2022,3,Soybean,West Bengal,Kharif,95.3,21.4,1.04,16.5,6384.45
2022,3,Soybean,Tamil Nadu,Kharif,82.7,23.8,1.042,16.5,5539.82
2022,3,Cotton,Punjab,Kharif,25.3,28.0,0.912,16.5,8869.56
2022,3,Cotton,Haryana,Kharif,30.2,31.1,0.895,16.5,8943.26
2022,3,Cotton,UP,Kharif,42.7,28.7,0.931,16.5,8716.46
2022,3,Cotton,Maharashtra,Kharif,36.8,32.5,0.967,16.5,8973.26
2022,3,Cotton,Karnataka,Kharif,4.1,29.4,0.982,16.5,9111.44
2022,3,Cotton,Andhra Pradesh,Kharif,61.1,30.2,0.921,16.5,8935.73
2022,3,Cotton,Madhya Pradesh,Kharif,81.1,34.2,0.97,16.5,8303.51
2022,3,Cotton,Rajasthan,Kharif,24.5,33.1,0.947,16.5,8696.69
2022,3,Cotton,Gujarat,Kharif,56.4,30.6,0.913,16.5,8348.44
2022,3,Cotton,Bihar,Kharif,42.0,30.2,0.917,16.5,9191.58
2022,3,Cotton,West Bengal,Kharif,15.7,33.8,0.937,16.5,8972.88
2022,3,Cotton,Tamil Nadu,Kharif,33.1,31.9,0.91,16.5,8622.07
2022,3,Sugarcane,Punjab,Year-round,141.6,21.8,1.053,16.5,429.79
2022,3,Sugarcane,Haryana,Year-round,189.8,21.7,1.102,16.5,439.86
2022,3,Sugarcane,UP,Year-round,133.0,20.8,1.044,16.5,433.42
2022,3,Sugarcane,Maharashtra,Year-round,154.6,21.7,1.08,16.5,440.73
2022,3,Sugarcane,Karnataka,Year-round,177.2,24.9,1.057,16.5,406.11
2022,3,Sugarcane,Andhra Pradesh,Year-round,209.7,25.5,1.078,16.5,442.83
2022,3,Sugarcane,Madhya Pradesh,Year-round,163.8,20.6,1.024,16.5,381.03
2022,3,Sugarcane,Rajasthan,Year-round,165.3,22.0,1.032,16.5,428.54
2022,3,Sugarcane,Gujarat,Year-round,145.3,20.4,1.07,16.5,418.74
2022,3,Sugarcane,Bihar,Year-round,201.7,22.9,1.04,16.5,434.92
2022,3,Sugarcane,West Bengal,Year-round,166.8,19.3,1.093,16.5,388.47
2022,3,Sugarcane,Tamil Nadu,Year-round,182.4,22.4,1.069,16.5,383.19
2022,3,Chilli,Punjab,Kharif,115.0,23.4,1.105,16.5,12321.66
2022,3,Chilli,Haryana,Kharif,70.4,22.9,1.156,16.5,10697.29
2022,3,Chilli,UP,Kharif,54.9,25.1,1.119,16.5,10990.59
2022,3,Chilli,Maharashtra,Kharif,76.6,23.8,1.146,16.5,10956.36
2022,3,Chilli,Karnataka,Kharif,73.2,23.8,1.07,16.5,12114.46
2022,3,Chilli,Andhra Pradesh,Kharif,48.1,24.1,1.072,16.5,12149.27
2022,3,Chilli,Madhya Pradesh,Kharif,63.0,22.7,1.106,16.5,11628.06
2022,3,Chilli,Rajasthan,Kharif,72.9,24.0,1.116,16.5,11281.0
2022,3,Chilli,Gujarat,Kharif,54.3,22.4,1.051,16.5,11371.96
2022,3,Chilli,Bihar,Kharif,106.6,21.1,1.152,16.5,12127.81
2022,3,Chilli,West Bengal,Kharif,52.5,22.0,1.15,16.5,11608.16
2022,3,Chilli,Tamil Nadu,Kharif,66.2,27.1,1.141,16.5,11823.39
2022,3,Gram,Punjab,Rabi,79.5,33.0,1.013,16.5,7362.08
2022,3,Gram,Haryana,Rabi,58.6,33.2,1.02,16.5,6839.44
2022,3,Gram,UP,Rabi,79.7,30.2,0.989,16.5,6660.08
2022,3,Gram,Maharashtra,Rabi,91.6,32.8,1.022,16.5,6511.71
2022,3,Gram,Karnataka,Rabi,72.3,32.1,1.073,16.5,6663.69
2022,3,Gram,Andhra Pradesh,Rabi,86.2,32.0,1.008,16.5,7115.04
2022,3,Gram,Madhya Pradesh,Rabi,42.7,30.7,0.989,16.5,7273.16
2022,3,Gram,Rajasthan,Rabi,79.0,31.9,1.03,16.5,7269.74
2022,3,Gram,Gujarat,Rabi,72.0,31.0,1.064,16.5,7356.63
2022,3,Gram,Bihar,Rabi,60.7,33.9,1.065,16.5,6621.35
2022,3,Gram,West Bengal,Rabi,82.3,31.3,1.076,16.5,6524.78
2022,3,Gram,Tamil Nadu,Rabi,71.4,34.4,1.065,16.5,7562.27
2022,3,Mustard,Punjab,Rabi,68.6,23.9,0.846,16.5,5843.04
2022,3,Mustard,Haryana,Rabi,80.2,29.5,0.861,16.5,6192.63
2022,3,Mustard,UP,Rabi,79.0,24.6,0.818,16.5,5543.62
2022,3,Mustard,Maharashtra,Rabi,81.3,20.9,0.86,16.5,5944.78
2022,3,Mustard,Karnataka,Rabi,67.6,26.7,0.855,16.5,5999.99
2022,3,Mustard,Andhra Pradesh,Rabi,60.5,26.3,0.88,16.5,5462.77
2022,3,Mustard,Madhya Pradesh,Rabi,73.3,24.6,0.854,16.5,5704.29
2022,3,Mustard,Rajasthan,Rabi,51.2,24.7,0.847,16.5,5655.08
2022,3,Mustard,Gujarat,Rabi,71.2,23.3,0.837,16.5,6019.37
2022,3,Mustard,Bihar,Rabi,103.6,28.1,0.865,16.5,5680.32
2022,3,Mustard,West Bengal,Rabi,55.8,23.3,0.857,16.5,5603.06
2022,3,Mustard,Tamil Nadu,Rabi,96.1,23.3,0.819,16.5,5889.61
2022,4,Wheat,Punjab,Rabi,82.2,35.3,1.114,16.5,2983.12
2022,4,Wheat,Haryana,Rabi,72.2,32.3,1.078,16.5,2894.35
2022,4,Wheat,UP,Rabi,92.7,30.2,1.105,16.5,2950.23
2022,4,Wheat,Maharashtra,Rabi,98.2,33.3,1.153,16.5,2900.3
2022,4,Wheat,Karnataka,Rabi,91.3,32.9,1.107,16.5,2916.11
2022,4,Wheat,Andhra Pradesh,Rabi,120.3,36.0,1.086,16.5,2961.46
2022,4,Wheat,Madhya Pradesh,Rabi,104.9,32.4,1.125,16.5,2937.42
2022,4,Wheat,Rajasthan,Rabi,107.4,34.9,1.067,16.5,2864.97
2022,4,Wheat,Gujarat,Rabi,142.8,31.4,1.093,16.5,3136.87
2022,4,Wheat,Bihar,Rabi,89.9,32.9,1.145,16.5,3059.91
2022,4,Wheat,West Bengal,Rabi,101.4,31.3,1.135,16.5,2976.8
2022,4,Wheat,Tamil Nadu,Rabi,108.9,31.2,1.082,16.5,3173.1
2022,4,Rice,Punjab,Kharif,122.7,24.8,0.926,16.5,2579.87
2022,4,Rice,Haryana,Kharif,128.4,24.7,0.906,16.5,2639.33
2022,4,Rice,UP,Kharif,164.2,26.3,0.94,16.5,2584.13
2022,4,Rice,Maharashtra,Kharif,169.0,21.4,0.953,16.5,2606.1
2022,4,Rice,Karnataka,Kharif,162.1,24.2,0.996,16.5,2405.1
2022,4,Rice,Andhra Pradesh,Kharif,143.2,23.2,0.914,16.5,2457.89
2022,4,Rice,Madhya Pradesh,Kharif,134.8,22.6,0.987,16.5,2442.62
2022,4,Rice,Rajasthan,Kharif,127.6,22.5,0.96,16.5,2506.48
2022,4,Rice,Gujarat,Kharif,110.7,25.1,0.942,16.5,2508.51
2022,4,Rice,Bihar,Kharif,106.3,26.6,0.991,16.5,2314.04
2022,4,Rice,West Bengal,Kharif,102.6,21.6,0.99,16.5,2562.81
2022,4,Rice,Tamil Nadu,Kharif,140.8,22.6,0.966,16.5,2312.0
2022,4,Maize,Punjab,Kharif,47.5,32.1,1.15,16.5,2772.17
2022,4,Maize,Haryana,Kharif,87.5,22.2,1.052,16.5,2790.23
2022,4,Maize,UP,Kharif,86.0,26.8,1.069,16.5,2894.67
2022,4,Maize,Maharashtra,Kharif,43.9,26.1,1.153,16.5,2837.8
2022,4,Maize,Karnataka,Kharif,42.0,29.4,1.154,16.5,3117.82
2022,4,Maize,Andhra Pradesh,Kharif,63.8,29.9,1.112,16.5,2848.72
2022,4,Maize,Madhya Pradesh,Kharif,61.5,26.8,1.082,16.5,2782.0
2022,4,Maize,Rajasthan,Kharif,75.8,28.1,1.055,16.5,2788.83
2022,4,Maize,Gujarat,Kharif,76.3,29.1,1.061,16.5,2723.24
2022,4,Maize,Bihar,Kharif,63.2,32.6,1.077,16.5,2729.14
2022,4,Maize,West Bengal,Kharif,26.1,25.2,1.146,16.5,2823.8
2022,4,Maize,Tamil Nadu,Kharif,48.5,30.2,1.137,16.5,2702.23
2022,4,Potato,Punjab,Rabi,87.1,21.0,0.995,16.5,969.13
2022,4,Potato,Haryana,Rabi,68.2,20.0,0.984,16.5,1053.88
2022,4,Potato,UP,Rabi,80.4,24.8,0.995,16.5,1024.8
2022,4,Potato,Maharashtra,Rabi,80.4,23.6,0.963,16.5,983.9
2022,4,Potato,Karnataka,Rabi,99.9,24.4,1.033,16.5,989.79
2022,4,Potato,Andhra Pradesh,Rabi,49.4,20.2,0.997,16.5,938.06
2022,4,Potato,Madhya Pradesh,Rabi,105.6,24.4,1.001,16.5,1051.63
2022,4,Potato,Rajasthan,Rabi,118.7,21.7,1.028,16.5,1073.6
2022,4,Potato,Gujarat,Rabi,81.0,25.4,0.953,16.5,1000.28
2022,4,Potato,Bihar,Rabi,92.5,19.8,1.024,16.5,1015.5
2022,4,Potato,West Bengal,Rabi,98.1,21.8,0.97,16.5,935.29
2022,4,Potato,Tamil Nadu,Rabi,80.5,22.2,0.938,16.5,988.48
2022,4,Tomato,Punjab,Year-round,93.2,31.3,0.974,16.5,1489.46
2022,4,Tomato,Haryana,Year-round,128.6,33.5,0.988,16.5,1362.09
2022,4,Tomato,UP,Year-round,102.8,28.3,1.004,16.5,1337.86
2022,4,Tomato,Maharashtra,Year-round,97.0,29.0,0.985,16.5,1415.82
2022,4,Tomato,Karnataka,Year-round,86.3,28.8,0.994,16.5,1425.72
2022,4,Tomato,Andhra Pradesh,Year-round,121.6,32.2,0.951,16.5,1347.46
2022,4,Tomato,Madhya Pradesh,Year-round,99.8,33.3,0.94,16.5,1457.21
2022,4,Tomato,Rajasthan,Year-round,118.2,28.4,0.949,16.5,1532.6
2022,4,Tomato,Gujarat,Year-round,106.9,24.4,1.022,16.5,1360.63
2022,4,Tomato,Bihar,Year-round,110.9,28.2,0.952,16.5,1406.93
2022,4,Tomato,West Bengal,Year-round,97.4,29.5,0.994,16.5,1436.29
2022,4,Tomato,Tamil Nadu,Year-round,75.6,27.4,0.94,16.5,1500.31
2022,4,Onion,Punjab,Rabi,169.4,19.5,0.859,16.5,1626.07
2022,4,Onion,Haryana,Rabi,203.4,21.8,0.893,16.5,1743.06
2022,4,Onion,UP,Rabi,100.8,20.4,0.855,16.5,1618.48
2022,4,Onion,Maharashtra,Rabi,137.8,20.7,0.846,16.5,1734.64
2022,4,Onion,Karnataka,Rabi,174.5,21.9,0.903,16.5,1711.6
2022,4,Onion,Andhra Pradesh,Rabi,120.7,21.4,0.845,16.5,1702.78
2022,4,Onion,Madhya Pradesh,Rabi,164.2,16.9,0.875,16.5,1638.22
2022,4,Onion,Rajasthan,Rabi,129.3,22.3,0.889,16.5,1645.52
2022,4,Onion,Gujarat,Rabi,182.1,18.4,0.842,16.5,1631.11
2022,4,Onion,Bihar,Rabi,161.3,23.8,0.874,16.5,1589.62
2022,4,Onion,West Bengal,Rabi,133.8,22.7,0.904,16.5,1535.26
2022,4,Onion,Tamil Nadu,Rabi,138.0,20.8,0.852,16.5,1647.96
2022,4,Soybean,Punjab,Kharif,65.8,41.3,1.026,16.5,6183.44
2022,4,Soybean,Haryana,Kharif,92.6,37.6,1.0,16.5,6717.58
2022,4,Soybean,UP,Kharif,74.9,40.8,1.06,16.5,6583.8
2022,4,Soybean,Maharashtra,Kharif,82.5,39.7,1.081,16.5,6013.95
2022,4,Soybean,Karnataka,Kharif,61.9,41.8,1.052,16.5,6851.38
2022,4,Soybean,Andhra Pradesh,Kharif,60.3,43.0,1.021,16.5,5902.1
2022,4,Soybean,Madhya Pradesh,Kharif,79.7,40.1,1.009,16.5,6785.67
2022,4,Soybean,Rajasthan,Kharif,74.9,42.9,1.047,16.5,6724.05
2022,4,Soybean,Gujarat,Kharif,68.4,39.6,1.076,16.5,6360.19
2022,4,Soybean,Bihar,Kharif,102.1,43.1,1.086,16.5,5972.39
2022,4,Soybean,West Bengal,Kharif,94.8,37.7,1.032,16.5,6098.63
2022,4,Soybean,Tamil Nadu,Kharif,115.7,40.5,1.07,16.5,5978.57
2022,4,Cotton,Punjab,Kharif,143.1,32.2,0.868,16.5,7103.94
2022,4,Cotton,Haryana,Kharif,147.2,34.0,0.837,16.5,7343.93
2022,4,Cotton,UP,Kharif,159.0,35.6,0.891,16.5,7065.21
2022,4,Cotton,Maharashtra,Kharif,102.5,35.0,0.903,16.5,7430.82
2022,4,Cotton,Karnataka,Kharif,133.5,34.2,0.839,16.5,6543.74
2022,4,Cotton,Andhra Pradesh,Kharif,116.1,36.5,0.858,16.5,7354.58
2022,4,Cotton,Madhya Pradesh,Kharif,99.8,34.0,0.85,16.5,6859.51
2022,4,Cotton,Rajasthan,Kharif,189.5,34.0,0.834,16.5,7258.33
2022,4,Cotton,Gujarat,Kharif,118.7,31.1,0.865,16.5,7473.64
2022,4,Cotton,Bihar,Kharif,143.1,36.1,0.844,16.5,6870.82
2022,4,Cotton,West Bengal,Kharif,110.2,36.5,0.845,16.5,6964.43
2022,4,Cotton,Tamil Nadu,Kharif,108.1,33.1,0.864,16.5,6756.74
2022,4,Sugarcane,Punjab,Year-round,104.0,28.8,0.998,16.5,359.1
2022,4,Sugarcane,Haryana,Year-round,60.4,29.8,1.064,16.5,409.58
2022,4,Sugarcane,UP,Year-round,104.5,26.7,1.048,16.5,371.38
2022,4,Sugarcane,Maharashtra,Year-round,115.4,28.0,1.01,16.5,365.3
2022,4,Sugarcane,Karnataka,Year-round,68.5,25.0,1.054,16.5,407.91
2022,4,Sugarcane,Andhra Pradesh,Year-round,31.2,30.9,1.06,16.5,380.23
2022,4,Sugarcane,Madhya Pradesh,Year-round,74.5,27.6,1.016,16.5,358.6
2022,4,Sugarcane,Rajasthan,Year-round,79.6,30.3,0.999,16.5,375.84
2022,4,Sugarcane,Gujarat,Year-round,99.0,28.6,1.044,16.5,392.73
2022,4,Sugarcane,Bihar,Year-round,42.8,25.7,0.996,16.5,413.3
2022,4,Sugarcane,West Bengal,Year-round,121.2,24.8,1.082,16.5,364.99
2022,4,Sugarcane,Tamil Nadu,Year-round,99.5,29.5,1.005,16.5,382.96
2022,4,Chilli,Punjab,Kharif,74.1,10.5,1.015,16.5,9634.55
2022,4,Chilli,Haryana,Kharif,59.0,9.1,0.97,16.5,8953.16
2022,4,Chilli,UP,Kharif,64.7,9.8,0.948,16.5,9282.57
2022,4,Chilli,Maharashtra,Kharif,77.9,13.0,0.959,16.5,8840.64
2022,4,Chilli,Karnataka,Kharif,83.0,12.3,1.02,16.5,9745.93
2022,4,Chilli,Andhra Pradesh,Kharif,23.5,10.8,0.959,16.5,9374.87
2022,4,Chilli,Madhya Pradesh,Kharif,74.8,12.6,1.027,16.5,9283.27
2022,4,Chilli,Rajasthan,Kharif,90.9,13.5,1.003,16.5,8988.18
2022,4,Chilli,Gujarat,Kharif,60.4,10.0,1.033,16.5,9412.24
2022,4,Chilli,Bihar,Kharif,20.9,8.7,0.972,16.5,8529.53
2022,4,Chilli,West Bengal,Kharif,78.4,11.3,0.976,16.5,9613.8
2022,4,Chilli,Tamil Nadu,Kharif,77.5,11.5,1.01,16.5,9293.23
2022,4,Gram,Punjab,Rabi,136.5,22.1,0.932,16.5,6125.73
2022,4,Gram,Haryana,Rabi,125.1,22.7,0.907,16.5,5895.39
2022,4,Gram,UP,Rabi,157.0,19.9,0.913,16.5,5488.67
2022,4,Gram,Maharashtra,Rabi,180.5,20.4,0.925,16.5,5748.53
2022,4,Gram,Karnataka,Rabi,157.2,20.1,0.924,16.5,6029.93
2022,4,Gram,Andhra Pradesh,Rabi,155.1,22.2,0.962,16.5,5873.39
2022,4,Gram,Madhya Pradesh,Rabi,145.3,20.8,0.92,16.5,5719.17
2022,4,Gram,Rajasthan,Rabi,169.7,17.5,0.93,16.5,5893.85
2022,4,Gram,Gujarat,Rabi,171.0,23.2,0.959,16.5,5651.91
2022,4,Gram,Bihar,Rabi,134.2,17.9,0.924,16.5,5691.04
2022,4,Gram,West Bengal,Rabi,129.5,19.4,0.949,16.5,5364.62
2022,4,Gram,Tamil Nadu,Rabi,131.4,22.4,0.976,16.5,5997.17
2022,4,Mustard,Punjab,Rabi,118.0,40.1,0.906,16.5,6785.45
2022,4,Mustard,Haryana,Rabi,65.8,36.2,0.908,16.5,6493.64
2022,4,Mustard,UP,Rabi,123.3,36.1,0.846,16.5,6947.12
2022,4,Mustard,Maharashtra,Rabi,125.9,34.4,0.862,16.5,6984.1
2022,4,Mustard,Karnataka,Rabi,129.2,37.6,0.881,16.5,6489.02
2022,4,Mustard,Andhra Pradesh,Rabi,80.0,35.8,0.902,16.5,6739.56
2022,4,Mustard,Madhya Pradesh,Rabi,70.4,37.2,0.871,16.5,6242.24
2022,4,Mustard,Rajasthan,Rabi,120.6,35.2,0.918,16.5,6568.76
2022,4,Mustard,Gujarat,Rabi,66.2,34.1,0.847,16.5,6779.95
2022,4,Mustard,Bihar,Rabi,107.5,37.1,0.885,16.5,6404.58
2022,4,Mustard,West Bengal,Rabi,110.3,34.8,0.899,16.5,6313.09
2022,4,Mustard,Tamil Nadu,Rabi,134.1,39.4,0.915,16.5,6497.85
2022,5,Wheat,Punjab,Rabi,147.0,29.1,1.143,16.5,2641.12
2022,5,Wheat,Haryana,Rabi,161.5,34.8,1.128,16.5,2620.16
2022,5,Wheat,UP,Rabi,127.4,31.5,1.086,16.5,2809.13
2022,5,Wheat,Maharashtra,Rabi,166.1,34.6,1.128,16.5,2748.22
2022,5,Wheat,Karnataka,Rabi,115.9,32.5,1.085,16.5,2876.48
2022,5,Wheat,Andhra Pradesh,Rabi,184.5,33.0,1.126,16.5,3024.49
2022,5,Wheat,Madhya Pradesh,Rabi,140.1,31.6,1.174,16.5,2960.65
2022,5,Wheat,Rajasthan,Rabi,171.7,33.4,1.153,16.5,2755.45
2022,5,Wheat,Gujarat,Rabi,168.2,27.4,1.144,16.5,3033.12
2022,5,Wheat,Bihar,Rabi,156.5,31.2,1.09,16.5,3062.12
2022,5,Wheat,West Bengal,Rabi,174.9,32.3,1.077,16.5,2964.07
2022,5,Wheat,Tamil Nadu,Rabi,155.3,30.0,1.142,16.5,2651.98
2022,5,Rice,Punjab,Kharif,124.5,35.7,0.936,16.5,2250.08
2022,5,Rice,Haryana,Kharif,111.9,37.5,0.96,16.5,2130.34
2022,5,Rice,UP,Kharif,112.4,35.9,0.892,16.5,2112.78
2022,5,Rice,Maharashtra,Kharif,115.2,41.1,0.935,16.5,2228.49
2022,5,Rice,Karnataka,Kharif,158.9,35.5,0.892,16.5,2170.96
2022,5,Rice,Andhra Pradesh,Kharif,88.1,37.4,0.887,16.5,2246.61
2022,5,Rice,Madhya Pradesh,Kharif,94.5,35.5,0.942,16.5,2310.86
2022,5,Rice,Rajasthan,Kharif,130.0,36.3,0.938,16.5,2302.73
2022,5,Rice,Gujarat,Kharif,149.9,36.1,0.894,16.5,2164.16
2022,5,Rice,Bihar,Kharif,127.8,41.3,0.93,16.5,2207.83
2022,5,Rice,West Bengal,Kharif,109.3,34.5,0.923,16.5,2235.33
2022,5,Rice,Tamil Nadu,Kharif,99.3,40.9,0.964,16.5,2318.35
2022,5,Maize,Punjab,Kharif,101.9,32.7,1.057,16.5,2301.85
2022,5,Maize,Haryana,Kharif,102.3,35.5,1.044,16.5,2634.36
2022,5,Maize,UP,Kharif,132.6,33.3,1.033,16.5,2298.06
2022,5,Maize,Maharashtra,Kharif,85.8,33.9,1.027,16.5,2345.74
2022,5,Maize,Karnataka,Kharif,123.7,34.1,1.044,16.5,2480.08
2022,5,Maize,Andhra Pradesh,Kharif,127.8,36.9,1.037,16.5,2621.25
2022,5,Maize,Madhya Pradesh,Kharif,81.6,37.0,0.998,16.5,2286.99
2022,5,Maize,Rajasthan,Kharif,127.9,30.1,1.074,16.5,2462.9
2022,5,Maize,Gujarat,Kharif,104.3,33.0,1.079,16.5,2418.92
2022,5,Maize,Bihar,Kharif,104.8,30.5,1.074,16.5,2349.5
2022,5,Maize,West Bengal,Kharif,127.4,34.2,1.003,16.5,2658.95
2022,5,Maize,Tamil Nadu,Kharif,113.4,35.8,1.005,16.5,2348.49
2022,5,Potato,Punjab,Rabi,229.6,39.1,1.047,16.5,964.49
2022,5,Potato,Haryana,Rabi,176.0,37.5,1.034,16.5,900.14
2022,5,Potato,UP,Rabi,171.1,37.1,0.973,16.5,866.16
2022,5,Potato,Maharashtra,Rabi,168.9,37.9,1.041,16.5,946.49
2022,5,Potato,Karnataka,Rabi,177.3,39.8,1.066,16.5,960.99
2022,5,Potato,Andhra Pradesh,Rabi,166.9,37.3,0.979,16.5,878.1
2022,5,Potato,Madhya Pradesh,Rabi,183.2,39.0,1.037,16.5,968.79
2022,5,Potato,Rajasthan,Rabi,170.4,36.1,1.035,16.5,958.56
2022,5,Potato,Gujarat,Rabi,199.6,39.6,1.018,16.5,965.64
2022,5,Potato,Bihar,Rabi,181.0,40.2,1.035,16.5,942.68
2022,5,Potato,West Bengal,Rabi,148.4,35.1,1.024,16.5,966.09
2022,5,Potato,Tamil Nadu,Rabi,142.9,38.6,1.065,16.5,840.91
2022,5,Tomato,Punjab,Year-round,117.0,40.1,0.918,16.5,1294.72
2022,5,Tomato,Haryana,Year-round,105.8,35.9,0.939,16.5,1358.39
2022,5,Tomato,UP,Year-round,107.3,37.6,0.9,16.5,1386.77
2022,5,Tomato,Maharashtra,Year-round,92.0,41.0,0.893,16.5,1233.08
2022,5,Tomato,Karnataka,Year-round,94.4,40.4,0.892,16.5,1406.93
2022,5,Tomato,Andhra Pradesh,Year-round,157.5,39.5,0.947,16.5,1242.42
2022,5,Tomato,Madhya Pradesh,Year-round,92.1,43.6,0.931,16.5,1247.61
2022,5,Tomato,Rajasthan,Year-round,98.6,39.4,0.969,16.5,1386.68
2022,5,Tomato,Gujarat,Year-round,137.4,38.1,0.951,16.5,1261.95
2022,5,Tomato,Bihar,Year-round,106.4,38.0,0.899,16.5,1386.46
2022,5,Tomato,West Bengal,Year-round,137.1,38.0,0.888,16.5,1331.56
2022,5,Tomato,Tamil Nadu,Year-round,127.5,40.0,0.971,16.5,1229.68
2022,5,Onion,Punjab,Rabi,87.1,35.3,0.902,16.5,1472.8
2022,5,Onion,Haryana,Rabi,126.9,31.3,0.963,16.5,1562.86
2022,5,Onion,UP,Rabi,158.3,32.8,0.983,16.5,1487.11
2022,5,Onion,Maharashtra,Rabi,117.6,33.1,0.93,16.5,1604.13
2022,5,Onion,Karnataka,Rabi,116.4,32.7,0.907,16.5,1580.14
2022,5,Onion,Andhra Pradesh,Rabi,101.4,35.9,0.977,16.5,1647.29
2022,5,Onion,Madhya Pradesh,Rabi,111.1,35.3,0.952,16.5,1614.9
2022,5,Onion,Rajasthan,Rabi,97.6,37.0,0.959,16.5,1553.28
2022,5,Onion,Gujarat,Rabi,111.6,34.8,0.895,16.5,1678.91
2022,5,Onion,Bihar,Rabi,115.0,31.7,0.967,16.5,1469.67
2022,5,Onion,West Bengal,Rabi,111.8,35.5,0.946,16.5,1584.1
2022,5,Onion,Tamil Nadu,Rabi,100.8,37.2,0.956,16.5,1490.19
2022,5,Soybean,Punjab,Kharif,177.7,32.9,1.144,16.5,5015.24
2022,5,Soybean,Haryana,Kharif,184.2,39.2,1.061,16.5,5315.95
2022,5,Soybean,UP,Kharif,170.5,35.0,1.099,16.5,5545.18
2022,5,Soybean,Maharashtra,Kharif,150.8,35.8,1.095,16.5,5012.61
2022,5,Soybean,Karnataka,Kharif,167.1,30.7,1.093,16.5,5231.55
2022,5,Soybean,Andhra Pradesh,Kharif,182.9,32.7,1.148,16.5,5485.12
2022,5,Soybean,Madhya Pradesh,Kharif,213.4,35.5,1.116,16.5,5199.09
2022,5,Soybean,Rajasthan,Kharif,164.8,35.4,1.094,16.5,5322.31
2022,5,Soybean,Gujarat,Kharif,169.6,34.4,1.126,16.5,5467.61
2022,5,Soybean,Bihar,Kharif,136.9,37.8,1.081,16.5,5664.81
2022,5,Soybean,West Bengal,Kharif,170.6,37.3,1.127,16.5,5502.67
2022,5,Soybean,Tamil Nadu,Kharif,139.2,33.7,1.132,16.5,5315.38
2022,5,Cotton,Punjab,Kharif,95.6,44.3,1.087,16.5,7530.25
2022,5,Cotton,Haryana,Kharif,59.7,42.3,1.085,16.5,7968.01
2022,5,Cotton,UP,Kharif,78.2,40.0,1.097,16.5,7833.96
2022,5,Cotton,Maharashtra,Kharif,61.4,41.2,1.121,16.5,7466.58
2022,5,Cotton,Karnataka,Kharif,57.1,40.7,1.098,16.5,7252.14
2022,5,Cotton,Andhra Pradesh,Kharif,89.5,38.2,1.022,16.5,8228.53
2022,5,Cotton,Madhya Pradesh,Kharif,55.1,39.5,1.087,16.5,7594.51
2022,5,Cotton,Rajasthan,Kharif,82.8,42.7,1.094,16.5,7277.27
2022,5,Cotton,Gujarat,Kharif,76.3,42.3,1.071,16.5,8273.67
2022,5,Cotton,Bihar,Kharif,81.1,44.6,1.118,16.5,7531.16
2022,5,Cotton,West Bengal,Kharif,52.5,38.7,1.104,16.5,7411.42
2022,5,Cotton,Tamil Nadu,Kharif,29.3,38.2,1.026,16.5,7238.67
2022,5,Sugarcane,Punjab,Year-round,163.6,43.9,1.113,16.5,414.31
2022,5,Sugarcane,Haryana,Year-round,128.3,34.6,1.081,16.5,415.43
2022,5,Sugarcane,UP,Year-round,137.9,37.6,1.145,16.5,375.54
2022,5,Sugarcane,Maharashtra,Year-round,152.8,36.9,1.081,16.5,389.26
2022,5,Sugarcane,Karnataka,Year-round,149.1,38.6,1.108,16.5,374.57
2022,5,Sugarcane,Andhra Pradesh,Year-round,156.8,38.3,1.087,16.5,387.35
2022,5,Sugarcane,Madhya Pradesh,Year-round,119.7,38.7,1.147,16.5,380.17
2022,5,Sugarcane,Rajasthan,Year-round,114.4,33.9,1.129,16.5,373.64
2022,5,Sugarcane,Gujarat,Year-round,121.1,40.3,1.186,16.5,394.92
2022,5,Sugarcane,Bihar,Year-round,172.6,35.0,1.113,16.5,411.82
2022,5,Sugarcane,West Bengal,Year-round,154.2,41.3,1.1,16.5,370.01
2022,5,Sugarcane,Tamil Nadu,Year-round,113.9,40.9,1.159,16.5,408.49
2022,5,Chilli,Punjab,Kharif,115.2,30.9,1.073,16.5,9302.4
2022,5,Chilli,Haryana,Kharif,98.0,36.9,1.063,16.5,9540.59
2022,5,Chilli,UP,Kharif,121.5,32.3,1.059,16.5,8683.31
2022,5,Chilli,Maharashtra,Kharif,122.7,37.3,1.033,16.5,8403.13
2022,5,Chilli,Karnataka,Kharif,127.9,38.4,1.021,16.5,9550.37
2022,5,Chilli,Andhra Pradesh,Kharif,83.6,34.0,1.023,16.5,8613.02
2022,5,Chilli,Madhya Pradesh,Kharif,125.5,34.3,1.003,16.5,9072.97
2022,5,Chilli,Rajasthan,Kharif,114.7,38.6,1.026,16.5,9022.81
2022,5,Chilli,Gujarat,Kharif,141.0,36.3,0.99,16.5,9013.98
2022,5,Chilli,Bihar,Kharif,118.6,36.4,1.066,16.5,9601.12
2022,5,Chilli,West Bengal,Kharif,131.8,34.3,1.05,16.5,9068.79
2022,5,Chilli,Tamil Nadu,Kharif,134.9,36.0,1.064,16.5,9165.29
2022,5,Gram,Punjab,Rabi,89.2,40.8,1.109,16.5,7258.38
2022,5,Gram,Haryana,Rabi,140.6,37.5,1.161,16.5,7070.43
2022,5,Gram,UP,Rabi,112.3,41.9,1.111,16.5,6704.06
2022,5,Gram,Maharashtra,Rabi,107.7,39.7,1.107,16.5,6815.57
2022,5,Gram,Karnataka,Rabi,117.9,35.2,1.092,16.5,6747.94
2022,5,Gram,Andhra Pradesh,Rabi,123.2,35.4,1.089,16.5,7262.88
2022,5,Gram,Madhya Pradesh,Rabi,139.2,37.8,1.162,16.5,7440.94
2022,5,Gram,Rajasthan,Rabi,90.1,39.9,1.164,16.5,7148.15
2022,5,Gram,Gujarat,Rabi,84.8,35.4,1.089,16.5,7417.07
2022,5,Gram,Bihar,Rabi,152.6,40.3,1.128,16.5,6467.4
2022,5,Gram,West Bengal,Rabi,115.3,39.2,1.082,16.5,7091.34
2022,5,Gram,Tamil Nadu,Rabi,95.4,38.6,1.091,16.5,6903.96
2022,5,Mustard,Punjab,Rabi,94.4,37.4,1.18,16.5,6242.54
2022,5,Mustard,Haryana,Rabi,87.3,34.6,1.099,16.5,7213.38
2022,5,Mustard,UP,Rabi,96.0,34.0,1.106,16.5,6964.06
2022,5,Mustard,Maharashtra,Rabi,99.6,37.4,1.153,16.5,6532.81
2022,5,Mustard,Karnataka,Rabi,107.5,38.6,1.141,16.5,6839.1
2022,5,Mustard,Andhra Pradesh,Rabi,85.0,37.9,1.121,16.5,6827.71
2022,5,Mustard,Madhya Pradesh,Rabi,63.1,36.8,1.145,16.5,6440.83
2022,5,Mustard,Rajasthan,Rabi,141.0,38.8,1.127,16.5,6586.63
2022,5,Mustard,Gujarat,Rabi,91.9,37.1,1.182,16.5,6602.72
2022,5,Mustard,Bihar,Rabi,128.9,36.6,1.153,16.5,7111.29
2022,5,Mustard,West Bengal,Rabi,95.2,33.8,1.153,16.5,6714.25
2022,5,Mustard,Tamil Nadu,Rabi,101.2,37.0,1.18,16.5,6350.38
2022,6,Wheat,Punjab,Rabi,172.3,36.5,1.004,16.5,2008.46
2022,6,Wheat,Haryana,Rabi,134.2,41.0,0.929,16.5,2253.16
2022,6,Wheat,UP,Rabi,108.0,38.8,0.946,16.5,2235.66
2022,6,Wheat,Maharashtra,Rabi,142.7,39.0,1.007,16.5,2083.63
2022,6,Wheat,Karnataka,Rabi,134.5,39.4,0.944,16.5,2116.85
2022,6,Wheat,Andhra Pradesh,Rabi,123.5,38.0,1.0,16.5,2111.18
2022,6,Wheat,Madhya Pradesh,Rabi,105.6,37.2,0.973,16.5,2175.2
2022,6,Wheat,Rajasthan,Rabi,123.4,36.4,0.991,16.5,2194.31
2022,6,Wheat,Gujarat,Rabi,136.9,41.6,1.007,16.5,2307.34
2022,6,Wheat,Bihar,Rabi,135.8,40.3,0.944,16.5,2214.9
2022,6,Wheat,West Bengal,Rabi,152.8,37.0,1.005,16.5,2194.13
2022,6,Wheat,Tamil Nadu,Rabi,150.5,41.7,0.957,16.5,2207.19
2022,6,Rice,Punjab,Kharif,205.1,36.7,1.01,16.5,2627.45
2022,6,Rice,Haryana,Kharif,208.9,38.4,1.086,16.5,2565.59
2022,6,Rice,UP,Kharif,201.8,36.0,1.05,16.5,2268.1
2022,6,Rice,Maharashtra,Kharif,199.7,36.0,1.001,16.5,2304.58
2022,6,Rice,Karnataka,Kharif,207.5,39.3,0.997,16.5,2579.16
2022,6,Rice,Andhra Pradesh,Kharif,199.2,38.1,1.032,16.5,2257.5
2022,6,Rice,Madhya Pradesh,Kharif,204.0,36.4,1.063,16.5,2373.04
2022,6,Rice,Rajasthan,Kharif,236.8,37.3,1.047,16.5,2278.4
2022,6,Rice,Gujarat,Kharif,207.4,40.0,1.06,16.5,2501.53
2022,6,Rice,Bihar,Kharif,191.5,39.7,1.014,16.5,2571.32
2022,6,Rice,West Bengal,Kharif,224.3,39.0,1.037,16.5,2557.41
2022,6,Rice,Tamil Nadu,Kharif,181.1,36.3,1.001,16.5,2625.1
2022,6,Maize,Punjab,Kharif,279.9,39.9,1.069,16.5,2698.16
2022,6,Maize,Haryana,Kharif,253.3,41.3,1.125,16.5,2432.75
2022,6,Maize,UP,Kharif,194.7,43.7,1.116,16.5,2801.62
2022,6,Maize,Maharashtra,Kharif,226.7,42.1,1.071,16.5,2493.41
2022,6,Maize,Karnataka,Kharif,243.5,41.1,1.126,16.5,2613.36
2022,6,Maize,Andhra Pradesh,Kharif,234.7,40.8,1.158,16.5,2752.76
2022,6,Maize,Madhya Pradesh,Kharif,276.2,41.0,1.157,16.5,2527.92
2022,6,Maize,Rajasthan,Kharif,274.3,41.1,1.131,16.5,2734.54
2022,6,Maize,Gujarat,Kharif,245.6,41.4,1.058,16.5,2709.91
2022,6,Maize,Bihar,Kharif,275.7,43.1,1.15,16.5,2510.68
2022,6,Maize,West Bengal,Kharif,232.9,38.6,1.152,16.5,2445.21
2022,6,Maize,Tamil Nadu,Kharif,233.4,44.1,1.077,16.5,2714.48
2022,6,Potato,Punjab,Rabi,117.5,35.2,1.03,16.5,822.53
2022,6,Potato,Haryana,Rabi,75.9,37.8,1.1,16.5,879.89
2022,6,Potato,UP,Rabi,77.3,36.6,1.026,16.5,820.19
2022,6,Potato,Maharashtra,Rabi,125.3,38.6,1.082,16.5,814.01
2022,6,Potato,Karnataka,Rabi,121.1,33.3,1.029,16.5,877.24
2022,6,Potato,Andhra Pradesh,Rabi,108.9,35.3,1.007,16.5,794.48
2022,6,Potato,Madhya Pradesh,Rabi,94.7,36.7,1.042,16.5,796.38
2022,6,Potato,Rajasthan,Rabi,95.2,37.7,1.008,16.5,800.42
2022,6,Potato,Gujarat,Rabi,114.0,38.6,1.042,16.5,828.82
2022,6,Potato,Bihar,Rabi,103.5,38.6,1.025,16.5,828.91
2022,6,Potato,West Bengal,Rabi,81.8,40.8,1.012,16.5,918.73
2022,6,Potato,Tamil Nadu,Rabi,106.8,37.3,1.068,16.5,880.59
2022,6,Tomato,Punjab,Year-round,192.1,38.9,0.996,16.5,1131.91
2022,6,Tomato,Haryana,Year-round,224.8,43.0,0.919,16.5,1144.57
2022,6,Tomato,UP,Year-round,199.2,38.5,0.966,16.5,1186.2
2022,6,Tomato,Maharashtra,Year-round,183.6,43.8,0.983,16.5,1209.5
2022,6,Tomato,Karnataka,Year-round,222.1,39.5,0.926,16.5,1092.66
2022,6,Tomato,Andhra Pradesh,Year-round,227.0,38.5,0.936,16.5,1109.17
2022,6,Tomato,Madhya Pradesh,Year-round,187.8,41.8,0.971,16.5,1078.4
2022,6,Tomato,Rajasthan,Year-round,238.6,39.1,0.963,16.5,1108.01
2022,6,Tomato,Gujarat,Year-round,209.7,36.1,0.984,16.5,1095.59
2022,6,Tomato,Bihar,Year-round,209.0,38.6,0.935,16.5,1207.56
2022,6,Tomato,West Bengal,Year-round,213.7,41.4,0.946,16.5,1212.67
2022,6,Tomato,Tamil Nadu,Year-round,200.8,40.5,0.91,16.5,1218.57
2022,6,Onion,Punjab,Rabi,270.4,38.2,1.001,16.5,1580.07
2022,6,Onion,Haryana,Rabi,232.9,37.6,0.952,16.5,1597.34
2022,6,Onion,UP,Rabi,259.8,39.3,0.988,16.5,1463.92
2022,6,Onion,Maharashtra,Rabi,247.0,37.8,0.982,16.5,1384.85
2022,6,Onion,Karnataka,Rabi,287.3,39.7,0.926,16.5,1394.44
2022,6,Onion,Andhra Pradesh,Rabi,240.1,34.8,1.003,16.5,1449.3
2022,6,Onion,Madhya Pradesh,Rabi,229.0,37.1,0.987,16.5,1440.75
2022,6,Onion,Rajasthan,Rabi,222.2,38.8,0.959,16.5,1438.02
2022,6,Onion,Gujarat,Rabi,233.9,38.6,0.98,16.5,1585.15
2022,6,Onion,Bihar,Rabi,246.2,35.9,0.947,16.5,1530.43
2022,6,Onion,West Bengal,Rabi,236.5,38.6,0.933,16.5,1491.68
2022,6,Onion,Tamil Nadu,Rabi,246.5,37.1,0.946,16.5,1444.22
2022,6,Soybean,Punjab,Kharif,311.8,42.0,1.147,16.5,5883.98
2022,6,Soybean,Haryana,Kharif,325.4,42.5,1.046,16.5,6287.97
2022,6,Soybean,UP,Kharif,319.5,37.7,1.147,16.5,5689.13
2022,6,Soybean,Maharashtra,Kharif,348.0,43.8,1.127,16.5,6013.12
2022,6,Soybean,Karnataka,Kharif,314.0,41.5,1.078,16.5,6051.52
2022,6,Soybean,Andhra Pradesh,Kharif,314.4,38.7,1.149,16.5,5759.47
2022,6,Soybean,Madhya Pradesh,Kharif,333.2,38.5,1.099,16.5,6203.97
2022,6,Soybean,Rajasthan,Kharif,327.0,42.5,1.061,16.5,5907.6
2022,6,Soybean,Gujarat,Kharif,299.9,41.8,1.083,16.5,6334.38
2022,6,Soybean,Bihar,Kharif,331.6,41.0,1.046,16.5,6544.49
2022,6,Soybean,West Bengal,Kharif,329.7,42.8,1.104,16.5,6296.88
2022,6,Soybean,Tamil Nadu,Kharif,335.4,39.5,1.133,16.5,5651.28
2022,6,Cotton,Punjab,Kharif,262.1,33.2,1.075,16.5,7140.64
2022,6,Cotton,Haryana,Kharif,270.4,35.8,1.148,16.5,7064.75
2022,6,Cotton,UP,Kharif,253.4,31.1,1.06,16.5,7476.4
2022,6,Cotton,Maharashtra,Kharif,266.2,37.3,1.068,16.5,7461.8
2022,6,Cotton,Karnataka,Kharif,226.7,38.7,1.119,16.5,7476.57
2022,6,Cotton,Andhra Pradesh,Kharif,253.7,37.8,1.051,16.5,7665.68
2022,6,Cotton,Madhya Pradesh,Kharif,223.4,39.1,1.066,16.5,7605.83
2022,6,Cotton,Rajasthan,Kharif,240.9,32.0,1.064,16.5,6737.47
2022,6,Cotton,Gujarat,Kharif,260.8,34.9,1.055,16.5,6654.6
2022,6,Cotton,Bihar,Kharif,242.4,36.1,1.089,16.5,7241.48
2022,6,Cotton,West Bengal,Kharif,239.7,34.8,1.082,16.5,6719.81
2022,6,Cotton,Tamil Nadu,Kharif,260.5,38.3,1.08,16.5,7464.57
2022,6,Sugarcane,Punjab,Year-round,221.9,39.1,1.166,16.5,393.98
2022,6,Sugarcane,Haryana,Year-round,243.3,37.5,1.15,16.5,396.75
2022,6,Sugarcane,UP,Year-round,191.6,38.8,1.128,16.5,358.24
2022,6,Sugarcane,Maharashtra,Year-round,228.9,37.1,1.163,16.5,347.7
2022,6,Sugarcane,Karnataka,Year-round,209.5,40.2,1.125,16.5,351.92
2022,6,Sugarcane,Andhra Pradesh,Year-round,238.6,38.7,1.07,16.5,354.3
2022,6,Sugarcane,Madhya Pradesh,Year-round,196.4,40.1,1.166,16.5,371.92
2022,6,Sugarcane,Rajasthan,Year-round,228.6,38.0,1.169,16.5,390.81
2022,6,Sugarcane,Gujarat,Year-round,245.5,34.7,1.116,16.5,396.19
2022,6,Sugarcane,Bihar,Year-round,225.7,40.2,1.132,16.5,360.25
2022,6,Sugarcane,West Bengal,Year-round,201.5,36.4,1.076,16.5,367.85
2022,6,Sugarcane,Tamil Nadu,Year-round,260.0,40.3,1.11,16.5,361.51
2022,6,Chilli,Punjab,Kharif,240.9,39.5,1.124,16.5,9294.67
2022,6,Chilli,Haryana,Kharif,247.4,38.6,1.107,16.5,9870.19
2022,6,Chilli,UP,Kharif,231.9,38.3,1.132,16.5,9811.2
2022,6,Chilli,Maharashtra,Kharif,250.1,39.9,1.071,16.5,8779.92
2022,6,Chilli,Karnataka,Kharif,244.6,44.3,1.043,16.5,9122.34
2022,6,Chilli,Andhra Pradesh,Kharif,224.3,38.0,1.066,16.5,8667.98
2022,6,Chilli,Madhya Pradesh,Kharif,259.8,39.7,1.047,16.5,9621.75
2022,6,Chilli,Rajasthan,Kharif,247.5,38.0,1.117,16.5,9240.86
2022,6,Chilli,Gujarat,Kharif,255.7,39.2,1.095,16.5,9810.03
2022,6,Chilli,Bihar,Kharif,232.8,38.1,1.069,16.5,9322.36
2022,6,Chilli,West Bengal,Kharif,247.4,38.2,1.144,16.5,8550.93
2022,6,Chilli,Tamil Nadu,Kharif,214.4,38.0,1.109,16.5,9919.71
2022,6,Gram,Punjab,Rabi,236.6,44.8,1.069,16.5,6958.64
2022,6,Gram,Haryana,Rabi,197.3,41.9,1.085,16.5,6964.78
2022,6,Gram,UP,Rabi,236.5,42.2,1.15,16.5,6786.22
2022,6,Gram,Maharashtra,Rabi,174.4,42.4,1.065,16.5,7031.11
2022,6,Gram,Karnataka,Rabi,170.9,44.2,1.092,16.5,7479.39
2022,6,Gram,Andhra Pradesh,Rabi,197.2,43.1,1.057,16.5,7403.31
2022,6,Gram,Madhya Pradesh,Rabi,195.3,42.5,1.144,16.5,7144.57
2022,6,Gram,Rajasthan,Rabi,161.3,45.3,1.108,16.5,6742.1
2022,6,Gram,Gujarat,Rabi,188.9,40.9,1.072,16.5,7393.54
2022,6,Gram,Bihar,Rabi,165.3,46.0,1.099,16.5,7493.22
2022,6,Gram,West Bengal,Rabi,190.9,42.8,1.078,16.5,6973.86
2022,6,Gram,Tamil Nadu,Rabi,206.4,42.5,1.093,16.5,6816.98
2022,6,Mustard,Punjab,Rabi,233.5,33.0,1.051,16.5,5634.07
2022,6,Mustard,Haryana,Rabi,243.7,37.8,0.958,16.5,6059.58
2022,6,Mustard,UP,Rabi,245.2,38.3,1.056,16.5,5642.13
2022,6,Mustard,Maharashtra,Rabi,221.1,34.0,0.99,16.5,5539.32
2022,6,Mustard,Karnataka,Rabi,280.5,35.2,0.989,16.5,5629.38
2022,6,Mustard,Andhra Pradesh,Rabi,232.9,40.4,1.014,16.5,5467.79
2022,6,Mustard,Madhya Pradesh,Rabi,242.9,38.7,1.051,16.5,5820.16
2022,6,Mustard,Rajasthan,Rabi,221.1,34.1,1.01,16.5,5871.91
2022,6,Mustard,Gujarat,Rabi,218.9,38.2,1.024,16.5,5890.12
2022,6,Mustard,Bihar,Rabi,235.9,40.9,1.057,16.5,6123.29
2022,6,Mustard,West Bengal,Rabi,253.8,34.9,0.976,16.5,5772.72
2022,6,Mustard,Tamil Nadu,Rabi,232.3,34.7,0.968,16.5,5408.86
2022,7,Wheat,Punjab,Rabi,159.3,33.5,1.099,16.5,2506.01
2022,7,Wheat,Haryana,Rabi,170.7,30.0,1.095,16.5,2627.07
2022,7,Wheat,UP,Rabi,130.5,29.4,1.071,16.5,2386.95
2022,7,Wheat,Maharashtra,Rabi,172.0,31.9,1.108,16.5,2669.83
2022,7,Wheat,Karnataka,Rabi,180.1,32.1,1.139,16.5,2615.76
2022,7,Wheat,Andhra Pradesh,Rabi,171.1,31.7,1.15,16.5,2574.79
2022,7,Wheat,Madhya Pradesh,Rabi,144.3,29.8,1.113,16.5,2605.03
2022,7,Wheat,Rajasthan,Rabi,139.2,29.9,1.132,16.5,2569.44
2022,7,Wheat,Gujarat,Rabi,180.6,32.3,1.134,16.5,2715.17
2022,7,Wheat,Bihar,Rabi,153.0,31.9,1.059,16.5,2627.54
2022,7,Wheat,West Bengal,Rabi,164.1,33.7,1.153,16.5,2585.17
2022,7,Wheat,Tamil Nadu,Rabi,151.1,31.6,1.059,16.5,2658.36
2022,7,Rice,Punjab,Kharif,252.3,24.0,1.113,16.5,2201.24
2022,7,Rice,Haryana,Kharif,213.9,25.6,1.138,16.5,2186.97
2022,7,Rice,UP,Kharif,221.0,26.5,1.095,16.5,2437.77
2022,7,Rice,Maharashtra,Kharif,224.0,28.6,1.136,16.5,2426.65
2022,7,Rice,Karnataka,Kharif,215.9,24.2,1.086,16.5,2349.87
2022,7,Rice,Andhra Pradesh,Kharif,246.0,30.1,1.048,16.5,2538.65
2022,7,Rice,Madhya Pradesh,Kharif,270.9,26.9,1.111,16.5,2239.73
2022,7,Rice,Rajasthan,Kharif,230.8,25.2,1.129,16.5,2268.8
2022,7,Rice,Gujarat,Kharif,212.4,24.5,1.044,16.5,2390.08
2022,7,Rice,Bihar,Kharif,210.0,26.9,1.104,16.5,2362.69
2022,7,Rice,West Bengal,Kharif,233.4,29.4,1.091,16.5,2470.35
2022,7,Rice,Tamil Nadu,Kharif,228.2,30.0,1.089,16.5,2453.88
2022,7,Maize,Punjab,Kharif,259.7,27.0,0.922,16.5,2197.33
2022,7,Maize,Haryana,Kharif,298.7,29.2,0.942,16.5,2188.35
2022,7,Maize,UP,Kharif,227.2,26.6,0.967,16.5,2238.02
2022,7,Maize,Maharashtra,Kharif,268.9,24.5,0.983,16.5,2418.93
2022,7,Maize,Karnataka,Kharif,226.0,26.0,0.945,16.5,2286.81
2022,7,Maize,Andhra Pradesh,Kharif,247.7,26.9,0.989,16.5,2212.95
2022,7,Maize,Madhya Pradesh,Kharif,270.5,22.6,1.008,16.5,2284.82
2022,7,Maize,Rajasthan,Kharif,265.5,23.4,0.976,16.5,2084.43
2022,7,Maize,Gujarat,Kharif,274.2,27.3,1.0,16.5,2153.69
2022,7,Maize,Bihar,Kharif,262.0,28.4,0.939,16.5,2195.98
2022,7,Maize,West Bengal,Kharif,274.5,26.1,0.967,16.5,2406.34
2022,7,Maize,Tamil Nadu,Kharif,270.3,25.7,0.986,16.5,2350.65
2022,7,Potato,Punjab,Rabi,214.3,21.3,0.875,16.5,644.11
2022,7,Potato,Haryana,Rabi,228.1,18.6,0.903,16.5,697.98
2022,7,Potato,UP,Rabi,246.2,21.3,0.842,16.5,677.17
2022,7,Potato,Maharashtra,Rabi,223.1,19.7,0.838,16.5,653.59
2022,7,Potato,Karnataka,Rabi,212.9,22.7,0.92,16.5,682.75
2022,7,Potato,Andhra Pradesh,Rabi,259.1,19.2,0.896,16.5,677.76
2022,7,Potato,Madhya Pradesh,Rabi,216.5,20.2,0.858,16.5,682.43
2022,7,Potato,Rajasthan,Rabi,236.0,20.4,0.881,16.5,625.67
2022,7,Potato,Gujarat,Rabi,215.8,21.3,0.841,16.5,658.44
2022,7,Potato,Bihar,Rabi,214.7,19.1,0.893,16.5,648.23
2022,7,Potato,West Bengal,Rabi,209.8,23.1,0.848,16.5,684.82
2022,7,Potato,Tamil Nadu,Rabi,208.3,17.9,0.909,16.5,692.76
2022,7,Tomato,Punjab,Year-round,294.9,28.5,1.127,16.5,1272.67
2022,7,Tomato,Haryana,Year-round,258.8,24.5,1.137,16.5,1302.52
2022,7,Tomato,UP,Year-round,267.6,20.6,1.121,16.5,1368.64
2022,7,Tomato,Maharashtra,Year-round,257.2,21.4,1.169,16.5,1424.94
2022,7,Tomato,Karnataka,Year-round,282.0,25.6,1.131,16.5,1236.97
2022,7,Tomato,Andhra Pradesh,Year-round,254.5,19.5,1.07,16.5,1279.13
2022,7,Tomato,Madhya Pradesh,Year-round,264.9,20.7,1.104,16.5,1248.34
2022,7,Tomato,Rajasthan,Year-round,241.4,21.1,1.105,16.5,1295.28
2022,7,Tomato,Gujarat,Year-round,247.6,23.2,1.165,16.5,1275.87
2022,7,Tomato,Bihar,Year-round,273.8,22.9,1.075,16.5,1251.6
2022,7,Tomato,West Bengal,Year-round,245.2,20.8,1.094,16.5,1270.14
2022,7,Tomato,Tamil Nadu,Year-round,260.3,21.8,1.087,16.5,1355.72
2022,7,Onion,Punjab,Rabi,167.4,13.1,1.006,16.5,1529.51
2022,7,Onion,Haryana,Rabi,186.2,17.1,0.95,16.5,1564.84
2022,7,Onion,UP,Rabi,235.6,15.0,0.939,16.5,1382.95
2022,7,Onion,Maharashtra,Rabi,221.6,15.5,1.004,16.5,1565.51
2022,7,Onion,Karnataka,Rabi,239.2,18.6,0.955,16.5,1525.35
2022,7,Onion,Andhra Pradesh,Rabi,205.4,13.5,0.932,16.5,1576.17
2022,7,Onion,Madhya Pradesh,Rabi,187.8,16.2,0.95,16.5,1469.22
2022,7,Onion,Rajasthan,Rabi,210.5,17.7,0.934,16.5,1568.32
2022,7,Onion,Gujarat,Rabi,214.6,15.7,0.936,16.5,1445.34
2022,7,Onion,Bihar,Rabi,172.1,15.2,0.92,16.5,1500.75
2022,7,Onion,West Bengal,Rabi,231.0,14.6,0.976,16.5,1516.61
2022,7,Onion,Tamil Nadu,Rabi,180.3,12.9,0.97,16.5,1516.61
2022,7,Soybean,Punjab,Kharif,167.0,19.6,1.034,16.5,5089.01
2022,7,Soybean,Haryana,Kharif,186.7,20.3,1.065,16.5,4803.52
2022,7,Soybean,UP,Kharif,152.1,20.2,1.085,16.5,5118.48
2022,7,Soybean,Maharashtra,Kharif,141.3,19.1,1.009,16.5,4373.8
2022,7,Soybean,Karnataka,Kharif,179.3,18.3,1.024,16.5,4744.44
2022,7,Soybean,Andhra Pradesh,Kharif,212.7,16.3,1.0,16.5,4616.27
2022,7,Soybean,Madhya Pradesh,Kharif,162.2,21.5,1.004,16.5,4908.66
2022,7,Soybean,Rajasthan,Kharif,142.0,21.5,1.003,16.5,4948.75
2022,7,Soybean,Gujarat,Kharif,180.3,19.7,1.004,16.5,5116.81
2022,7,Soybean,Bihar,Kharif,152.7,20.3,1.062,16.5,4993.19
2022,7,Soybean,West Bengal,Kharif,179.4,18.7,1.032,16.5,5048.75
2022,7,Soybean,Tamil Nadu,Kharif,166.8,17.6,1.083,16.5,4943.7
2022,7,Cotton,Punjab,Kharif,121.6,34.2,1.147,16.5,7141.37
2022,7,Cotton,Haryana,Kharif,97.8,34.4,1.14,16.5,7791.13
2022,7,Cotton,UP,Kharif,110.0,40.0,1.109,16.5,7189.51
2022,7,Cotton,Maharashtra,Kharif,112.2,37.1,1.128,16.5,7327.56
2022,7,Cotton,Karnataka,Kharif,119.0,36.0,1.077,16.5,8113.61
2022,7,Cotton,Andhra Pradesh,Kharif,132.9,34.6,1.161,16.5,7989.32
2022,7,Cotton,Madhya Pradesh,Kharif,143.4,34.5,1.076,16.5,7292.75
2022,7,Cotton,Rajasthan,Kharif,123.0,32.5,1.078,16.5,7878.98
2022,7,Cotton,Gujarat,Kharif,105.1,30.7,1.065,16.5,7290.33
2022,7,Cotton,Bihar,Kharif,152.4,30.8,1.089,16.5,8040.21
2022,7,Cotton,West Bengal,Kharif,87.0,36.0,1.092,16.5,7699.54
2022,7,Cotton,Tamil Nadu,Kharif,125.8,33.6,1.101,16.5,7044.97
2022,7,Sugarcane,Punjab,Year-round,145.7,20.0,1.054,16.5,353.18
2022,7,Sugarcane,Haryana,Year-round,181.9,19.4,1.052,16.5,326.54
2022,7,Sugarcane,UP,Year-round,138.5,19.8,1.01,16.5,365.37
2022,7,Sugarcane,Maharashtra,Year-round,146.4,21.8,1.069,16.5,342.42
2022,7,Sugarcane,Karnataka,Year-round,164.2,13.7,1.072,16.5,354.3
2022,7,Sugarcane,Andhra Pradesh,Year-round,170.3,21.0,1.062,16.5,360.53
2022,7,Sugarcane,Madhya Pradesh,Year-round,178.5,18.9,1.022,16.5,362.12
2022,7,Sugarcane,Rajasthan,Year-round,186.3,16.9,1.065,16.5,352.57
2022,7,Sugarcane,Gujarat,Year-round,164.0,18.9,1.075,16.5,355.11
2022,7,Sugarcane,Bihar,Year-round,210.2,20.1,1.056,16.5,333.68
2022,7,Sugarcane,West Bengal,Year-round,193.0,21.2,1.105,16.5,354.73
2022,7,Sugarcane,Tamil Nadu,Year-round,196.4,20.0,1.04,16.5,337.85
2022,7,Chilli,Punjab,Kharif,191.4,28.8,0.972,16.5,7210.0
2022,7,Chilli,Haryana,Kharif,215.4,25.2,1.028,16.5,8236.52
2022,7,Chilli,UP,Kharif,195.7,27.8,0.954,16.5,8201.61
2022,7,Chilli,Maharashtra,Kharif,197.3,26.6,0.985,16.5,7592.73
2022,7,Chilli,Karnataka,Kharif,194.6,23.9,0.979,16.5,7906.45
2022,7,Chilli,Andhra Pradesh,Kharif,224.1,30.0,1.029,16.5,7452.88
2022,7,Chilli,Madhya Pradesh,Kharif,218.1,30.0,0.952,16.5,8304.75
2022,7,Chilli,Rajasthan,Kharif,185.8,29.0,0.981,16.5,7345.79
2022,7,Chilli,Gujarat,Kharif,209.2,26.4,0.972,16.5,7390.31
2022,7,Chilli,Bihar,Kharif,206.4,25.9,1.019,16.5,7771.08
2022,7,Chilli,West Bengal,Kharif,183.6,29.2,1.015,16.5,7661.58
2022,7,Chilli,Tamil Nadu,Kharif,192.4,26.8,0.958,16.5,8123.25
2022,7,Gram,Punjab,Rabi,145.1,32.6,0.948,16.5,5226.11
2022,7,Gram,Haryana,Rabi,134.9,35.1,0.91,16.5,5056.22
2022,7,Gram,UP,Rabi,132.1,32.0,0.933,16.5,5195.58
2022,7,Gram,Maharashtra,Rabi,113.6,33.6,0.945,16.5,4916.2
2022,7,Gram,Karnataka,Rabi,163.6,29.3,0.875,16.5,4556.03
2022,7,Gram,Andhra Pradesh,Rabi,149.7,31.6,0.867,16.5,4810.6
2022,7,Gram,Madhya Pradesh,Rabi,155.5,32.7,0.942,16.5,4747.32
2022,7,Gram,Rajasthan,Rabi,145.7,32.6,0.892,16.5,5166.58
2022,7,Gram,Gujarat,Rabi,175.1,29.8,0.902,16.5,5179.47
2022,7,Gram,Bihar,Rabi,99.5,33.6,0.935,16.5,4803.07
2022,7,Gram,West Bengal,Rabi,119.9,33.8,0.951,16.5,4963.23
2022,7,Gram,Tamil Nadu,Rabi,153.6,30.8,0.879,16.5,4983.86
2022,7,Mustard,Punjab,Rabi,140.7,20.3,1.002,16.5,5773.97
2022,7,Mustard,Haryana,Rabi,134.3,22.8,0.959,16.5,5219.09
2022,7,Mustard,UP,Rabi,154.7,22.4,0.963,16.5,5291.51
2022,7,Mustard,Maharashtra,Rabi,148.4,23.5,0.964,16.5,5773.1
2022,7,Mustard,Karnataka,Rabi,133.8,20.7,0.961,16.5,5281.82
2022,7,Mustard,Andhra Pradesh,Rabi,159.9,18.6,1.0,16.5,5429.85
2022,7,Mustard,Madhya Pradesh,Rabi,173.3,21.2,0.962,16.5,5574.46
2022,7,Mustard,Rajasthan,Rabi,130.0,21.7,0.98,16.5,5074.86
2022,7,Mustard,Gujarat,Rabi,137.8,17.4,0.947,16.5,5792.43
2022,7,Mustard,Bihar,Rabi,166.3,23.8,0.913,16.5,5204.43
2022,7,Mustard,West Bengal,Rabi,184.8,18.3,0.914,16.5,5681.73
2022,7,Mustard,Tamil Nadu,Rabi,154.1,24.1,0.993,16.5,5255.62
2022,8,Wheat,Punjab,Rabi,217.3,27.1,1.029,16.5,2598.13
2022,8,Wheat,Haryana,Rabi,209.3,27.6,1.0,16.5,2554.96
2022,8,Wheat,UP,Rabi,172.1,28.0,1.066,16.5,2586.42
2022,8,Wheat,Maharashtra,Rabi,231.5,31.0,1.039,16.5,2570.57
2022,8,Wheat,Karnataka,Rabi,218.1,27.3,1.012,16.5,2283.82
2022,8,Wheat,Andhra Pradesh,Rabi,228.0,29.3,1.009,16.5,2647.74
2022,8,Wheat,Madhya Pradesh,Rabi,246.2,28.8,0.978,16.5,2626.57
2022,8,Wheat,Rajasthan,Rabi,205.8,28.1,1.044,16.5,2517.94
2022,8,Wheat,Gujarat,Rabi,192.0,27.2,1.036,16.5,2278.73
2022,8,Wheat,Bihar,Rabi,172.5,27.6,1.017,16.5,2280.48
2022,8,Wheat,West Bengal,Rabi,228.4,31.9,0.992,16.5,2275.92
2022,8,Wheat,Tamil Nadu,Rabi,200.8,29.0,1.053,16.5,2523.84
2022,8,Rice,Punjab,Kharif,188.8,28.2,1.035,16.5,2142.36
2022,8,Rice,Haryana,Kharif,236.1,28.7,1.094,16.5,2213.5
2022,8,Rice,UP,Kharif,198.5,28.8,1.059,16.5,2111.89
2022,8,Rice,Maharashtra,Kharif,227.3,28.0,1.12,16.5,2311.62
2022,8,Rice,Karnataka,Kharif,197.6,26.7,1.017,16.5,2255.94
2022,8,Rice,Andhra Pradesh,Kharif,213.5,31.0,1.1,16.5,2254.35
2022,8,Rice,Madhya Pradesh,Kharif,195.3,30.1,1.109,16.5,2324.32
2022,8,Rice,Rajasthan,Kharif,206.4,29.9,1.106,16.5,2272.58
2022,8,Rice,Gujarat,Kharif,179.3,28.1,1.072,16.5,2133.26
2022,8,Rice,Bihar,Kharif,217.5,26.6,1.029,16.5,2216.48
2022,8,Rice,West Bengal,Kharif,177.1,25.2,1.05,16.5,2062.36
2022,8,Rice,Tamil Nadu,Kharif,184.9,27.8,1.059,16.5,2132.0
2022,8,Maize,Punjab,Kharif,212.2,25.2,0.974,16.5,2203.71
2022,8,Maize,Haryana,Kharif,206.9,23.6,0.937,16.5,2305.82
2022,8,Maize,UP,Kharif,219.0,22.3,0.942,16.5,2208.96
2022,8,Maize,Maharashtra,Kharif,224.2,21.9,0.977,16.5,2315.5
2022,8,Maize,Karnataka,Kharif,200.9,22.8,0.973,16.5,2149.42
2022,8,Maize,Andhra Pradesh,Kharif,202.1,24.0,0.991,16.5,2239.89
2022,8,Maize,Madhya Pradesh,Kharif,202.1,23.5,0.921,16.5,2149.05
2022,8,Maize,Rajasthan,Kharif,236.2,26.2,0.961,16.5,2328.81
2022,8,Maize,Gujarat,Kharif,154.6,24.7,0.932,16.5,2432.88
2022,8,Maize,Bihar,Kharif,176.5,24.9,0.958,16.5,2123.01
2022,8,Maize,West Bengal,Kharif,232.5,22.9,0.992,16.5,2161.95
2022,8,Maize,Tamil Nadu,Kharif,238.7,22.4,0.93,16.5,2448.69
2022,8,Potato,Punjab,Rabi,257.9,21.0,1.145,16.5,939.29
2022,8,Potato,Haryana,Rabi,248.7,22.3,1.087,16.5,1022.41
2022,8,Potato,UP,Rabi,259.0,25.8,1.137,16.5,892.52
2022,8,Potato,Maharashtra,Rabi,219.5,22.3,1.098,16.5,931.76
2022,8,Potato,Karnataka,Rabi,278.5,23.9,1.149,16.5,968.12
2022,8,Potato,Andhra Pradesh,Rabi,269.4,26.6,1.132,16.5,946.7
2022,8,Potato,Madhya Pradesh,Rabi,248.5,21.7,1.067,16.5,886.78
2022,8,Potato,Rajasthan,Rabi,216.1,26.2,1.057,16.5,1005.28
2022,8,Potato,Gujarat,Rabi,260.2,22.9,1.138,16.5,965.17
2022,8,Potato,Bihar,Rabi,261.5,23.0,1.083,16.5,958.01
2022,8,Potato,West Bengal,Rabi,269.7,23.8,1.082,16.5,909.1
2022,8,Potato,Tamil Nadu,Rabi,234.8,25.1,1.084,16.5,1013.05
2022,8,Tomato,Punjab,Year-round,167.6,35.0,1.081,16.5,1379.99
2022,8,Tomato,Haryana,Year-round,127.7,30.7,1.086,16.5,1365.18
2022,8,Tomato,UP,Year-round,150.1,34.6,1.039,16.5,1230.52
2022,8,Tomato,Maharashtra,Year-round,149.3,32.8,1.112,16.5,1343.18
2022,8,Tomato,Karnataka,Year-round,142.1,31.8,1.062,16.5,1320.68
2022,8,Tomato,Andhra Pradesh,Year-round,148.9,31.2,1.101,16.5,1358.69
2022,8,Tomato,Madhya Pradesh,Year-round,162.2,30.8,1.095,16.5,1192.16
2022,8,Tomato,Rajasthan,Year-round,140.4,33.5,1.05,16.5,1349.62
2022,8,Tomato,Gujarat,Year-round,148.9,33.0,1.083,16.5,1386.12
2022,8,Tomato,Bihar,Year-round,126.6,32.5,1.079,16.5,1379.24
2022,8,Tomato,West Bengal,Year-round,167.7,34.1,1.052,16.5,1381.05
2022,8,Tomato,Tamil Nadu,Year-round,142.4,32.8,1.109,16.5,1203.3
2022,8,Onion,Punjab,Rabi,188.3,20.6,1.022,16.5,1764.75
2022,8,Onion,Haryana,Rabi,139.8,23.9,1.068,16.5,1738.96
2022,8,Onion,UP,Rabi,204.8,27.2,1.074,16.5,1516.67
2022,8,Onion,Maharashtra,Rabi,212.4,22.2,1.013,16.5,1634.27
2022,8,Onion,Karnataka,Rabi,185.7,22.3,1.034,16.5,1748.61
2022,8,Onion,Andhra Pradesh,Rabi,199.4,22.2,1.005,16.5,1517.09
2022,8,Onion,Madhya Pradesh,Rabi,195.3,19.6,1.024,16.5,1506.33
2022,8,Onion,Rajasthan,Rabi,232.9,24.6,1.053,16.5,1539.31
2022,8,Onion,Gujarat,Rabi,199.5,21.1,1.075,16.5,1606.87
2022,8,Onion,Bihar,Rabi,176.8,21.3,1.076,16.5,1626.47
2022,8,Onion,West Bengal,Rabi,235.6,23.9,1.024,16.5,1550.32
2022,8,Onion,Tamil Nadu,Rabi,205.2,23.0,1.037,16.5,1514.32
2022,8,Soybean,Punjab,Kharif,305.4,18.0,0.998,16.5,5070.82
2022,8,Soybean,Haryana,Kharif,256.9,19.6,1.024,16.5,4802.1
2022,8,Soybean,UP,Kharif,289.0,18.3,1.053,16.5,5298.79
2022,8,Soybean,Maharashtra,Kharif,257.5,18.6,1.033,16.5,5110.11
2022,8,Soybean,Karnataka,Kharif,290.9,15.4,1.032,16.5,4737.58
2022,8,Soybean,Andhra Pradesh,Kharif,283.5,17.4,1.029,16.5,4555.02
2022,8,Soybean,Madhya Pradesh,Kharif,245.8,17.5,1.002,16.5,4653.41
2022,8,Soybean,Rajasthan,Kharif,270.0,17.7,1.079,16.5,5294.05
2022,8,Soybean,Gujarat,Kharif,267.7,15.0,1.068,16.5,5165.49
2022,8,Soybean,Bihar,Kharif,304.1,22.9,1.02,16.5,4820.25
2022,8,Soybean,West Bengal,Kharif,270.7,18.0,1.063,16.5,5042.89
2022,8,Soybean,Tamil Nadu,Kharif,327.0,15.8,1.052,16.5,4627.47
2022,8,Cotton,Punjab,Kharif,129.9,31.3,1.061,16.5,7811.93
2022,8,Cotton,Haryana,Kharif,137.0,30.2,1.148,16.5,7172.0
2022,8,Cotton,UP,Kharif,166.1,28.9,1.13,16.5,7820.98
2022,8,Cotton,Maharashtra,Kharif,115.2,31.1,1.065,16.5,7054.14
2022,8,Cotton,Karnataka,Kharif,126.1,31.0,1.139,16.5,7488.71
2022,8,Cotton,Andhra Pradesh,Kharif,141.3,33.0,1.101,16.5,7782.7
2022,8,Cotton,Madhya Pradesh,Kharif,162.8,29.4,1.094,16.5,7533.23
2022,8,Cotton,Rajasthan,Kharif,155.6,28.5,1.115,16.5,7079.08
2022,8,Cotton,Gujarat,Kharif,180.5,28.9,1.099,16.5,7888.2
2022,8,Cotton,Bihar,Kharif,176.7,29.7,1.093,16.5,7890.9
2022,8,Cotton,West Bengal,Kharif,177.3,31.5,1.111,16.5,7389.11
2022,8,Cotton,Tamil Nadu,Kharif,165.3,29.6,1.138,16.5,7256.03
2022,8,Sugarcane,Punjab,Year-round,239.2,30.0,1.021,16.5,384.5
2022,8,Sugarcane,Haryana,Year-round,269.4,30.3,1.044,16.5,342.94
2022,8,Sugarcane,UP,Year-round,255.2,27.9,1.105,16.5,334.6
2022,8,Sugarcane,Maharashtra,Year-round,204.5,26.6,1.055,16.5,381.53
2022,8,Sugarcane,Karnataka,Year-round,210.5,32.1,1.014,16.5,350.78
2022,8,Sugarcane,Andhra Pradesh,Year-round,205.2,29.1,1.06,16.5,354.4
2022,8,Sugarcane,Madhya Pradesh,Year-round,275.4,30.7,1.11,16.5,345.16
2022,8,Sugarcane,Rajasthan,Year-round,223.7,27.8,1.055,16.5,350.67
2022,8,Sugarcane,Gujarat,Year-round,227.0,30.0,1.087,16.5,366.19
2022,8,Sugarcane,Bihar,Year-round,228.0,30.7,1.047,16.5,340.9
2022,8,Sugarcane,West Bengal,Year-round,268.3,28.0,1.081,16.5,381.8
2022,8,Sugarcane,Tamil Nadu,Year-round,269.5,29.7,1.08,16.5,367.59
2022,8,Chilli,Punjab,Kharif,206.5,24.6,0.967,16.5,7677.18
2022,8,Chilli,Haryana,Kharif,198.8,25.2,1.026,16.5,8108.0
2022,8,Chilli,UP,Kharif,197.6,26.2,0.931,16.5,7629.91
2022,8,Chilli,Maharashtra,Kharif,195.8,24.8,1.022,16.5,8704.82
2022,8,Chilli,Karnataka,Kharif,177.8,25.1,0.953,16.5,7628.45
2022,8,Chilli,Andhra Pradesh,Kharif,169.2,23.1,0.996,16.5,8455.04
2022,8,Chilli,Madhya Pradesh,Kharif,188.0,25.4,0.967,16.5,7697.65
2022,8,Chilli,Rajasthan,Kharif,182.5,24.5,0.976,16.5,7831.79
2022,8,Chilli,Gujarat,Kharif,190.5,24.7,0.938,16.5,7878.95
2022,8,Chilli,Bihar,Kharif,198.8,22.1,1.026,16.5,7707.85
2022,8,Chilli,West Bengal,Kharif,152.6,22.4,0.962,16.5,7490.31
2022,8,Chilli,Tamil Nadu,Kharif,183.1,25.6,0.966,16.5,7875.6
2022,8,Gram,Punjab,Rabi,170.6,31.7,0.884,16.5,5158.24
2022,8,Gram,Haryana,Rabi,194.5,36.0,0.879,16.5,4704.66
2022,8,Gram,UP,Rabi,163.9,33.1,0.933,16.5,5324.16
2022,8,Gram,Maharashtra,Rabi,162.0,31.8,0.88,16.5,4931.39
2022,8,Gram,Karnataka,Rabi,173.8,32.4,0.861,16.5,4719.45
2022,8,Gram,Andhra Pradesh,Rabi,136.6,32.0,0.921,16.5,5242.5
2022,8,Gram,Madhya Pradesh,Rabi,137.4,30.3,0.881,16.5,5338.57
2022,8,Gram,Rajasthan,Rabi,143.0,35.7,0.875,16.5,5215.03
2022,8,Gram,Gujarat,Rabi,166.4,32.0,0.911,16.5,5261.24
2022,8,Gram,Bihar,Rabi,151.3,32.6,0.909,16.5,4690.75
2022,8,Gram,West Bengal,Rabi,146.8,33.4,0.902,16.5,5151.03
2022,8,Gram,Tamil Nadu,Rabi,160.8,33.2,0.854,16.5,4710.33
2022,8,Mustard,Punjab,Rabi,140.8,34.0,0.977,16.5,5635.79
2022,8,Mustard,Haryana,Rabi,147.0,35.1,0.937,16.5,5609.67
2022,8,Mustard,UP,Rabi,128.7,35.7,0.968,16.5,5316.04
2022,8,Mustard,Maharashtra,Rabi,118.2,36.4,0.97,16.5,5824.88
2022,8,Mustard,Karnataka,Rabi,96.3,33.9,0.922,16.5,5485.48
2022,8,Mustard,Andhra Pradesh,Rabi,122.2,41.3,0.971,16.5,5519.77
2022,8,Mustard,Madhya Pradesh,Rabi,103.0,37.9,0.958,16.5,5336.53
2022,8,Mustard,Rajasthan,Rabi,147.8,35.5,0.905,16.5,5146.97
2022,8,Mustard,Gujarat,Rabi,137.7,37.6,0.905,16.5,5607.5
2022,8,Mustard,Bihar,Rabi,127.5,38.7,0.955,16.5,5339.2
2022,8,Mustard,West Bengal,Rabi,167.4,36.6,0.917,16.5,5740.83
2022,8,Mustard,Tamil Nadu,Rabi,119.1,37.6,0.913,16.5,5511.11
2022,9,Wheat,Punjab,Rabi,258.9,37.5,0.984,16.5,2653.6
2022,9,Wheat,Haryana,Rabi,255.8,35.3,0.973,16.5,2568.11
2022,9,Wheat,UP,Rabi,281.1,34.1,1.034,16.5,2575.43
2022,9,Wheat,Maharashtra,Rabi,290.6,33.7,1.037,16.5,2688.84
2022,9,Wheat,Karnataka,Rabi,292.0,34.9,0.965,16.5,2337.49
2022,9,Wheat,Andhra Pradesh,Rabi,257.9,35.4,0.99,16.5,2674.59
2022,9,Wheat,Madhya Pradesh,Rabi,283.3,31.7,0.993,16.5,2431.49
2022,9,Wheat,Rajasthan,Rabi,303.1,35.1,1.027,16.5,2493.8
2022,9,Wheat,Gujarat,Rabi,268.5,35.8,1.015,16.5,2427.84
2022,9,Wheat,Bihar,Rabi,277.1,34.3,0.954,16.5,2308.94
2022,9,Wheat,West Bengal,Rabi,282.5,36.8,0.951,16.5,2686.82
2022,9,Wheat,Tamil Nadu,Rabi,269.8,30.7,0.962,16.5,2430.92
2022,9,Rice,Punjab,Kharif,322.9,39.0,0.864,16.5,2344.18
2022,9,Rice,Haryana,Kharif,313.2,38.8,0.863,16.5,2480.31
2022,9,Rice,UP,Kharif,269.7,35.6,0.871,16.5,2626.23
2022,9,Rice,Maharashtra,Kharif,310.8,40.0,0.85,16.5,2606.44
2022,9,Rice,Karnataka,Kharif,310.8,37.2,0.882,16.5,2431.82
2022,9,Rice,Andhra Pradesh,Kharif,294.2,37.1,0.908,16.5,2295.42
2022,9,Rice,Madhya Pradesh,Kharif,347.3,38.3,0.931,16.5,2287.47
2022,9,Rice,Rajasthan,Kharif,299.7,39.2,0.887,16.5,2530.67
2022,9,Rice,Gujarat,Kharif,324.1,38.4,0.923,16.5,2639.81
2022,9,Rice,Bihar,Kharif,301.8,40.4,0.936,16.5,2499.68
2022,9,Rice,West Bengal,Kharif,284.9,39.1,0.857,16.5,2366.28
2022,9,Rice,Tamil Nadu,Kharif,337.6,34.1,0.897,16.5,2479.28
2022,9,Maize,Punjab,Kharif,229.7,34.6,0.959,16.5,2281.67
2022,9,Maize,Haryana,Kharif,210.1,35.0,0.969,16.5,2155.08
2022,9,Maize,UP,Kharif,204.4,37.9,0.967,16.5,2289.86
2022,9,Maize,Maharashtra,Kharif,204.8,36.6,0.978,16.5,2442.38
2022,9,Maize,Karnataka,Kharif,209.3,32.7,0.959,16.5,2155.54
2022,9,Maize,Andhra Pradesh,Kharif,188.9,34.5,0.954,16.5,2174.53
2022,9,Maize,Madhya Pradesh,Kharif,192.6,37.4,0.991,16.5,2433.17
2022,9,Maize,Rajasthan,Kharif,218.0,36.6,0.991,16.5,2362.38
2022,9,Maize,Gujarat,Kharif,161.7,35.3,0.962,16.5,2420.74
2022,9,Maize,Bihar,Kharif,177.8,37.0,0.938,16.5,2335.59
2022,9,Maize,West Bengal,Kharif,216.6,35.8,0.909,16.5,2323.76
2022,9,Maize,Tamil Nadu,Kharif,220.4,33.4,0.983,16.5,2208.63
2022,9,Potato,Punjab,Rabi,108.0,30.3,1.102,16.5,926.71
2022,9,Potato,Haryana,Rabi,91.5,27.7,1.175,16.5,1053.84
2022,9,Potato,UP,Rabi,79.8,29.3,1.114,16.5,983.73
2022,9,Potato,Maharashtra,Rabi,57.4,26.8,1.141,16.5,1045.69
2022,9,Potato,Karnataka,Rabi,91.2,30.8,1.114,16.5,979.89
2022,9,Potato,Andhra Pradesh,Rabi,110.7,27.2,1.17,16.5,1060.6
2022,9,Potato,Madhya Pradesh,Rabi,118.4,28.9,1.114,16.5,1051.74
2022,9,Potato,Rajasthan,Rabi,69.5,25.4,1.091,16.5,1020.86
2022,9,Potato,Gujarat,Rabi,99.0,29.1,1.071,16.5,923.67
2022,9,Potato,Bihar,Rabi,118.4,27.7,1.087,16.5,948.86
2022,9,Potato,West Bengal,Rabi,104.8,28.8,1.072,16.5,926.63
2022,9,Potato,Tamil Nadu,Rabi,61.2,29.4,1.094,16.5,973.33
2022,9,Tomato,Punjab,Year-round,205.2,26.0,1.004,16.5,1269.07
2022,9,Tomato,Haryana,Year-round,184.8,30.5,0.961,16.5,1286.39
2022,9,Tomato,UP,Year-round,232.5,28.7,1.001,16.5,1164.88
2022,9,Tomato,Maharashtra,Year-round,211.8,27.9,1.011,16.5,1177.28
2022,9,Tomato,Karnataka,Year-round,213.0,31.9,0.939,16.5,1232.15
2022,9,Tomato,Andhra Pradesh,Year-round,178.2,27.4,0.977,16.5,1121.34
2022,9,Tomato,Madhya Pradesh,Year-round,192.0,27.5,0.927,16.5,1221.01
2022,9,Tomato,Rajasthan,Year-round,177.0,25.5,0.927,16.5,1119.38
2022,9,Tomato,Gujarat,Year-round,182.0,28.4,1.011,16.5,1219.03
2022,9,Tomato,Bihar,Year-round,201.2,24.3,0.966,16.5,1250.57
2022,9,Tomato,West Bengal,Year-round,171.1,23.7,0.967,16.5,1164.28
2022,9,Tomato,Tamil Nadu,Year-round,197.6,27.1,0.981,16.5,1262.18
2022,9,Onion,Punjab,Rabi,203.3,19.3,0.905,16.5,1426.14
2022,9,Onion,Haryana,Rabi,191.4,22.4,0.855,16.5,1362.58
2022,9,Onion,UP,Rabi,164.8,22.5,0.895,16.5,1523.81
2022,9,Onion,Maharashtra,Rabi,176.9,22.5,0.919,16.5,1492.85
2022,9,Onion,Karnataka,Rabi,179.1,18.3,0.891,16.5,1392.53
2022,9,Onion,Andhra Pradesh,Rabi,138.8,24.5,0.88,16.5,1403.0
2022,9,Onion,Madhya Pradesh,Rabi,144.0,21.4,0.901,16.5,1514.79
2022,9,Onion,Rajasthan,Rabi,164.2,20.8,0.841,16.5,1375.8
2022,9,Onion,Gujarat,Rabi,196.7,20.8,0.879,16.5,1448.3
2022,9,Onion,Bihar,Rabi,193.7,24.2,0.904,16.5,1366.25
2022,9,Onion,West Bengal,Rabi,187.4,19.4,0.868,16.5,1444.95
2022,9,Onion,Tamil Nadu,Rabi,173.2,22.7,0.888,16.5,1404.17
2022,9,Soybean,Punjab,Kharif,203.0,38.0,1.013,16.5,4654.95
2022,9,Soybean,Haryana,Kharif,181.7,39.6,0.945,16.5,4671.35
2022,9,Soybean,UP,Kharif,181.5,39.7,0.929,16.5,5000.26
2022,9,Soybean,Maharashtra,Kharif,202.2,37.6,0.973,16.5,4427.28
2022,9,Soybean,Karnataka,Kharif,203.4,39.6,0.932,16.5,4704.17
2022,9,Soybean,Andhra Pradesh,Kharif,194.9,40.9,0.925,16.5,4885.44
2022,9,Soybean,Madhya Pradesh,Kharif,186.0,44.2,0.975,16.5,4534.38
2022,9,Soybean,Rajasthan,Kharif,161.4,40.9,0.962,16.5,4534.62
2022,9,Soybean,Gujarat,Kharif,172.2,39.7,0.944,16.5,4638.46
2022,9,Soybean,Bihar,Kharif,181.2,38.7,0.983,16.5,4510.79
2022,9,Soybean,West Bengal,Kharif,178.4,43.4,0.929,16.5,4913.83
2022,9,Soybean,Tamil Nadu,Kharif,194.7,37.2,1.012,16.5,5085.78
2022,9,Cotton,Punjab,Kharif,253.6,37.1,1.029,16.5,7645.69
2022,9,Cotton,Haryana,Kharif,240.7,40.1,1.027,16.5,8092.44
2022,9,Cotton,UP,Kharif,231.5,36.4,1.033,16.5,7747.01
2022,9,Cotton,Maharashtra,Kharif,271.7,38.7,1.065,16.5,8733.85
2022,9,Cotton,Karnataka,Kharif,250.2,35.7,1.038,16.5,8386.23
2022,9,Cotton,Andhra Pradesh,Kharif,245.4,34.6,1.073,16.5,7915.85
2022,9,Cotton,Madhya Pradesh,Kharif,220.0,34.6,1.05,16.5,7778.72
2022,9,Cotton,Rajasthan,Kharif,236.9,39.2,1.12,16.5,8893.56
2022,9,Cotton,Gujarat,Kharif,270.1,35.7,1.09,16.5,8604.66
2022,9,Cotton,Bihar,Kharif,292.6,38.3,1.062,16.5,7954.62
2022,9,Cotton,West Bengal,Kharif,227.4,33.7,1.015,16.5,7868.91
2022,9,Cotton,Tamil Nadu,Kharif,264.8,37.8,1.075,16.5,8848.01
2022,9,Sugarcane,Punjab,Year-round,148.6,30.7,1.107,16.5,404.61
2022,9,Sugarcane,Haryana,Year-round,132.2,34.7,1.147,16.5,365.29
2022,9,Sugarcane,UP,Year-round,178.7,29.9,1.119,16.5,360.53
2022,9,Sugarcane,Maharashtra,Year-round,157.6,35.1,1.148,16.5,354.47
2022,9,Sugarcane,Karnataka,Year-round,168.7,33.0,1.146,16.5,402.5
2022,9,Sugarcane,Andhra Pradesh,Year-round,157.4,33.5,1.104,16.5,408.0
2022,9,Sugarcane,Madhya Pradesh,Year-round,156.3,33.8,1.083,16.5,362.63
2022,9,Sugarcane,Rajasthan,Year-round,146.7,36.8,1.061,16.5,370.47
2022,9,Sugarcane,Gujarat,Year-round,135.0,35.2,1.108,16.5,358.33
2022,9,Sugarcane,Bihar,Year-round,137.7,33.9,1.063,16.5,396.36
2022,9,Sugarcane,West Bengal,Year-round,138.2,33.8,1.093,16.5,385.68
2022,9,Sugarcane,Tamil Nadu,Year-round,150.0,34.2,1.061,16.5,402.66
2022,9,Chilli,Punjab,Kharif,159.2,29.5,1.035,16.5,7977.26
2022,9,Chilli,Haryana,Kharif,166.6,28.2,1.003,16.5,9151.97
2022,9,Chilli,UP,Kharif,187.4,34.2,0.997,16.5,8137.04
2022,9,Chilli,Maharashtra,Kharif,191.9,27.0,1.023,16.5,8761.26
2022,9,Chilli,Karnataka,Kharif,157.6,26.9,1.02,16.5,9138.46
2022,9,Chilli,Andhra Pradesh,Kharif,166.1,29.0,0.983,16.5,8927.64
2022,9,Chilli,Madhya Pradesh,Kharif,151.7,24.8,1.05,16.5,8927.95
2022,9,Chilli,Rajasthan,Kharif,160.0,26.2,1.075,16.5,8107.84
2022,9,Chilli,Gujarat,Kharif,165.5,31.5,1.054,16.5,8627.07
2022,9,Chilli,Bihar,Kharif,108.2,30.2,1.062,16.5,9136.38
2022,9,Chilli,West Bengal,Kharif,158.2,25.8,1.055,16.5,9128.13
2022,9,Chilli,Tamil Nadu,Kharif,188.8,25.8,1.001,16.5,8535.34
2022,9,Gram,Punjab,Rabi,243.1,34.2,1.116,16.5,6691.92
2022,9,Gram,Haryana,Rabi,200.6,28.7,1.113,16.5,6560.53
2022,9,Gram,UP,Rabi,242.7,30.0,1.148,16.5,7451.64
2022,9,Gram,Maharashtra,Rabi,202.6,29.3,1.086,16.5,6635.76
2022,9,Gram,Karnataka,Rabi,243.4,31.9,1.111,16.5,7265.65
2022,9,Gram,Andhra Pradesh,Rabi,230.2,31.6,1.132,16.5,6659.3
2022,9,Gram,Madhya Pradesh,Rabi,217.0,28.8,1.1,16.5,6456.09
2022,9,Gram,Rajasthan,Rabi,202.1,31.6,1.072,16.5,7278.24
2022,9,Gram,Gujarat,Rabi,212.3,29.4,1.127,16.5,6690.27
2022,9,Gram,Bihar,Rabi,217.5,33.2,1.083,16.5,6641.2
2022,9,Gram,West Bengal,Rabi,222.8,34.4,1.048,16.5,6830.76
2022,9,Gram,Tamil Nadu,Rabi,230.4,37.1,1.055,16.5,7395.97
2022,9,Mustard,Punjab,Rabi,134.1,30.3,0.913,16.5,5775.42
2022,9,Mustard,Haryana,Rabi,151.0,28.3,0.919,16.5,6377.73
2022,9,Mustard,UP,Rabi,145.7,27.8,0.981,16.5,6410.88
2022,9,Mustard,Maharashtra,Rabi,141.1,25.1,0.91,16.5,6237.15
2022,9,Mustard,Karnataka,Rabi,185.2,26.6,0.968,16.5,6374.59
2022,9,Mustard,Andhra Pradesh,Rabi,168.0,30.8,0.948,16.5,6363.22
2022,9,Mustard,Madhya Pradesh,Rabi,162.8,27.6,0.981,16.5,6103.44
2022,9,Mustard,Rajasthan,Rabi,162.3,30.5,0.954,16.5,5960.67
2022,9,Mustard,Gujarat,Rabi,187.9,25.8,0.917,16.5,5733.23
2022,9,Mustard,Bihar,Rabi,191.1,33.2,0.912,16.5,6172.67
2022,9,Mustard,West Bengal,Rabi,161.4,29.4,0.918,16.5,6667.46
2022,9,Mustard,Tamil Nadu,Rabi,158.8,25.7,0.928,16.5,5922.43
2022,10,Wheat,Punjab,Rabi,149.1,34.6,0.814,16.5,2265.75
2022,10,Wheat,Haryana,Rabi,112.8,34.7,0.821,16.5,2321.87
2022,10,Wheat,UP,Rabi,174.8,35.4,0.819,16.5,2222.42
2022,10,Wheat,Maharashtra,Rabi,120.1,36.1,0.814,16.5,2316.53
2022,10,Wheat,Karnataka,Rabi,163.5,37.2,0.852,16.5,1983.59
2022,10,Wheat,Andhra Pradesh,Rabi,108.2,36.1,0.826,16.5,2183.19
2022,10,Wheat,Madhya Pradesh,Rabi,163.4,34.8,0.878,16.5,2257.2
2022,10,Wheat,Rajasthan,Rabi,117.9,35.5,0.895,16.5,2303.4
2022,10,Wheat,Gujarat,Rabi,137.3,37.7,0.895,16.5,2055.66
2022,10,Wheat,Bihar,Rabi,134.2,37.2,0.882,16.5,2221.9
2022,10,Wheat,West Bengal,Rabi,116.2,37.0,0.886,16.5,2178.77
2022,10,Wheat,Tamil Nadu,Rabi,133.5,35.5,0.858,16.5,2163.11
2022,10,Rice,Punjab,Kharif,187.1,25.0,0.856,16.5,2357.26
2022,10,Rice,Haryana,Kharif,172.9,24.2,0.915,16.5,2161.33
2022,10,Rice,UP,Kharif,168.4,22.1,0.883,16.5,2177.69
2022,10,Rice,Maharashtra,Kharif,193.7,19.6,0.857,16.5,2282.46
2022,10,Rice,Karnataka,Kharif,191.2,28.6,0.903,16.5,2082.59
2022,10,Rice,Andhra Pradesh,Kharif,176.1,25.1,0.843,16.5,2308.98
2022,10,Rice,Madhya Pradesh,Kharif,183.0,27.2,0.903,16.5,2302.06
2022,10,Rice,Rajasthan,Kharif,186.6,21.4,0.864,16.5,2191.28
2022,10,Rice,Gujarat,Kharif,112.7,20.8,0.895,16.5,2239.16
2022,10,Rice,Bihar,Kharif,151.8,22.6,0.849,16.5,2085.16
2022,10,Rice,West Bengal,Kharif,156.4,21.7,0.876,16.5,2317.05
2022,10,Rice,Tamil Nadu,Kharif,201.1,25.9,0.919,16.5,2288.45
2022,10,Maize,Punjab,Kharif,169.4,24.2,0.849,16.5,2324.88
2022,10,Maize,Haryana,Kharif,136.3,21.9,0.9,16.5,2409.94
2022,10,Maize,UP,Kharif,159.2,20.6,0.903,16.5,2562.83
2022,10,Maize,Maharashtra,Kharif,131.0,21.5,0.871,16.5,2534.16
2022,10,Maize,Karnataka,Kharif,135.4,23.3,0.924,16.5,2563.68
2022,10,Maize,Andhra Pradesh,Kharif,141.2,19.7,0.842,16.5,2544.85
2022,10,Maize,Madhya Pradesh,Kharif,176.2,19.1,0.897,16.5,2463.96
2022,10,Maize,Rajasthan,Kharif,118.2,20.7,0.85,16.5,2421.29
2022,10,Maize,Gujarat,Kharif,172.9,20.9,0.918,16.5,2420.4
2022,10,Maize,Bihar,Kharif,118.3,20.1,0.887,16.5,2288.82
2022,10,Maize,West Bengal,Kharif,126.2,22.3,0.845,16.5,2400.67
2022,10,Maize,Tamil Nadu,Kharif,130.2,16.5,0.842,16.5,2476.92
2022,10,Potato,Punjab,Rabi,235.0,23.3,0.937,16.5,972.77
2022,10,Potato,Haryana,Rabi,253.7,26.8,0.998,16.5,917.6
2022,10,Potato,UP,Rabi,231.2,25.2,0.958,16.5,994.86
2022,10,Potato,Maharashtra,Rabi,233.6,20.1,0.944,16.5,1008.72
2022,10,Potato,Karnataka,Rabi,211.2,22.3,0.992,16.5,1021.41
2022,10,Potato,Andhra Pradesh,Rabi,235.1,24.3,0.989,16.5,918.84
2022,10,Potato,Madhya Pradesh,Rabi,248.1,24.0,0.935,16.5,934.26
2022,10,Potato,Rajasthan,Rabi,257.2,23.9,0.991,16.5,1022.98
2022,10,Potato,Gujarat,Rabi,222.5,23.6,0.992,16.5,912.28
2022,10,Potato,Bihar,Rabi,251.7,25.2,0.988,16.5,944.03
2022,10,Potato,West Bengal,Rabi,242.1,23.4,0.978,16.5,897.61
2022,10,Potato,Tamil Nadu,Rabi,237.5,24.2,0.987,16.5,949.96
2022,10,Tomato,Punjab,Year-round,224.9,22.7,1.013,16.5,1429.22
2022,10,Tomato,Haryana,Year-round,183.2,22.0,1.075,16.5,1389.97
2022,10,Tomato,UP,Year-round,180.9,20.2,1.053,16.5,1467.4
2022,10,Tomato,Maharashtra,Year-round,186.9,19.4,1.021,16.5,1468.48
2022,10,Tomato,Karnataka,Year-round,149.2,23.4,1.032,16.5,1405.1
2022,10,Tomato,Andhra Pradesh,Year-round,166.0,21.4,1.078,16.5,1440.21
2022,10,Tomato,Madhya Pradesh,Year-round,163.8,20.1,1.027,16.5,1562.79
2022,10,Tomato,Rajasthan,Year-round,195.2,21.2,1.017,16.5,1395.2
2022,10,Tomato,Gujarat,Year-round,178.6,18.3,1.098,16.5,1390.64
2022,10,Tomato,Bihar,Year-round,176.8,19.7,1.04,16.5,1493.74
2022,10,Tomato,West Bengal,Year-round,223.7,19.5,1.067,16.5,1497.56
2022,10,Tomato,Tamil Nadu,Year-round,206.6,21.5,1.05,16.5,1556.69
2022,10,Onion,Punjab,Rabi,89.2,25.1,0.871,16.5,1561.04
2022,10,Onion,Haryana,Rabi,53.2,26.9,0.829,16.5,1514.13
2022,10,Onion,UP,Rabi,58.7,22.1,0.908,16.5,1441.8
2022,10,Onion,Maharashtra,Rabi,43.9,23.8,0.875,16.5,1580.39
2022,10,Onion,Karnataka,Rabi,83.6,18.0,0.838,16.5,1598.78
2022,10,Onion,Andhra Pradesh,Rabi,41.8,22.1,0.903,16.5,1487.71
2022,10,Onion,Madhya Pradesh,Rabi,74.8,25.8,0.887,16.5,1400.63
2022,10,Onion,Rajasthan,Rabi,89.7,25.2,0.838,16.5,1431.45
2022,10,Onion,Gujarat,Rabi,56.3,23.5,0.836,16.5,1416.98
2022,10,Onion,Bihar,Rabi,86.3,22.3,0.901,16.5,1549.88
2022,10,Onion,West Bengal,Rabi,77.2,22.5,0.86,16.5,1543.54
2022,10,Onion,Tamil Nadu,Rabi,83.2,24.1,0.891,16.5,1469.12
2022,10,Soybean,Punjab,Kharif,90.1,19.5,0.961,16.5,4821.09
2022,10,Soybean,Haryana,Kharif,115.0,20.1,0.964,16.5,4619.66
2022,10,Soybean,UP,Kharif,148.2,26.2,0.942,16.5,4873.02
2022,10,Soybean,Maharashtra,Kharif,118.7,21.3,0.904,16.5,4454.14
2022,10,Soybean,Karnataka,Kharif,102.9,20.9,0.976,16.5,4906.11
2022,10,Soybean,Andhra Pradesh,Kharif,112.2,19.2,0.913,16.5,4885.06
2022,10,Soybean,Madhya Pradesh,Kharif,111.0,22.2,0.952,16.5,4714.0
2022,10,Soybean,Rajasthan,Kharif,120.0,20.7,0.966,16.5,5096.16
2022,10,Soybean,Gujarat,Kharif,157.3,24.5,0.947,16.5,4992.06
2022,10,Soybean,Bihar,Kharif,122.0,22.5,0.955,16.5,4996.2
2022,10,Soybean,West Bengal,Kharif,129.8,23.6,0.901,16.5,4828.73
2022,10,Soybean,Tamil Nadu,Kharif,127.4,23.8,0.966,16.5,4922.8
2022,10,Cotton,Punjab,Kharif,167.9,24.7,1.129,16.5,8657.52
2022,10,Cotton,Haryana,Kharif,155.8,27.7,1.12,16.5,8422.3
2022,10,Cotton,UP,Kharif,178.0,29.2,1.088,16.5,8449.29
2022,10,Cotton,Maharashtra,Kharif,167.9,30.6,1.143,16.5,8734.91
2022,10,Cotton,Karnataka,Kharif,164.7,30.3,1.098,16.5,8624.09
2022,10,Cotton,Andhra Pradesh,Kharif,161.1,24.3,1.104,16.5,7873.5
2022,10,Cotton,Madhya Pradesh,Kharif,161.6,29.2,1.098,16.5,7764.47
2022,10,Cotton,Rajasthan,Kharif,181.0,24.9,1.107,16.5,8012.01
2022,10,Cotton,Gujarat,Kharif,132.8,27.9,1.071,16.5,8204.8
2022,10,Cotton,Bihar,Kharif,152.8,30.5,1.063,16.5,8126.7
2022,10,Cotton,West Bengal,Kharif,142.2,31.3,1.054,16.5,7561.65
2022,10,Cotton,Tamil Nadu,Kharif,160.3,24.7,1.074,16.5,8321.35
2022,10,Sugarcane,Punjab,Year-round,162.4,29.0,0.941,16.5,301.41
2022,10,Sugarcane,Haryana,Year-round,145.2,24.8,0.956,16.5,327.93
2022,10,Sugarcane,UP,Year-round,176.6,25.6,0.98,16.5,309.06
2022,10,Sugarcane,Maharashtra,Year-round,99.4,25.1,0.922,16.5,313.64
2022,10,Sugarcane,Karnataka,Year-round,152.3,27.1,0.93,16.5,329.07
2022,10,Sugarcane,Andhra Pradesh,Year-round,172.3,28.4,0.964,16.5,342.54
2022,10,Sugarcane,Madhya Pradesh,Year-round,127.1,27.8,0.927,16.5,331.22
2022,10,Sugarcane,Rajasthan,Year-round,145.4,26.8,0.985,16.5,313.9
2022,10,Sugarcane,Gujarat,Year-round,139.0,29.7,0.978,16.5,299.5
2022,10,Sugarcane,Bihar,Year-round,159.2,25.7,0.969,16.5,324.18
2022,10,Sugarcane,West Bengal,Year-round,162.3,27.5,0.972,16.5,313.38
2022,10,Sugarcane,Tamil Nadu,Year-round,100.8,26.6,0.927,16.5,334.23
2022,10,Chilli,Punjab,Kharif,117.7,42.3,0.955,16.5,9427.53
2022,10,Chilli,Haryana,Kharif,75.1,44.0,0.97,16.5,9375.02
2022,10,Chilli,UP,Kharif,103.4,39.9,0.968,16.5,8990.02
2022,10,Chilli,Maharashtra,Kharif,61.5,39.7,0.943,16.5,8714.89
2022,10,Chilli,Karnataka,Kharif,132.0,44.4,1.022,16.5,8645.61
2022,10,Chilli,Andhra Pradesh,Kharif,150.5,43.7,0.969,16.5,8580.66
2022,10,Chilli,Madhya Pradesh,Kharif,101.4,43.3,0.984,16.5,9625.71
2022,10,Chilli,Rajasthan,Kharif,92.7,41.6,0.961,16.5,8920.33
2022,10,Chilli,Gujarat,Kharif,106.3,43.4,0.982,16.5,9357.45
2022,10,Chilli,Bihar,Kharif,106.9,44.3,0.946,16.5,8504.59
2022,10,Chilli,West Bengal,Kharif,93.6,41.8,0.988,16.5,9116.79
2022,10,Chilli,Tamil Nadu,Kharif,108.0,42.7,1.021,16.5,8583.92
2022,10,Gram,Punjab,Rabi,131.6,23.8,0.859,16.5,5776.25
2022,10,Gram,Haryana,Rabi,132.1,26.7,0.9,16.5,5861.05
2022,10,Gram,UP,Rabi,104.6,21.4,0.895,16.5,5992.52
2022,10,Gram,Maharashtra,Rabi,145.8,23.6,0.861,16.5,5786.56
2022,10,Gram,Karnataka,Rabi,123.5,22.6,0.854,16.5,5684.59
2022,10,Gram,Andhra Pradesh,Rabi,120.1,22.8,0.864,16.5,5790.82
2022,10,Gram,Madhya Pradesh,Rabi,137.2,24.6,0.868,16.5,5800.46
2022,10,Gram,Rajasthan,Rabi,120.7,26.2,0.885,16.5,5732.75
2022,10,Gram,Gujarat,Rabi,129.2,23.9,0.881,16.5,5501.91
2022,10,Gram,Bihar,Rabi,150.1,21.9,0.899,16.5,5293.45
2022,10,Gram,West Bengal,Rabi,137.6,21.7,0.849,16.5,5296.79
2022,10,Gram,Tamil Nadu,Rabi,107.8,26.4,0.855,16.5,5724.13
2022,10,Mustard,Punjab,Rabi,183.4,25.8,1.131,16.5,6705.95
2022,10,Mustard,Haryana,Rabi,199.8,23.9,1.034,16.5,6529.47
2022,10,Mustard,UP,Rabi,205.2,22.2,1.121,16.5,6936.78
2022,10,Mustard,Maharashtra,Rabi,235.2,24.0,1.101,16.5,7120.58
2022,10,Mustard,Karnataka,Rabi,192.6,24.4,1.029,16.5,7215.78
2022,10,Mustard,Andhra Pradesh,Rabi,175.3,24.4,1.112,16.5,6740.45
2022,10,Mustard,Madhya Pradesh,Rabi,197.2,22.5,1.103,16.5,6583.11
2022,10,Mustard,Rajasthan,Rabi,189.2,26.3,1.043,16.5,6726.35
2022,10,Mustard,Gujarat,Rabi,180.7,26.1,1.123,16.5,6440.63
2022,10,Mustard,Bihar,Rabi,171.1,20.5,1.039,16.5,6936.53
2022,10,Mustard,West Bengal,Rabi,223.7,23.8,1.047,16.5,6995.57
2022,10,Mustard,Tamil Nadu,Rabi,191.3,21.9,1.071,16.5,6661.43
2022,11,Wheat,Punjab,Rabi,115.3,30.5,1.068,16.5,2667.54
2022,11,Wheat,Haryana,Rabi,92.9,31.4,1.052,16.5,2934.3
2022,11,Wheat,UP,Rabi,149.6,30.7,1.068,16.5,2961.21
2022,11,Wheat,Maharashtra,Rabi,107.6,31.6,1.046,16.5,2716.55
2022,11,Wheat,Karnataka,Rabi,121.1,28.2,1.105,16.5,2577.77
2022,11,Wheat,Andhra Pradesh,Rabi,121.2,30.3,1.13,16.5,2891.19
2022,11,Wheat,Madhya Pradesh,Rabi,136.6,29.9,1.105,16.5,2885.85
2022,11,Wheat,Rajasthan,Rabi,123.8,27.7,1.033,16.5,2943.73
2022,11,Wheat,Gujarat,Rabi,134.4,29.9,1.13,16.5,2668.96
2022,11,Wheat,Bihar,Rabi,136.0,29.3,1.053,16.5,2751.66
2022,11,Wheat,West Bengal,Rabi,138.3,30.6,1.089,16.5,2620.77
2022,11,Wheat,Tamil Nadu,Rabi,117.2,29.5,1.122,16.5,2834.39
2022,11,Rice,Punjab,Kharif,121.4,27.1,1.006,16.5,2495.76
2022,11,Rice,Haryana,Kharif,153.2,29.3,1.053,16.5,2660.89
2022,11,Rice,UP,Kharif,153.6,26.7,1.099,16.5,2432.19
2022,11,Rice,Maharashtra,Kharif,163.7,25.0,1.054,16.5,2783.47
2022,11,Rice,Karnataka,Kharif,173.2,30.3,0.998,16.5,2703.13
2022,11,Rice,Andhra Pradesh,Kharif,151.9,27.5,1.092,16.5,2811.64
2022,11,Rice,Madhya Pradesh,Kharif,136.3,29.3,1.04,16.5,2620.09
2022,11,Rice,Rajasthan,Kharif,135.6,32.4,1.057,16.5,2553.49
2022,11,Rice,Gujarat,Kharif,184.7,31.0,1.003,16.5,2501.58
2022,11,Rice,Bihar,Kharif,183.2,32.4,0.997,16.5,2761.51
2022,11,Rice,West Bengal,Kharif,153.9,30.0,1.094,16.5,2559.05
2022,11,Rice,Tamil Nadu,Kharif,161.2,32.4,1.009,16.5,2699.05
2022,11,Maize,Punjab,Kharif,151.0,29.5,1.111,16.5,2899.05
2022,11,Maize,Haryana,Kharif,182.6,29.2,1.032,16.5,2551.19
2022,11,Maize,UP,Kharif,158.4,27.1,1.113,16.5,2850.22
2022,11,Maize,Maharashtra,Kharif,178.5,30.8,1.1,16.5,2827.77
2022,11,Maize,Karnataka,Kharif,153.1,28.6,1.056,16.5,2790.3
2022,11,Maize,Andhra Pradesh,Kharif,178.9,29.6,1.025,16.5,2845.69
2022,11,Maize,Madhya Pradesh,Kharif,179.0,27.2,1.059,16.5,2852.42
2022,11,Maize,Rajasthan,Kharif,146.5,32.4,1.031,16.5,2660.78
2022,11,Maize,Gujarat,Kharif,128.5,30.9,1.046,16.5,2900.65
2022,11,Maize,Bihar,Kharif,184.5,29.6,1.076,16.5,2502.74
2022,11,Maize,West Bengal,Kharif,154.9,32.2,1.097,16.5,2910.02
2022,11,Maize,Tamil Nadu,Kharif,115.7,30.3,1.052,16.5,2559.38
2022,11,Potato,Punjab,Rabi,137.0,29.8,1.031,16.5,962.06
2022,11,Potato,Haryana,Rabi,186.6,30.2,1.031,16.5,1019.72
2022,11,Potato,UP,Rabi,186.0,27.3,0.997,16.5,930.85
2022,11,Potato,Maharashtra,Rabi,156.1,31.6,1.025,16.5,890.86
2022,11,Potato,Karnataka,Rabi,181.2,29.3,1.044,16.5,897.43
2022,11,Potato,Andhra Pradesh,Rabi,142.2,30.0,1.029,16.5,1008.3
2022,11,Potato,Madhya Pradesh,Rabi,146.4,28.6,1.031,16.5,899.62
2022,11,Potato,Rajasthan,Rabi,142.0,27.7,1.002,16.5,890.34
2022,11,Potato,Gujarat,Rabi,175.6,24.4,0.962,16.5,1007.66
2022,11,Potato,Bihar,Rabi,145.0,26.8,1.004,16.5,914.31
2022,11,Potato,West Bengal,Rabi,138.2,30.0,0.98,16.5,917.06
2022,11,Potato,Tamil Nadu,Rabi,154.9,30.1,0.949,16.5,933.81
2022,11,Tomato,Punjab,Year-round,83.2,17.1,1.061,16.5,1437.85
2022,11,Tomato,Haryana,Year-round,98.7,17.2,1.131,16.5,1475.98
2022,11,Tomato,UP,Year-round,112.2,17.5,1.146,16.5,1511.62
2022,11,Tomato,Maharashtra,Year-round,150.9,21.9,1.104,16.5,1456.83
2022,11,Tomato,Karnataka,Year-round,116.0,16.8,1.094,16.5,1404.74
2022,11,Tomato,Andhra Pradesh,Year-round,107.7,18.6,1.145,16.5,1504.09
2022,11,Tomato,Madhya Pradesh,Year-round,95.6,18.6,1.122,16.5,1439.84
2022,11,Tomato,Rajasthan,Year-round,108.7,21.4,1.11,16.5,1384.89
2022,11,Tomato,Gujarat,Year-round,95.2,20.7,1.082,16.5,1506.26
2022,11,Tomato,Bihar,Year-round,119.4,16.7,1.077,16.5,1527.52
2022,11,Tomato,West Bengal,Year-round,128.5,13.0,1.116,16.5,1581.07
2022,11,Tomato,Tamil Nadu,Year-round,104.5,17.6,1.104,16.5,1405.54
2022,11,Onion,Punjab,Rabi,90.0,38.5,0.984,16.5,1785.89
2022,11,Onion,Haryana,Rabi,93.8,34.6,0.997,16.5,1932.92
2022,11,Onion,UP,Rabi,121.0,35.3,1.054,16.5,1863.7
2022,11,Onion,Maharashtra,Rabi,132.2,41.8,1.014,16.5,1902.71
2022,11,Onion,Karnataka,Rabi,117.2,38.8,0.965,16.5,1953.24
2022,11,Onion,Andhra Pradesh,Rabi,102.1,37.0,1.006,16.5,1971.61
2022,11,Onion,Madhya Pradesh,Rabi,73.5,39.0,1.016,16.5,1915.56
2022,11,Onion,Rajasthan,Rabi,127.6,39.1,0.972,16.5,1795.27
2022,11,Onion,Gujarat,Rabi,64.8,40.0,1.061,16.5,1866.32
2022,11,Onion,Bihar,Rabi,51.0,39.7,0.983,16.5,1867.67
2022,11,Onion,West Bengal,Rabi,134.6,40.9,0.978,16.5,1721.84
2022,11,Onion,Tamil Nadu,Rabi,97.3,38.5,0.985,16.5,1891.93
2022,11,Soybean,Punjab,Kharif,123.6,20.6,1.031,16.5,5438.33
2022,11,Soybean,Haryana,Kharif,152.7,22.0,1.039,16.5,5216.13
2022,11,Soybean,UP,Kharif,118.8,18.7,1.005,16.5,5210.41
2022,11,Soybean,Maharashtra,Kharif,114.3,23.7,0.988,16.5,5260.31
2022,11,Soybean,Karnataka,Kharif,107.7,23.0,1.019,16.5,5057.32
2022,11,Soybean,Andhra Pradesh,Kharif,122.5,23.9,0.99,16.5,5602.79
2022,11,Soybean,Madhya Pradesh,Kharif,112.7,21.3,1.004,16.5,5729.5
2022,11,Soybean,Rajasthan,Kharif,89.4,23.1,1.056,16.5,5632.98
2022,11,Soybean,Gujarat,Kharif,150.9,20.6,1.029,16.5,5577.94
2022,11,Soybean,Bihar,Kharif,127.6,25.5,1.056,16.5,5151.98
2022,11,Soybean,West Bengal,Kharif,100.2,24.2,1.022,16.5,5638.92
2022,11,Soybean,Tamil Nadu,Kharif,87.0,24.2,1.062,16.5,5844.13
2022,11,Cotton,Punjab,Kharif,76.7,24.7,1.0,16.5,7562.42
2022,11,Cotton,Haryana,Kharif,72.2,27.6,0.92,16.5,7190.47
2022,11,Cotton,UP,Kharif,44.8,27.4,0.92,16.5,7640.53
2022,11,Cotton,Maharashtra,Kharif,68.7,28.9,0.991,16.5,7754.15
2022,11,Cotton,Karnataka,Kharif,63.5,26.5,0.979,16.5,7165.58
2022,11,Cotton,Andhra Pradesh,Kharif,14.7,27.8,0.965,16.5,8022.43
2022,11,Cotton,Madhya Pradesh,Kharif,76.9,25.9,0.919,16.5,7817.63
2022,11,Cotton,Rajasthan,Kharif,53.8,26.3,0.993,16.5,7989.93
2022,11,Cotton,Gujarat,Kharif,29.1,27.5,0.996,16.5,7142.04
2022,11,Cotton,Bihar,Kharif,38.2,28.5,0.939,16.5,8054.73
2022,11,Cotton,West Bengal,Kharif,81.4,28.2,0.932,16.5,7644.19
2022,11,Cotton,Tamil Nadu,Kharif,29.2,27.2,0.977,16.5,7193.17
2022,11,Sugarcane,Punjab,Year-round,159.9,32.3,0.874,16.5,309.81
2022,11,Sugarcane,Haryana,Year-round,186.8,31.4,0.908,16.5,339.66
2022,11,Sugarcane,UP,Year-round,164.3,28.8,0.852,16.5,326.76
2022,11,Sugarcane,Maharashtra,Year-round,208.9,29.3,0.85,16.5,318.18
2022,11,Sugarcane,Karnataka,Year-round,197.9,28.9,0.912,16.5,360.8
2022,11,Sugarcane,Andhra Pradesh,Year-round,147.1,32.6,0.853,16.5,327.14
2022,11,Sugarcane,Madhya Pradesh,Year-round,174.2,33.9,0.829,16.5,319.89
2022,11,Sugarcane,Rajasthan,Year-round,169.9,28.0,0.882,16.5,327.38
2022,11,Sugarcane,Gujarat,Year-round,168.2,30.7,0.844,16.5,322.9
2022,11,Sugarcane,Bihar,Year-round,232.7,33.5,0.84,16.5,321.65
2022,11,Sugarcane,West Bengal,Year-round,204.2,34.0,0.83,16.5,340.29
2022,11,Sugarcane,Tamil Nadu,Year-round,181.6,29.6,0.838,16.5,349.0
2022,11,Chilli,Punjab,Kharif,163.9,27.6,1.002,16.5,8655.99
2022,11,Chilli,Haryana,Kharif,143.6,23.1,1.03,16.5,8921.3
2022,11,Chilli,UP,Kharif,136.2,25.6,1.022,16.5,8925.55
2022,11,Chilli,Maharashtra,Kharif,201.8,22.5,0.998,16.5,9437.81
2022,11,Chilli,Karnataka,Kharif,171.8,27.5,1.045,16.5,9859.28
2022,11,Chilli,Andhra Pradesh,Kharif,150.6,24.2,1.013,16.5,9870.52
2022,11,Chilli,Madhya Pradesh,Kharif,207.8,25.2,1.021,16.5,9159.95
2022,11,Chilli,Rajasthan,Kharif,151.6,24.7,0.976,16.5,9637.46
2022,11,Chilli,Gujarat,Kharif,194.6,23.1,0.969,16.5,9572.97
2022,11,Chilli,Bihar,Kharif,166.5,29.9,0.983,16.5,8914.29
2022,11,Chilli,West Bengal,Kharif,169.0,22.3,1.043,16.5,9239.6
2022,11,Chilli,Tamil Nadu,Kharif,144.0,23.3,0.967,16.5,9017.37
2022,11,Gram,Punjab,Rabi,136.4,27.8,1.075,16.5,7090.11
2022,11,Gram,Haryana,Rabi,126.0,30.7,1.036,16.5,6528.63
2022,11,Gram,UP,Rabi,106.3,30.4,1.034,16.5,6743.16
2022,11,Gram,Maharashtra,Rabi,116.7,26.0,1.023,16.5,6703.1
2022,11,Gram,Karnataka,Rabi,140.0,31.2,1.03,16.5,6412.47
2022,11,Gram,Andhra Pradesh,Rabi,174.8,31.9,1.063,16.5,6872.75
2022,11,Gram,Madhya Pradesh,Rabi,99.4,32.3,1.018,16.5,6153.35
2022,11,Gram,Rajasthan,Rabi,148.8,30.4,1.021,16.5,6487.68
2022,11,Gram,Gujarat,Rabi,119.9,29.6,1.071,16.5,6717.3
2022,11,Gram,Bihar,Rabi,140.4,29.5,1.075,16.5,6451.97
2022,11,Gram,West Bengal,Rabi,145.4,28.5,1.1,16.5,6204.33
2022,11,Gram,Tamil Nadu,Rabi,127.6,28.8,1.033,16.5,6957.71
2022,11,Mustard,Punjab,Rabi,162.3,33.7,1.096,16.5,7717.32
2022,11,Mustard,Haryana,Rabi,184.8,34.7,1.033,16.5,6811.29
2022,11,Mustard,UP,Rabi,191.9,32.7,1.007,16.5,7583.3
2022,11,Mustard,Maharashtra,Rabi,168.3,38.0,1.072,16.5,7381.43
2022,11,Mustard,Karnataka,Rabi,198.5,28.8,1.028,16.5,7690.21
2022,11,Mustard,Andhra Pradesh,Rabi,167.1,32.9,1.031,16.5,7762.14
2022,11,Mustard,Madhya Pradesh,Rabi,165.9,35.3,1.096,16.5,7071.74
2022,11,Mustard,Rajasthan,Rabi,171.7,36.2,1.033,16.5,7114.18
2022,11,Mustard,Gujarat,Rabi,138.7,32.9,1.03,16.5,7144.16
2022,11,Mustard,Bihar,Rabi,193.0,30.9,1.041,16.5,6841.2
2022,11,Mustard,West Bengal,Rabi,145.4,33.6,1.041,16.5,7447.21
2022,11,Mustard,Tamil Nadu,Rabi,158.2,32.8,1.04,16.5,7463.93
2022,12,Wheat,Punjab,Rabi,133.0,16.5,0.963,16.5,2328.67
2022,12,Wheat,Haryana,Rabi,118.2,14.3,1.005,16.5,2622.87
2022,12,Wheat,UP,Rabi,150.7,17.2,0.964,16.5,2545.68
2022,12,Wheat,Maharashtra,Rabi,115.4,14.1,1.026,16.5,2591.64
2022,12,Wheat,Karnataka,Rabi,156.6,18.6,1.03,16.5,2643.4
2022,12,Wheat,Andhra Pradesh,Rabi,153.2,18.5,1.008,16.5,2402.62
2022,12,Wheat,Madhya Pradesh,Rabi,151.6,18.3,0.988,16.5,2488.02
2022,12,Wheat,Rajasthan,Rabi,126.5,18.5,1.026,16.5,2592.81
2022,12,Wheat,Gujarat,Rabi,141.0,15.4,1.046,16.5,2349.41
2022,12,Wheat,Bihar,Rabi,138.4,19.8,1.041,16.5,2289.62
2022,12,Wheat,West Bengal,Rabi,144.4,18.1,1.039,16.5,2609.4
2022,12,Wheat,Tamil Nadu,Rabi,116.9,15.5,1.029,16.5,2345.25
2022,12,Rice,Punjab,Kharif,75.4,15.0,1.058,16.5,2820.54
2022,12,Rice,Haryana,Kharif,91.1,16.0,1.12,16.5,2890.06
2022,12,Rice,UP,Kharif,107.8,16.2,1.138,16.5,2937.31
2022,12,Rice,Maharashtra,Kharif,116.7,16.4,1.159,16.5,3153.45
2022,12,Rice,Karnataka,Kharif,117.2,19.9,1.161,16.5,3017.85
2022,12,Rice,Andhra Pradesh,Kharif,104.1,17.1,1.074,16.5,3038.39
2022,12,Rice,Madhya Pradesh,Kharif,93.6,17.8,1.142,16.5,3135.44
2022,12,Rice,Rajasthan,Kharif,106.6,14.5,1.161,16.5,3032.52
2022,12,Rice,Gujarat,Kharif,64.1,16.5,1.129,16.5,2996.35
2022,12,Rice,Bihar,Kharif,99.4,14.1,1.074,16.5,3192.62
2022,12,Rice,West Bengal,Kharif,120.0,16.6,1.103,16.5,2991.66
2022,12,Rice,Tamil Nadu,Kharif,99.8,17.9,1.132,16.5,3025.33
2022,12,Maize,Punjab,Kharif,89.4,16.0,0.991,16.5,2335.5
2022,12,Maize,Haryana,Kharif,80.6,17.5,0.956,16.5,2307.89
2022,12,Maize,UP,Kharif,99.0,15.8,0.917,16.5,2462.4
2022,12,Maize,Maharashtra,Kharif,92.1,16.4,0.927,16.5,2583.01
2022,12,Maize,Karnataka,Kharif,115.7,15.4,0.987,16.5,2549.76
2022,12,Maize,Andhra Pradesh,Kharif,81.7,19.9,1.0,16.5,2265.73
2022,12,Maize,Madhya Pradesh,Kharif,92.9,14.8,0.923,16.5,2347.22
2022,12,Maize,Rajasthan,Kharif,101.3,11.5,0.968,16.5,2498.56
2022,12,Maize,Gujarat,Kharif,64.2,11.1,0.97,16.5,2394.08
2022,12,Maize,Bihar,Kharif,53.5,13.1,0.952,16.5,2390.16
2022,12,Maize,West Bengal,Kharif,80.6,14.1,0.949,16.5,2316.15
2022,12,Maize,Tamil Nadu,Kharif,87.3,15.7,0.973,16.5,2474.26
2022,12,Potato,Punjab,Rabi,117.7,13.4,0.989,16.5,935.7
2022,12,Potato,Haryana,Rabi,141.0,15.1,1.004,16.5,984.13
2022,12,Potato,UP,Rabi,123.4,11.5,0.996,16.5,864.49
2022,12,Potato,Maharashtra,Rabi,114.9,12.9,0.991,16.5,955.88
2022,12,Potato,Karnataka,Rabi,122.6,14.1,0.996,16.5,872.0
2022,12,Potato,Andhra Pradesh,Rabi,123.3,13.3,1.006,16.5,950.29
2022,12,Potato,Madhya Pradesh,Rabi,133.3,9.0,1.04,16.5,959.15
2022,12,Potato,Rajasthan,Rabi,155.3,15.7,1.034,16.5,917.5
2022,12,Potato,Gujarat,Rabi,122.7,12.3,1.04,16.5,861.65
2022,12,Potato,Bihar,Rabi,130.9,14.1,0.96,16.5,910.94
2022,12,Potato,West Bengal,Rabi,158.3,13.7,0.986,16.5,891.75
2022,12,Potato,Tamil Nadu,Rabi,152.2,11.0,1.021,16.5,982.94
2022,12,Tomato,Punjab,Year-round,107.8,21.4,0.939,16.5,1283.98
2022,12,Tomato,Haryana,Year-round,80.8,18.1,0.949,16.5,1439.57
2022,12,Tomato,UP,Year-round,97.6,21.1,0.896,16.5,1367.72
2022,12,Tomato,Maharashtra,Year-round,112.0,21.8,0.913,16.5,1305.38
2022,12,Tomato,Karnataka,Year-round,71.1,19.2,0.911,16.5,1376.18
2022,12,Tomato,Andhra Pradesh,Year-round,102.6,13.7,0.892,16.5,1332.15
2022,12,Tomato,Madhya Pradesh,Year-round,72.4,17.0,0.968,16.5,1354.44
2022,12,Tomato,Rajasthan,Year-round,81.0,19.6,0.954,16.5,1283.91
2022,12,Tomato,Gujarat,Year-round,126.3,17.9,0.899,16.5,1469.23
2022,12,Tomato,Bihar,Year-round,80.2,16.0,0.913,16.5,1298.56
2022,12,Tomato,West Bengal,Year-round,135.0,17.2,0.899,16.5,1349.91
2022,12,Tomato,Tamil Nadu,Year-round,43.6,17.4,0.882,16.5,1271.78
2022,12,Onion,Punjab,Rabi,127.1,16.8,0.914,16.5,1479.33
2022,12,Onion,Haryana,Rabi,121.0,16.1,0.876,16.5,1564.94
2022,12,Onion,UP,Rabi,89.7,18.0,0.863,16.5,1640.24
2022,12,Onion,Maharashtra,Rabi,144.1,17.4,0.88,16.5,1667.74
2022,12,Onion,Karnataka,Rabi,114.0,15.5,0.916,16.5,1641.55
2022,12,Onion,Andhra Pradesh,Rabi,141.8,15.6,0.918,16.5,1685.84
2022,12,Onion,Madhya Pradesh,Rabi,121.7,19.0,0.915,16.5,1563.57
2022,12,Onion,Rajasthan,Rabi,144.8,16.5,0.883,16.5,1601.24
2022,12,Onion,Gujarat,Rabi,121.6,16.9,0.89,16.5,1483.57
2022,12,Onion,Bihar,Rabi,110.0,17.3,0.895,16.5,1521.72
2022,12,Onion,West Bengal,Rabi,113.9,17.0,0.914,16.5,1496.19
2022,12,Onion,Tamil Nadu,Rabi,95.0,16.8,0.866,16.5,1646.77
2022,12,Soybean,Punjab,Kharif,114.3,20.1,1.031,16.5,5505.29
2022,12,Soybean,Haryana,Kharif,86.8,14.3,0.978,16.5,5531.06
2022,12,Soybean,UP,Kharif,109.1,18.7,0.988,16.5,5759.8
2022,12,Soybean,Maharashtra,Kharif,108.6,13.8,1.007,16.5,6011.97
2022,12,Soybean,Karnataka,Kharif,118.7,17.2,0.985,16.5,5400.26
2022,12,Soybean,Andhra Pradesh,Kharif,47.4,16.8,1.002,16.5,5406.12
2022,12,Soybean,Madhya Pradesh,Kharif,140.8,22.0,1.008,16.5,5197.44
2022,12,Soybean,Rajasthan,Kharif,66.6,17.6,0.944,16.5,5998.44
2022,12,Soybean,Gujarat,Kharif,98.6,21.7,0.96,16.5,5499.36
2022,12,Soybean,Bihar,Kharif,120.4,16.2,0.96,16.5,5301.66
2022,12,Soybean,West Bengal,Kharif,106.7,18.4,0.949,16.5,5398.43
2022,12,Soybean,Tamil Nadu,Kharif,99.3,17.7,1.0,16.5,5206.21
2022,12,Cotton,Punjab,Kharif,125.6,10.2,0.948,16.5,6642.88
2022,12,Cotton,Haryana,Kharif,99.1,10.6,0.936,16.5,7123.77
2022,12,Cotton,UP,Kharif,110.7,8.9,0.906,16.5,7435.58
2022,12,Cotton,Maharashtra,Kharif,119.3,11.9,0.884,16.5,6810.1
2022,12,Cotton,Karnataka,Kharif,106.6,11.6,0.948,16.5,7055.35
2022,12,Cotton,Andhra Pradesh,Kharif,107.5,7.4,0.899,16.5,6726.15
2022,12,Cotton,Madhya Pradesh,Kharif,100.8,9.8,0.952,16.5,6978.85
2022,12,Cotton,Rajasthan,Kharif,109.4,13.7,0.909,16.5,6703.23
2022,12,Cotton,Gujarat,Kharif,146.3,12.9,0.872,16.5,6623.12
2022,12,Cotton,Bihar,Kharif,70.6,16.5,0.944,16.5,6428.66
2022,12,Cotton,West Bengal,Kharif,123.0,15.4,0.938,16.5,6515.25
2022,12,Cotton,Tamil Nadu,Kharif,155.5,15.3,0.947,16.5,6395.37
2022,12,Sugarcane,Punjab,Year-round,130.7,14.4,0.849,16.5,356.68
2022,12,Sugarcane,Haryana,Year-round,168.6,17.4,0.923,16.5,359.44
2022,12,Sugarcane,UP,Year-round,114.9,14.2,0.912,16.5,325.97
2022,12,Sugarcane,Maharashtra,Year-round,170.6,15.4,0.872,16.5,371.44
2022,12,Sugarcane,Karnataka,Year-round,156.7,16.1,0.868,16.5,337.59
2022,12,Sugarcane,Andhra Pradesh,Year-round,129.5,15.5,0.905,16.5,350.75
2022,12,Sugarcane,Madhya Pradesh,Year-round,171.7,11.7,0.86,16.5,323.8
2022,12,Sugarcane,Rajasthan,Year-round,157.5,15.7,0.891,16.5,333.87
2022,12,Sugarcane,Gujarat,Year-round,167.8,10.4,0.861,16.5,333.23
2022,12,Sugarcane,Bihar,Year-round,137.6,9.1,0.856,16.5,348.37
2022,12,Sugarcane,West Bengal,Year-round,178.3,13.4,0.905,16.5,327.4
2022,12,Sugarcane,Tamil Nadu,Year-round,129.6,11.8,0.9,16.5,327.98
2022,12,Chilli,Punjab,Kharif,128.1,15.5,1.125,16.5,11407.48
2022,12,Chilli,Haryana,Kharif,171.5,16.1,1.169,16.5,11212.97
2022,12,Chilli,UP,Kharif,174.4,16.5,1.064,16.5,11003.72
2022,12,Chilli,Maharashtra,Kharif,159.8,18.2,1.108,16.5,10236.9
2022,12,Chilli,Karnataka,Kharif,175.9,14.0,1.132,16.5,11559.97
2022,12,Chilli,Andhra Pradesh,Kharif,159.4,16.3,1.082,16.5,10333.22
2022,12,Chilli,Madhya Pradesh,Kharif,132.3,16.7,1.161,16.5,10314.49
2022,12,Chilli,Rajasthan,Kharif,119.2,19.1,1.151,16.5,10186.64
2022,12,Chilli,Gujarat,Kharif,153.5,16.7,1.069,16.5,11039.27
2022,12,Chilli,Bihar,Kharif,125.4,14.8,1.078,16.5,11018.33
2022,12,Chilli,West Bengal,Kharif,177.3,15.4,1.158,16.5,10585.37
2022,12,Chilli,Tamil Nadu,Kharif,175.0,18.2,1.144,16.5,11312.51
2022,12,Gram,Punjab,Rabi,45.7,19.6,1.153,16.5,8247.74
2022,12,Gram,Haryana,Rabi,7.6,19.9,1.105,16.5,8707.62
2022,12,Gram,UP,Rabi,64.5,19.9,1.094,16.5,8214.89
2022,12,Gram,Maharashtra,Rabi,9.3,17.2,1.103,16.5,7642.9
2022,12,Gram,Karnataka,Rabi,42.7,16.9,1.159,16.5,7749.63
2022,12,Gram,Andhra Pradesh,Rabi,49.3,18.9,1.181,16.5,8406.52
2022,12,Gram,Madhya Pradesh,Rabi,55.6,18.3,1.168,16.5,8738.33
2022,12,Gram,Rajasthan,Rabi,43.2,17.5,1.096,16.5,7933.68
2022,12,Gram,Gujarat,Rabi,77.3,18.9,1.186,16.5,7873.49
2022,12,Gram,Bihar,Rabi,12.6,21.1,1.159,16.5,8263.62
2022,12,Gram,West Bengal,Rabi,30.6,20.9,1.134,16.5,8061.11
2022,12,Gram,Tamil Nadu,Rabi,31.0,14.8,1.161,16.5,8054.33
2022,12,Mustard,Punjab,Rabi,124.2,15.0,1.05,16.5,6565.53
2022,12,Mustard,Haryana,Rabi,107.7,14.2,1.036,16.5,6393.29
2022,12,Mustard,UP,Rabi,121.5,16.1,1.044,16.5,7153.52
2022,12,Mustard,Maharashtra,Rabi,132.3,12.6,0.992,16.5,7125.87
2022,12,Mustard,Karnataka,Rabi,103.1,15.0,0.98,16.5,7054.6
2022,12,Mustard,Andhra Pradesh,Rabi,109.1,15.4,1.05,16.5,6712.37
2022,12,Mustard,Madhya Pradesh,Rabi,156.3,15.9,0.968,16.5,6981.15
2022,12,Mustard,Rajasthan,Rabi,105.8,13.0,1.004,16.5,6511.89
2022,12,Mustard,Gujarat,Rabi,132.5,17.0,1.057,16.5,6498.87
2022,12,Mustard,Bihar,Rabi,120.5,12.5,0.964,16.5,6275.85
2022,12,Mustard,West Bengal,Rabi,51.3,17.3,1.001,16.5,6959.61
2022,12,Mustard,Tamil Nadu,Rabi,113.4,13.8,0.973,16.5,6520.23
2023,1,Wheat,Punjab,Rabi,65.8,11.9,0.848,22.0,2469.54
2023,1,Wheat,Haryana,Rabi,92.0,10.9,0.91,22.0,2506.11
2023,1,Wheat,UP,Rabi,78.6,10.3,0.906,22.0,2452.29
2023,1,Wheat,Maharashtra,Rabi,87.3,13.2,0.841,22.0,2770.13
2023,1,Wheat,Karnataka,Rabi,64.1,11.7,0.878,22.0,2653.31
2023,1,Wheat,Andhra Pradesh,Rabi,90.1,13.9,0.909,22.0,2437.74
2023,1,Wheat,Madhya Pradesh,Rabi,110.3,11.5,0.869,22.0,2528.27
2023,1,Wheat,Rajasthan,Rabi,47.0,12.3,0.89,22.0,2593.66
2023,1,Wheat,Gujarat,Rabi,84.2,14.0,0.845,22.0,2553.72
2023,1,Wheat,Bihar,Rabi,61.8,12.6,0.905,22.0,2574.15
2023,1,Wheat,West Bengal,Rabi,86.4,12.1,0.886,22.0,2464.09
2023,1,Wheat,Tamil Nadu,Rabi,68.0,17.5,0.867,22.0,2547.45
2023,1,Rice,Punjab,Kharif,124.3,24.1,1.003,22.0,2870.57
2023,1,Rice,Haryana,Kharif,100.1,25.0,1.037,22.0,2894.01
2023,1,Rice,UP,Kharif,134.6,26.0,1.046,22.0,2886.66
2023,1,Rice,Maharashtra,Kharif,99.0,26.1,1.024,22.0,2831.22
2023,1,Rice,Karnataka,Kharif,81.9,26.7,1.032,22.0,2697.77
2023,1,Rice,Andhra Pradesh,Kharif,102.1,21.9,0.996,22.0,2671.59
2023,1,Rice,Madhya Pradesh,Kharif,92.7,26.0,1.046,22.0,2710.81
2023,1,Rice,Rajasthan,Kharif,105.3,26.0,0.959,22.0,2829.16
2023,1,Rice,Gujarat,Kharif,90.2,24.7,0.982,22.0,2888.74
2023,1,Rice,Bihar,Kharif,110.7,23.5,1.011,22.0,3011.57
2023,1,Rice,West Bengal,Kharif,112.8,23.6,0.958,22.0,2967.88
2023,1,Rice,Tamil Nadu,Kharif,128.7,24.6,0.971,22.0,2772.66
2023,1,Maize,Punjab,Kharif,141.1,16.3,1.196,22.0,3230.12
2023,1,Maize,Haryana,Kharif,96.8,19.1,1.126,22.0,2801.14
2023,1,Maize,UP,Kharif,125.9,23.7,1.187,22.0,3233.63
2023,1,Maize,Maharashtra,Kharif,132.3,22.0,1.117,22.0,2991.72
2023,1,Maize,Karnataka,Kharif,103.4,21.4,1.109,22.0,2875.51
2023,1,Maize,Andhra Pradesh,Kharif,145.1,22.3,1.194,22.0,3233.84
2023,1,Maize,Madhya Pradesh,Kharif,144.2,24.8,1.193,22.0,3205.47
2023,1,Maize,Rajasthan,Kharif,133.4,18.9,1.143,22.0,3029.19
2023,1,Maize,Gujarat,Kharif,156.5,21.4,1.179,22.0,3205.42
2023,1,Maize,Bihar,Kharif,122.4,22.0,1.139,22.0,2905.51
2023,1,Maize,West Bengal,Kharif,163.0,21.5,1.121,22.0,3143.44
2023,1,Maize,Tamil Nadu,Kharif,144.2,17.9,1.142,22.0,3116.43
2023,1,Potato,Punjab,Rabi,90.2,20.7,1.062,22.0,973.24
2023,1,Potato,Haryana,Rabi,91.3,16.6,0.976,22.0,944.06
2023,1,Potato,UP,Rabi,61.8,19.2,1.032,22.0,935.24
2023,1,Potato,Maharashtra,Rabi,64.6,20.3,0.978,22.0,947.8
2023,1,Potato,Karnataka,Rabi,84.7,20.0,1.067,22.0,931.07
2023,1,Potato,Andhra Pradesh,Rabi,88.5,23.8,1.045,22.0,1014.6
2023,1,Potato,Madhya Pradesh,Rabi,54.4,21.3,0.983,22.0,1034.74
2023,1,Potato,Rajasthan,Rabi,89.3,20.1,1.029,22.0,978.63
2023,1,Potato,Gujarat,Rabi,76.4,20.2,1.011,22.0,992.94
2023,1,Potato,Bihar,Rabi,81.7,20.5,1.035,22.0,997.48
2023,1,Potato,West Bengal,Rabi,87.2,19.6,0.983,22.0,990.38
2023,1,Potato,Tamil Nadu,Rabi,81.4,19.0,1.014,22.0,959.04
2023,1,Tomato,Punjab,Year-round,185.2,9.0,1.077,22.0,1715.13
2023,1,Tomato,Haryana,Year-round,163.4,9.8,1.085,22.0,1708.7
2023,1,Tomato,UP,Year-round,178.0,5.8,1.115,22.0,1783.18
2023,1,Tomato,Maharashtra,Year-round,191.8,9.9,1.089,22.0,1747.65
2023,1,Tomato,Karnataka,Year-round,160.5,11.2,1.153,22.0,1757.31
2023,1,Tomato,Andhra Pradesh,Year-round,198.7,6.7,1.125,22.0,1800.47
2023,1,Tomato,Madhya Pradesh,Year-round,187.0,10.6,1.119,22.0,1682.42
2023,1,Tomato,Rajasthan,Year-round,150.4,5.1,1.127,22.0,1625.09
2023,1,Tomato,Gujarat,Year-round,173.7,7.9,1.098,22.0,1733.29
2023,1,Tomato,Bihar,Year-round,177.5,12.4,1.059,22.0,1765.5
2023,1,Tomato,West Bengal,Year-round,195.1,7.6,1.066,22.0,1644.7
2023,1,Tomato,Tamil Nadu,Year-round,182.5,9.2,1.156,22.0,1691.52
2023,1,Onion,Punjab,Rabi,162.6,7.2,0.984,22.0,1786.83
2023,1,Onion,Haryana,Rabi,168.1,4.6,0.956,22.0,1704.19
2023,1,Onion,UP,Rabi,136.7,5.4,0.996,22.0,1714.24
2023,1,Onion,Maharashtra,Rabi,125.8,6.1,1.015,22.0,1707.02
2023,1,Onion,Karnataka,Rabi,128.9,4.9,0.982,22.0,1690.63
2023,1,Onion,Andhra Pradesh,Rabi,163.7,6.5,1.028,22.0,1732.12
2023,1,Onion,Madhya Pradesh,Rabi,155.7,5.6,0.948,22.0,1772.77
2023,1,Onion,Rajasthan,Rabi,175.8,5.8,1.032,22.0,1800.91
2023,1,Onion,Gujarat,Rabi,200.3,4.4,0.958,22.0,1719.17
2023,1,Onion,Bihar,Rabi,129.2,6.0,1.014,22.0,1861.4
2023,1,Onion,West Bengal,Rabi,157.5,4.2,1.005,22.0,1663.99
2023,1,Onion,Tamil Nadu,Rabi,137.6,7.1,0.986,22.0,1761.67
2023,1,Soybean,Punjab,Kharif,87.0,17.1,1.167,22.0,6926.14
2023,1,Soybean,Haryana,Kharif,127.1,11.8,1.094,22.0,5971.11
2023,1,Soybean,UP,Kharif,139.3,16.4,1.126,22.0,6627.04
2023,1,Soybean,Maharashtra,Kharif,119.8,13.4,1.131,22.0,6818.03
2023,1,Soybean,Karnataka,Kharif,123.9,13.0,1.183,22.0,5977.6
2023,1,Soybean,Andhra Pradesh,Kharif,105.2,14.4,1.096,22.0,6848.91
2023,1,Soybean,Madhya Pradesh,Kharif,144.7,18.2,1.109,22.0,6302.86
2023,1,Soybean,Rajasthan,Kharif,127.1,17.7,1.087,22.0,6715.74
2023,1,Soybean,Gujarat,Kharif,104.6,16.2,1.145,22.0,6859.26
2023,1,Soybean,Bihar,Kharif,119.5,19.1,1.131,22.0,6331.12
2023,1,Soybean,West Bengal,Kharif,113.7,15.0,1.083,22.0,6671.44
2023,1,Soybean,Tamil Nadu,Kharif,94.9,13.6,1.15,22.0,6228.24
2023,1,Cotton,Punjab,Kharif,174.2,16.7,0.998,22.0,9364.42
2023,1,Cotton,Haryana,Kharif,180.6,12.9,1.078,22.0,9067.04
2023,1,Cotton,UP,Kharif,131.7,12.4,1.01,22.0,8753.79
2023,1,Cotton,Maharashtra,Kharif,139.0,11.4,1.028,22.0,9232.56
2023,1,Cotton,Karnataka,Kharif,147.9,13.2,1.07,22.0,9230.5
2023,1,Cotton,Andhra Pradesh,Kharif,139.7,12.4,1.007,22.0,9210.22
2023,1,Cotton,Madhya Pradesh,Kharif,128.7,14.3,1.007,22.0,8669.83
2023,1,Cotton,Rajasthan,Kharif,142.4,10.1,0.998,22.0,8880.5
2023,1,Cotton,Gujarat,Kharif,186.7,14.4,1.022,22.0,8972.59
2023,1,Cotton,Bihar,Kharif,157.5,15.0,1.054,22.0,8411.67
2023,1,Cotton,West Bengal,Kharif,154.3,16.1,1.089,22.0,8899.38
2023,1,Cotton,Tamil Nadu,Kharif,146.3,13.3,1.025,22.0,8258.24
2023,1,Sugarcane,Punjab,Year-round,101.2,8.2,1.146,22.0,446.82
2023,1,Sugarcane,Haryana,Year-round,144.3,12.8,1.089,22.0,453.03
2023,1,Sugarcane,UP,Year-round,128.9,13.4,1.121,22.0,454.15
2023,1,Sugarcane,Maharashtra,Year-round,137.3,11.5,1.159,22.0,434.64
2023,1,Sugarcane,Karnataka,Year-round,146.7,10.8,1.09,22.0,430.38
2023,1,Sugarcane,Andhra Pradesh,Year-round,141.2,10.5,1.065,22.0,426.03
2023,1,Sugarcane,Madhya Pradesh,Year-round,111.8,7.8,1.095,22.0,410.11
2023,1,Sugarcane,Rajasthan,Year-round,132.6,11.8,1.091,22.0,436.08
2023,1,Sugarcane,Gujarat,Year-round,101.6,11.3,1.104,22.0,454.9
2023,1,Sugarcane,Bihar,Year-round,136.7,13.2,1.08,22.0,449.83
2023,1,Sugarcane,West Bengal,Year-round,147.4,8.6,1.136,22.0,450.74
2023,1,Sugarcane,Tamil Nadu,Year-round,118.4,9.4,1.091,22.0,413.66
2023,1,Chilli,Punjab,Kharif,132.3,21.5,1.052,22.0,11662.13
2023,1,Chilli,Haryana,Kharif,141.4,19.4,1.041,22.0,10353.86
2023,1,Chilli,UP,Kharif,114.2,20.7,1.081,22.0,11561.85
2023,1,Chilli,Maharashtra,Kharif,122.7,19.4,1.094,22.0,10361.94
2023,1,Chilli,Karnataka,Kharif,166.2,21.1,1.057,22.0,10955.23
2023,1,Chilli,Andhra Pradesh,Kharif,144.3,21.1,1.074,22.0,11709.45
2023,1,Chilli,Madhya Pradesh,Kharif,147.8,20.7,1.062,22.0,10927.71
2023,1,Chilli,Rajasthan,Kharif,142.1,24.2,1.007,22.0,11318.65
2023,1,Chilli,Gujarat,Kharif,127.9,21.2,1.036,22.0,10781.77
2023,1,Chilli,Bihar,Kharif,142.4,23.3,1.009,22.0,11557.35
2023,1,Chilli,West Bengal,Kharif,109.2,23.5,1.03,22.0,11647.07
2023,1,Chilli,Tamil Nadu,Kharif,135.4,23.6,1.049,22.0,10491.62
2023,1,Gram,Punjab,Rabi,124.2,10.6,0.902,22.0,5843.01
2023,1,Gram,Haryana,Rabi,105.4,9.9,0.939,22.0,6018.23
2023,1,Gram,UP,Rabi,148.0,13.7,0.895,22.0,6446.96
2023,1,Gram,Maharashtra,Rabi,127.8,7.1,0.856,22.0,5953.75
2023,1,Gram,Karnataka,Rabi,138.4,10.4,0.932,22.0,5772.43
2023,1,Gram,Andhra Pradesh,Rabi,126.2,8.3,0.926,22.0,5709.36
2023,1,Gram,Madhya Pradesh,Rabi,130.6,11.8,0.868,22.0,6644.55
2023,1,Gram,Rajasthan,Rabi,124.9,9.1,0.853,22.0,5770.6
2023,1,Gram,Gujarat,Rabi,113.6,10.6,0.931,22.0,6431.26
2023,1,Gram,Bihar,Rabi,112.7,7.7,0.862,22.0,6215.89
2023,1,Gram,West Bengal,Rabi,138.0,10.1,0.869,22.0,6466.68
2023,1,Gram,Tamil Nadu,Rabi,125.2,8.7,0.866,22.0,6380.84
2023,1,Mustard,Punjab,Rabi,145.5,15.2,1.009,22.0,6824.09
2023,1,Mustard,Haryana,Rabi,124.3,19.6,0.99,22.0,6425.62
2023,1,Mustard,UP,Rabi,110.9,19.3,0.976,22.0,6183.27
2023,1,Mustard,Maharashtra,Rabi,90.6,18.8,0.975,22.0,6595.89
2023,1,Mustard,Karnataka,Rabi,115.5,17.7,0.994,22.0,6097.93
2023,1,Mustard,Andhra Pradesh,Rabi,110.7,18.3,0.922,22.0,6323.29
2023,1,Mustard,Madhya Pradesh,Rabi,130.4,16.5,0.99,22.0,6692.52
2023,1,Mustard,Rajasthan,Rabi,115.5,16.2,1.005,22.0,6947.64
2023,1,Mustard,Gujarat,Rabi,118.3,16.3,1.003,22.0,6865.27
2023,1,Mustard,Bihar,Rabi,117.9,20.9,0.924,22.0,6515.76
2023,1,Mustard,West Bengal,Rabi,124.1,19.9,0.985,22.0,6208.2
2023,1,Mustard,Tamil Nadu,Rabi,92.1,17.3,1.003,22.0,6706.94
2023,2,Wheat,Punjab,Rabi,3.6,38.2,1.203,22.0,4241.32
2023,2,Wheat,Haryana,Rabi,6.6,38.8,1.163,22.0,3961.37
2023,2,Wheat,UP,Rabi,7.7,36.8,1.113,22.0,4185.99
2023,2,Wheat,Maharashtra,Rabi,25.2,40.3,1.096,22.0,4201.53
2023,2,Wheat,Karnataka,Rabi,7.2,38.3,1.146,22.0,4202.73
2023,2,Wheat,Andhra Pradesh,Rabi,5.4,40.2,1.167,22.0,3941.93
2023,2,Wheat,Madhya Pradesh,Rabi,9.9,38.2,1.143,22.0,3874.4
2023,2,Wheat,Rajasthan,Rabi,0.0,40.5,1.103,22.0,4073.87
2023,2,Wheat,Gujarat,Rabi,0.0,36.3,1.186,22.0,4047.68
2023,2,Wheat,Bihar,Rabi,20.8,38.7,1.196,22.0,4082.94
2023,2,Wheat,West Bengal,Rabi,54.8,36.0,1.1,22.0,4133.29
2023,2,Wheat,Tamil Nadu,Rabi,0.0,39.8,1.102,22.0,3794.25
2023,2,Rice,Punjab,Kharif,124.6,33.7,1.103,22.0,3372.21
2023,2,Rice,Haryana,Kharif,117.1,32.6,1.108,22.0,3313.25
2023,2,Rice,UP,Kharif,96.5,33.1,1.16,22.0,3232.88
2023,2,Rice,Maharashtra,Kharif,85.6,33.6,1.096,22.0,3240.02
2023,2,Rice,Karnataka,Kharif,81.3,33.7,1.112,22.0,3258.43
2023,2,Rice,Andhra Pradesh,Kharif,125.7,31.8,1.165,22.0,3117.22
2023,2,Rice,Madhya Pradesh,Kharif,183.5,33.2,1.101,22.0,3375.14
2023,2,Rice,Rajasthan,Kharif,147.9,30.8,1.125,22.0,3308.33
2023,2,Rice,Gujarat,Kharif,125.4,30.9,1.108,22.0,2995.17
2023,2,Rice,Bihar,Kharif,120.7,32.9,1.091,22.0,3074.84
2023,2,Rice,West Bengal,Kharif,129.5,28.7,1.164,22.0,3013.1
2023,2,Rice,Tamil Nadu,Kharif,108.1,32.2,1.133,22.0,3080.03
2023,2,Maize,Punjab,Kharif,147.7,29.0,1.008,22.0,2733.02
2023,2,Maize,Haryana,Kharif,134.9,28.4,0.985,22.0,2487.02
2023,2,Maize,UP,Kharif,142.9,30.9,0.981,22.0,2743.13
2023,2,Maize,Maharashtra,Kharif,150.9,31.1,0.967,22.0,2852.61
2023,2,Maize,Karnataka,Kharif,149.0,31.5,1.001,22.0,2645.78
2023,2,Maize,Andhra Pradesh,Kharif,160.0,24.9,1.016,22.0,2712.62
2023,2,Maize,Madhya Pradesh,Kharif,143.3,26.8,0.993,22.0,2617.79
2023,2,Maize,Rajasthan,Kharif,126.4,26.7,0.947,22.0,2596.2
2023,2,Maize,Gujarat,Kharif,139.4,24.8,1.022,22.0,2788.53
2023,2,Maize,Bihar,Kharif,118.8,27.8,0.967,22.0,2650.69
2023,2,Maize,West Bengal,Kharif,159.0,32.7,0.952,22.0,2629.12
2023,2,Maize,Tamil Nadu,Kharif,175.1,27.7,0.985,22.0,2799.07
2023,2,Potato,Punjab,Rabi,116.4,25.9,0.899,22.0,954.61
2023,2,Potato,Haryana,Rabi,124.2,25.4,0.821,22.0,931.56
2023,2,Potato,UP,Rabi,98.2,24.9,0.858,22.0,846.63
2023,2,Potato,Maharashtra,Rabi,117.9,21.0,0.851,22.0,976.08
2023,2,Potato,Karnataka,Rabi,107.6,23.2,0.892,22.0,928.79
2023,2,Potato,Andhra Pradesh,Rabi,133.1,26.2,0.858,22.0,955.22
2023,2,Potato,Madhya Pradesh,Rabi,103.3,24.3,0.852,22.0,943.21
2023,2,Potato,Rajasthan,Rabi,88.9,23.1,0.87,22.0,860.2
2023,2,Potato,Gujarat,Rabi,122.2,28.5,0.897,22.0,889.73
2023,2,Potato,Bihar,Rabi,142.1,27.2,0.9,22.0,850.35
2023,2,Potato,West Bengal,Rabi,102.0,23.7,0.841,22.0,891.19
2023,2,Potato,Tamil Nadu,Rabi,109.8,26.4,0.832,22.0,910.17
2023,2,Tomato,Punjab,Year-round,114.8,28.1,1.129,22.0,1638.19
2023,2,Tomato,Haryana,Year-round,103.5,26.5,1.161,22.0,1571.54
2023,2,Tomato,UP,Year-round,95.6,23.4,1.139,22.0,1799.67
2023,2,Tomato,Maharashtra,Year-round,97.2,28.1,1.089,22.0,1642.78
2023,2,Tomato,Karnataka,Year-round,87.6,26.3,1.151,22.0,1572.23
2023,2,Tomato,Andhra Pradesh,Year-round,57.6,28.9,1.147,22.0,1784.1
2023,2,Tomato,Madhya Pradesh,Year-round,129.6,29.5,1.079,22.0,1644.9
2023,2,Tomato,Rajasthan,Year-round,69.9,28.3,1.126,22.0,1651.4
2023,2,Tomato,Gujarat,Year-round,51.9,28.4,1.115,22.0,1766.9
2023,2,Tomato,Bihar,Year-round,98.6,25.8,1.1,22.0,1714.24
2023,2,Tomato,West Bengal,Year-round,116.8,26.7,1.106,22.0,1719.2
2023,2,Tomato,Tamil Nadu,Year-round,83.4,27.8,1.122,22.0,1675.38
2023,2,Onion,Punjab,Rabi,144.4,32.7,1.04,22.0,1992.81
2023,2,Onion,Haryana,Rabi,173.6,34.4,1.079,22.0,1934.67
2023,2,Onion,UP,Rabi,193.7,36.7,1.058,22.0,2045.3
2023,2,Onion,Maharashtra,Rabi,167.4,34.0,1.058,22.0,2087.08
2023,2,Onion,Karnataka,Rabi,202.1,33.2,1.082,22.0,2076.15
2023,2,Onion,Andhra Pradesh,Rabi,165.1,35.1,1.114,22.0,2072.32
2023,2,Onion,Madhya Pradesh,Rabi,168.8,32.3,1.045,22.0,2188.97
2023,2,Onion,Rajasthan,Rabi,132.8,33.9,1.048,22.0,1942.19
2023,2,Onion,Gujarat,Rabi,154.3,34.6,1.034,22.0,2250.62
2023,2,Onion,Bihar,Rabi,150.9,36.1,1.044,22.0,2201.32
2023,2,Onion,West Bengal,Rabi,137.2,35.7,1.112,22.0,2181.52
2023,2,Onion,Tamil Nadu,Rabi,144.8,32.9,1.103,22.0,2037.86
2023,2,Soybean,Punjab,Kharif,123.9,25.7,0.886,22.0,4762.95
2023,2,Soybean,Haryana,Kharif,116.7,22.0,0.825,22.0,4842.05
2023,2,Soybean,UP,Kharif,130.7,26.8,0.897,22.0,5237.91
2023,2,Soybean,Maharashtra,Kharif,124.1,22.4,0.834,22.0,5009.89
2023,2,Soybean,Karnataka,Kharif,66.9,21.0,0.87,22.0,4801.71
2023,2,Soybean,Andhra Pradesh,Kharif,139.5,24.0,0.883,22.0,5219.86
2023,2,Soybean,Madhya Pradesh,Kharif,65.7,17.8,0.851,22.0,5133.74
2023,2,Soybean,Rajasthan,Kharif,118.9,25.0,0.827,22.0,4909.83
2023,2,Soybean,Gujarat,Kharif,83.4,20.9,0.82,22.0,5334.11
2023,2,Soybean,Bihar,Kharif,123.4,21.7,0.895,22.0,5130.71
2023,2,Soybean,West Bengal,Kharif,100.0,21.9,0.882,22.0,4771.27
2023,2,Soybean,Tamil Nadu,Kharif,105.9,23.0,0.898,22.0,4666.75
2023,2,Cotton,Punjab,Kharif,163.3,30.6,0.914,22.0,8245.06
2023,2,Cotton,Haryana,Kharif,217.3,33.4,0.926,22.0,7679.77
2023,2,Cotton,UP,Kharif,210.3,29.3,0.858,22.0,8584.54
2023,2,Cotton,Maharashtra,Kharif,215.6,33.2,0.851,22.0,7753.49
2023,2,Cotton,Karnataka,Kharif,167.1,33.1,0.899,22.0,7738.88
2023,2,Cotton,Andhra Pradesh,Kharif,198.3,30.4,0.922,22.0,7882.31
2023,2,Cotton,Madhya Pradesh,Kharif,184.4,34.0,0.924,22.0,8504.2
2023,2,Cotton,Rajasthan,Kharif,194.0,34.8,0.869,22.0,8097.06
2023,2,Cotton,Gujarat,Kharif,180.2,32.7,0.928,22.0,7942.73
2023,2,Cotton,Bihar,Kharif,172.6,31.0,0.845,22.0,7957.54
2023,2,Cotton,West Bengal,Kharif,221.3,33.2,0.849,22.0,8514.01
2023,2,Cotton,Tamil Nadu,Kharif,208.4,31.9,0.854,22.0,8826.03
2023,2,Sugarcane,Punjab,Year-round,125.6,40.8,0.98,22.0,359.68
2023,2,Sugarcane,Haryana,Year-round,140.8,34.1,0.942,22.0,419.76
2023,2,Sugarcane,UP,Year-round,117.1,37.1,0.97,22.0,403.58
2023,2,Sugarcane,Maharashtra,Year-round,126.6,34.5,0.988,22.0,372.0
2023,2,Sugarcane,Karnataka,Year-round,148.7,35.2,0.949,22.0,407.48
2023,2,Sugarcane,Andhra Pradesh,Year-round,153.9,37.2,0.934,22.0,387.2
2023,2,Sugarcane,Madhya Pradesh,Year-round,143.5,31.7,1.003,22.0,382.84
2023,2,Sugarcane,Rajasthan,Year-round,141.3,39.1,0.954,22.0,403.22
2023,2,Sugarcane,Gujarat,Year-round,137.4,40.1,1.004,22.0,359.1
2023,2,Sugarcane,Bihar,Year-round,155.3,33.9,0.924,22.0,360.57
2023,2,Sugarcane,West Bengal,Year-round,140.8,37.3,0.959,22.0,396.04
2023,2,Sugarcane,Tamil Nadu,Year-round,123.9,35.6,0.992,22.0,371.62
2023,2,Chilli,Punjab,Kharif,129.9,27.2,1.142,22.0,10925.33
2023,2,Chilli,Haryana,Kharif,100.4,29.3,1.068,22.0,11125.67
2023,2,Chilli,UP,Kharif,118.0,29.3,1.077,22.0,11501.15
2023,2,Chilli,Maharashtra,Kharif,120.0,28.4,1.154,22.0,11274.65
2023,2,Chilli,Karnataka,Kharif,141.3,30.4,1.086,22.0,10511.12
2023,2,Chilli,Andhra Pradesh,Kharif,122.5,28.8,1.113,22.0,10705.99
2023,2,Chilli,Madhya Pradesh,Kharif,130.5,31.1,1.082,22.0,10883.97
2023,2,Chilli,Rajasthan,Kharif,135.7,27.3,1.065,22.0,11837.92
2023,2,Chilli,Gujarat,Kharif,128.3,26.6,1.071,22.0,11726.66
2023,2,Chilli,Bihar,Kharif,129.6,30.4,1.052,22.0,11788.05
2023,2,Chilli,West Bengal,Kharif,127.7,29.7,1.125,22.0,10681.14
2023,2,Chilli,Tamil Nadu,Kharif,117.4,29.3,1.092,22.0,11147.62
2023,2,Gram,Punjab,Rabi,155.6,30.5,0.929,22.0,5713.25
2023,2,Gram,Haryana,Rabi,205.5,26.1,0.919,22.0,6010.84
2023,2,Gram,UP,Rabi,189.0,21.3,0.943,22.0,6625.73
2023,2,Gram,Maharashtra,Rabi,139.4,26.4,0.892,22.0,6564.31
2023,2,Gram,Karnataka,Rabi,160.9,27.4,0.944,22.0,5910.91
2023,2,Gram,Andhra Pradesh,Rabi,129.3,26.6,0.934,22.0,6611.31
2023,2,Gram,Madhya Pradesh,Rabi,181.7,22.3,0.902,22.0,6515.71
2023,2,Gram,Rajasthan,Rabi,140.5,28.9,0.943,22.0,6317.84
2023,2,Gram,Gujarat,Rabi,144.8,26.5,0.94,22.0,5952.27
2023,2,Gram,Bihar,Rabi,164.6,24.7,0.888,22.0,5776.24
2023,2,Gram,West Bengal,Rabi,134.2,25.9,0.948,22.0,5843.29
2023,2,Gram,Tamil Nadu,Rabi,177.7,26.6,0.951,22.0,6249.44
2023,2,Mustard,Punjab,Rabi,41.3,29.0,0.91,22.0,7140.61
2023,2,Mustard,Haryana,Rabi,36.7,29.2,0.904,22.0,6991.39
2023,2,Mustard,UP,Rabi,84.8,29.4,0.956,22.0,7344.83
2023,2,Mustard,Maharashtra,Rabi,74.1,24.2,0.969,22.0,7662.19
2023,2,Mustard,Karnataka,Rabi,101.9,24.2,0.988,22.0,7667.36
2023,2,Mustard,Andhra Pradesh,Rabi,99.4,30.0,0.911,22.0,7554.13
2023,2,Mustard,Madhya Pradesh,Rabi,73.0,29.6,0.928,22.0,7424.98
2023,2,Mustard,Rajasthan,Rabi,81.3,25.8,0.915,22.0,7517.69
2023,2,Mustard,Gujarat,Rabi,46.5,32.4,0.937,22.0,7492.34
2023,2,Mustard,Bihar,Rabi,75.0,24.6,0.924,22.0,7096.6
2023,2,Mustard,West Bengal,Rabi,55.0,30.6,0.909,22.0,7732.67
2023,2,Mustard,Tamil Nadu,Rabi,48.7,29.7,0.901,22.0,6806.27
2023,3,Wheat,Punjab,Rabi,136.8,30.5,1.037,22.0,3140.72
2023,3,Wheat,Haryana,Rabi,120.5,27.4,1.062,22.0,3179.13
2023,3,Wheat,UP,Rabi,136.2,26.2,1.022,22.0,3162.48
2023,3,Wheat,Maharashtra,Rabi,150.6,29.1,1.072,22.0,3289.72
2023,3,Wheat,Karnataka,Rabi,130.9,27.8,1.077,22.0,3193.75
2023,3,Wheat,Andhra Pradesh,Rabi,128.6,25.7,1.108,22.0,3232.05
2023,3,Wheat,Madhya Pradesh,Rabi,125.2,28.8,1.014,22.0,3285.75
2023,3,Wheat,Rajasthan,Rabi,131.6,25.5,1.101,22.0,2952.64
2023,3,Wheat,Gujarat,Rabi,145.0,28.8,1.009,22.0,3333.35
2023,3,Wheat,Bihar,Rabi,127.5,25.3,1.026,22.0,3185.8
2023,3,Wheat,West Bengal,Rabi,124.3,26.6,1.048,22.0,3168.54
2023,3,Wheat,Tamil Nadu,Rabi,136.0,25.0,1.105,22.0,3328.31
2023,3,Rice,Punjab,Kharif,116.9,24.2,0.91,22.0,2513.02
2023,3,Rice,Haryana,Kharif,59.1,36.7,0.882,22.0,2432.32
2023,3,Rice,UP,Kharif,93.9,33.1,0.914,22.0,2743.03
2023,3,Rice,Maharashtra,Kharif,111.5,31.0,0.899,22.0,2675.15
2023,3,Rice,Karnataka,Kharif,113.7,32.1,0.928,22.0,2427.1
2023,3,Rice,Andhra Pradesh,Kharif,83.0,33.3,0.918,22.0,2462.69
2023,3,Rice,Madhya Pradesh,Kharif,144.9,33.0,0.904,22.0,2705.57
2023,3,Rice,Rajasthan,Kharif,130.4,33.3,0.923,22.0,2554.11
2023,3,Rice,Gujarat,Kharif,122.3,33.4,0.939,22.0,2738.68
2023,3,Rice,Bihar,Kharif,147.2,28.4,0.905,22.0,2455.23
2023,3,Rice,West Bengal,Kharif,98.4,29.7,0.931,22.0,2685.74
2023,3,Rice,Tamil Nadu,Kharif,103.8,33.5,0.885,22.0,2568.79
2023,3,Maize,Punjab,Kharif,80.0,28.4,1.004,22.0,2871.93
2023,3,Maize,Haryana,Kharif,87.7,33.0,0.996,22.0,2582.6
2023,3,Maize,UP,Kharif,91.2,27.2,0.963,22.0,2882.72
2023,3,Maize,Maharashtra,Kharif,90.7,29.4,0.982,22.0,2882.36
2023,3,Maize,Karnataka,Kharif,96.6,31.2,0.954,22.0,2517.1
2023,3,Maize,Andhra Pradesh,Kharif,93.5,23.8,0.951,22.0,2557.22
2023,3,Maize,Madhya Pradesh,Kharif,91.4,28.3,0.983,22.0,2778.17
2023,3,Maize,Rajasthan,Kharif,108.4,24.2,0.953,22.0,2784.67
2023,3,Maize,Gujarat,Kharif,98.7,29.6,1.003,22.0,2635.12
2023,3,Maize,Bihar,Kharif,91.8,29.4,0.976,22.0,2900.99
2023,3,Maize,West Bengal,Kharif,70.1,29.8,0.957,22.0,2816.77
2023,3,Maize,Tamil Nadu,Kharif,67.0,26.8,0.935,22.0,2860.33
2023,3,Potato,Punjab,Rabi,136.6,31.2,1.023,22.0,1193.49
2023,3,Potato,Haryana,Rabi,137.3,31.4,0.977,22.0,1207.52
2023,3,Potato,UP,Rabi,143.9,31.4,1.009,22.0,1098.11
2023,3,Potato,Maharashtra,Rabi,147.9,29.3,1.026,22.0,1057.78
2023,3,Potato,Karnataka,Rabi,139.0,28.4,1.049,22.0,1161.01
2023,3,Potato,Andhra Pradesh,Rabi,143.3,27.5,1.062,22.0,1087.48
2023,3,Potato,Madhya Pradesh,Rabi,164.7,33.5,0.982,22.0,1115.86
2023,3,Potato,Rajasthan,Rabi,140.0,28.1,0.989,22.0,1100.92
2023,3,Potato,Gujarat,Rabi,151.6,28.4,1.042,22.0,1096.04
2023,3,Potato,Bihar,Rabi,122.5,27.4,0.99,22.0,1179.6
2023,3,Potato,West Bengal,Rabi,170.3,29.9,1.063,22.0,1081.48
2023,3,Potato,Tamil Nadu,Rabi,153.4,30.9,1.006,22.0,1079.12
2023,3,Tomato,Punjab,Year-round,12.8,27.6,0.912,22.0,1648.08
2023,3,Tomato,Haryana,Year-round,0.0,26.2,0.889,22.0,1654.86
2023,3,Tomato,UP,Year-round,14.8,24.1,0.893,22.0,1604.17
2023,3,Tomato,Maharashtra,Year-round,44.2,24.7,0.935,22.0,1701.98
2023,3,Tomato,Karnataka,Year-round,4.1,25.8,0.92,22.0,1745.67
2023,3,Tomato,Andhra Pradesh,Year-round,55.7,25.3,0.939,22.0,1758.53
2023,3,Tomato,Madhya Pradesh,Year-round,14.3,24.1,0.908,22.0,1656.81
2023,3,Tomato,Rajasthan,Year-round,38.9,29.7,0.888,22.0,1787.85
2023,3,Tomato,Gujarat,Year-round,0.0,25.9,0.969,22.0,1594.76
2023,3,Tomato,Bihar,Year-round,11.8,28.0,0.933,22.0,1781.72
2023,3,Tomato,West Bengal,Year-round,28.6,27.1,0.896,22.0,1645.86
2023,3,Tomato,Tamil Nadu,Year-round,0.9,25.7,0.89,22.0,1658.94
2023,3,Onion,Punjab,Rabi,127.2,25.6,0.905,22.0,1720.72
2023,3,Onion,Haryana,Rabi,159.9,29.3,0.944,22.0,1851.93
2023,3,Onion,UP,Rabi,127.3,26.2,0.942,22.0,1717.24
2023,3,Onion,Maharashtra,Rabi,108.1,28.5,0.963,22.0,1708.81
2023,3,Onion,Karnataka,Rabi,156.9,27.9,0.955,22.0,1630.64
2023,3,Onion,Andhra Pradesh,Rabi,114.5,27.8,0.918,22.0,1713.71
2023,3,Onion,Madhya Pradesh,Rabi,108.3,28.7,0.964,22.0,1682.58
2023,3,Onion,Rajasthan,Rabi,133.2,29.3,0.94,22.0,1590.44
2023,3,Onion,Gujarat,Rabi,104.0,33.0,0.96,22.0,1680.05
2023,3,Onion,Bihar,Rabi,136.6,32.4,0.883,22.0,1734.75
2023,3,Onion,West Bengal,Rabi,125.1,28.9,0.896,22.0,1640.9
2023,3,Onion,Tamil Nadu,Rabi,135.1,32.5,0.925,22.0,1817.72
2023,3,Soybean,Punjab,Kharif,130.5,20.0,1.043,22.0,6635.96
2023,3,Soybean,Haryana,Kharif,83.7,17.6,1.009,22.0,6548.39
2023,3,Soybean,UP,Kharif,111.1,18.0,1.016,22.0,6150.4
2023,3,Soybean,Maharashtra,Kharif,95.5,21.2,1.024,22.0,6269.88
2023,3,Soybean,Karnataka,Kharif,124.6,20.4,1.021,22.0,6368.96
2023,3,Soybean,Andhra Pradesh,Kharif,134.2,21.6,1.094,22.0,6798.62
2023,3,Soybean,Madhya Pradesh,Kharif,77.6,19.2,1.047,22.0,6365.25
2023,3,Soybean,Rajasthan,Kharif,122.9,22.3,1.039,22.0,6531.84
2023,3,Soybean,Gujarat,Kharif,126.1,21.2,1.084,22.0,6158.77
2023,3,Soybean,Bihar,Kharif,90.7,16.6,1.033,22.0,6491.48
2023,3,Soybean,West Bengal,Kharif,119.8,18.6,1.05,22.0,6402.27
2023,3,Soybean,Tamil Nadu,Kharif,123.4,18.2,1.025,22.0,6117.87
2023,3,Cotton,Punjab,Kharif,70.3,25.7,1.1,22.0,10165.11
2023,3,Cotton,Haryana,Kharif,110.7,27.7,1.117,22.0,11495.55
2023,3,Cotton,UP,Kharif,68.5,27.0,1.143,22.0,10150.36
2023,3,Cotton,Maharashtra,Kharif,111.6,22.7,1.093,22.0,10029.01
2023,3,Cotton,Karnataka,Kharif,100.9,23.4,1.16,22.0,9907.14
2023,3,Cotton,Andhra Pradesh,Kharif,91.8,28.5,1.081,22.0,10656.61
2023,3,Cotton,Madhya Pradesh,Kharif,113.5,29.5,1.089,22.0,10073.25
2023,3,Cotton,Rajasthan,Kharif,115.5,28.8,1.159,22.0,9855.26
2023,3,Cotton,Gujarat,Kharif,128.6,28.9,1.102,22.0,10148.15
2023,3,Cotton,Bihar,Kharif,77.5,26.5,1.183,22.0,10702.07
2023,3,Cotton,West Bengal,Kharif,76.8,27.6,1.156,22.0,11358.17
2023,3,Cotton,Tamil Nadu,Kharif,90.8,25.7,1.133,22.0,10238.34
2023,3,Sugarcane,Punjab,Year-round,160.7,23.9,0.825,22.0,337.43
2023,3,Sugarcane,Haryana,Year-round,128.1,21.4,0.847,22.0,349.28
2023,3,Sugarcane,UP,Year-round,98.7,23.5,0.893,22.0,376.59
2023,3,Sugarcane,Maharashtra,Year-round,92.2,19.9,0.849,22.0,349.85
2023,3,Sugarcane,Karnataka,Year-round,115.6,21.8,0.882,22.0,337.18
2023,3,Sugarcane,Andhra Pradesh,Year-round,133.9,23.5,0.829,22.0,353.59
2023,3,Sugarcane,Madhya Pradesh,Year-round,133.1,25.3,0.878,22.0,342.55
2023,3,Sugarcane,Rajasthan,Year-round,151.2,25.0,0.821,22.0,327.23
2023,3,Sugarcane,Gujarat,Year-round,128.9,21.6,0.868,22.0,328.41
2023,3,Sugarcane,Bihar,Year-round,149.1,21.3,0.834,22.0,353.75
2023,3,Sugarcane,West Bengal,Year-round,143.5,26.3,0.85,22.0,372.68
2023,3,Sugarcane,Tamil Nadu,Year-round,134.3,21.7,0.879,22.0,328.9
2023,3,Chilli,Punjab,Kharif,103.4,29.2,1.017,22.0,11699.04
2023,3,Chilli,Haryana,Kharif,123.3,24.9,1.066,22.0,11721.93
2023,3,Chilli,UP,Kharif,101.3,23.9,0.988,22.0,11596.76
2023,3,Chilli,Maharashtra,Kharif,106.5,26.2,1.082,22.0,10989.84
2023,3,Chilli,Karnataka,Kharif,61.8,26.0,1.036,22.0,10555.49
2023,3,Chilli,Andhra Pradesh,Kharif,121.0,26.8,1.044,22.0,11139.07
2023,3,Chilli,Madhya Pradesh,Kharif,84.4,24.9,1.083,22.0,10633.52
2023,3,Chilli,Rajasthan,Kharif,72.1,26.2,1.081,22.0,11689.4
2023,3,Chilli,Gujarat,Kharif,94.4,28.0,1.051,22.0,11489.67
2023,3,Chilli,Bihar,Kharif,109.7,23.6,1.031,22.0,10662.04
2023,3,Chilli,West Bengal,Kharif,106.0,23.2,1.06,22.0,10570.54
2023,3,Chilli,Tamil Nadu,Kharif,85.6,26.5,1.02,22.0,10656.58
2023,3,Gram,Punjab,Rabi,143.3,32.8,0.935,22.0,6537.19
2023,3,Gram,Haryana,Rabi,167.5,31.5,0.904,22.0,6162.31
2023,3,Gram,UP,Rabi,149.2,35.7,0.923,22.0,6454.01
2023,3,Gram,Maharashtra,Rabi,169.0,34.2,0.966,22.0,6192.17
2023,3,Gram,Karnataka,Rabi,115.8,31.3,0.949,22.0,7088.59
2023,3,Gram,Andhra Pradesh,Rabi,177.8,31.4,0.909,22.0,6421.72
2023,3,Gram,Madhya Pradesh,Rabi,165.2,37.8,0.958,22.0,6146.33
2023,3,Gram,Rajasthan,Rabi,127.0,40.8,0.96,22.0,6921.97
2023,3,Gram,Gujarat,Rabi,130.5,33.7,0.976,22.0,6348.0
2023,3,Gram,Bihar,Rabi,142.8,36.0,0.888,22.0,7015.98
2023,3,Gram,West Bengal,Rabi,146.7,32.3,0.903,22.0,6398.48
2023,3,Gram,Tamil Nadu,Rabi,166.6,33.4,0.914,22.0,6976.27
2023,3,Mustard,Punjab,Rabi,69.0,27.8,0.915,22.0,6853.72
2023,3,Mustard,Haryana,Rabi,59.9,25.5,0.921,22.0,7193.65
2023,3,Mustard,UP,Rabi,78.1,28.0,0.936,22.0,7730.34
2023,3,Mustard,Maharashtra,Rabi,103.1,27.7,0.988,22.0,7475.42
2023,3,Mustard,Karnataka,Rabi,67.6,27.1,0.957,22.0,6999.75
2023,3,Mustard,Andhra Pradesh,Rabi,76.6,23.7,0.993,22.0,7400.42
2023,3,Mustard,Madhya Pradesh,Rabi,69.2,27.4,0.918,22.0,7306.24
2023,3,Mustard,Rajasthan,Rabi,93.2,22.5,0.992,22.0,6966.28
2023,3,Mustard,Gujarat,Rabi,79.7,26.3,0.911,22.0,7183.16
2023,3,Mustard,Bihar,Rabi,80.7,30.1,0.927,22.0,6785.02
2023,3,Mustard,West Bengal,Rabi,66.1,26.5,0.969,22.0,7376.82
2023,3,Mustard,Tamil Nadu,Rabi,103.3,24.0,0.927,22.0,7579.84
2023,4,Wheat,Punjab,Rabi,102.9,30.7,0.941,22.0,2686.42
2023,4,Wheat,Haryana,Rabi,156.4,32.1,0.999,22.0,2869.98
2023,4,Wheat,UP,Rabi,120.1,29.8,1.027,22.0,2675.87
2023,4,Wheat,Maharashtra,Rabi,120.9,29.1,1.025,22.0,2918.13
2023,4,Wheat,Karnataka,Rabi,140.6,27.9,0.936,22.0,2883.59
2023,4,Wheat,Andhra Pradesh,Rabi,142.3,28.4,1.03,22.0,2806.2
2023,4,Wheat,Madhya Pradesh,Rabi,129.8,26.0,0.951,22.0,2872.85
2023,4,Wheat,Rajasthan,Rabi,119.0,27.7,0.971,22.0,2805.12
2023,4,Wheat,Gujarat,Rabi,179.4,27.2,1.018,22.0,2649.8
2023,4,Wheat,Bihar,Rabi,129.4,27.3,1.01,22.0,2595.46
2023,4,Wheat,West Bengal,Rabi,126.9,29.1,1.023,22.0,2714.48
2023,4,Wheat,Tamil Nadu,Rabi,111.7,30.6,0.936,22.0,2981.28
2023,4,Rice,Punjab,Kharif,74.8,25.0,0.924,22.0,2572.33
2023,4,Rice,Haryana,Kharif,87.4,29.6,0.896,22.0,2618.54
2023,4,Rice,UP,Kharif,81.9,27.8,0.881,22.0,2566.45
2023,4,Rice,Maharashtra,Kharif,110.2,30.0,0.945,22.0,2418.87
2023,4,Rice,Karnataka,Kharif,91.2,27.4,0.947,22.0,2491.83
2023,4,Rice,Andhra Pradesh,Kharif,54.1,29.7,0.928,22.0,2321.62
2023,4,Rice,Madhya Pradesh,Kharif,91.6,31.9,0.958,22.0,2393.31
2023,4,Rice,Rajasthan,Kharif,95.6,26.2,0.9,22.0,2501.48
2023,4,Rice,Gujarat,Kharif,81.0,28.0,0.962,22.0,2365.75
2023,4,Rice,Bihar,Kharif,66.8,29.7,0.941,22.0,2467.87
2023,4,Rice,West Bengal,Kharif,90.3,27.9,0.918,22.0,2481.55
2023,4,Rice,Tamil Nadu,Kharif,87.5,28.9,0.922,22.0,2517.02
2023,4,Maize,Punjab,Kharif,89.5,33.5,0.98,22.0,2991.1
2023,4,Maize,Haryana,Kharif,116.8,32.5,1.01,22.0,2885.76
2023,4,Maize,UP,Kharif,113.6,37.1,1.046,22.0,2880.46
2023,4,Maize,Maharashtra,Kharif,144.7,31.0,0.978,22.0,3314.89
2023,4,Maize,Karnataka,Kharif,124.1,30.7,0.995,22.0,3217.1
2023,4,Maize,Andhra Pradesh,Kharif,127.6,36.6,0.99,22.0,3203.64
2023,4,Maize,Madhya Pradesh,Kharif,149.1,33.5,1.044,22.0,3143.91
2023,4,Maize,Rajasthan,Kharif,124.3,32.4,0.992,22.0,3117.95
2023,4,Maize,Gujarat,Kharif,159.7,37.5,1.07,22.0,3268.68
2023,4,Maize,Bihar,Kharif,135.3,31.8,1.009,22.0,3319.35
2023,4,Maize,West Bengal,Kharif,120.4,33.0,1.022,22.0,3295.83
2023,4,Maize,Tamil Nadu,Kharif,102.4,33.0,0.992,22.0,2959.73
2023,4,Potato,Punjab,Rabi,130.8,33.9,0.906,22.0,989.48
2023,4,Potato,Haryana,Rabi,139.3,35.1,0.918,22.0,873.74
2023,4,Potato,UP,Rabi,158.1,37.0,0.893,22.0,950.6
2023,4,Potato,Maharashtra,Rabi,147.3,40.0,0.928,22.0,955.49
2023,4,Potato,Karnataka,Rabi,117.3,34.0,0.921,22.0,977.22
2023,4,Potato,Andhra Pradesh,Rabi,151.0,32.8,0.975,22.0,923.81
2023,4,Potato,Madhya Pradesh,Rabi,169.1,34.9,0.963,22.0,947.07
2023,4,Potato,Rajasthan,Rabi,171.2,36.7,0.915,22.0,912.98
2023,4,Potato,Gujarat,Rabi,163.4,35.3,0.926,22.0,912.86
2023,4,Potato,Bihar,Rabi,163.3,38.2,0.972,22.0,972.91
2023,4,Potato,West Bengal,Rabi,136.2,36.0,0.922,22.0,860.31
2023,4,Potato,Tamil Nadu,Rabi,147.4,34.3,0.905,22.0,905.24
2023,4,Tomato,Punjab,Year-round,132.6,30.6,1.106,22.0,1748.44
2023,4,Tomato,Haryana,Year-round,150.7,29.8,1.062,22.0,1812.57
2023,4,Tomato,UP,Year-round,130.0,31.4,1.095,22.0,1664.57
2023,4,Tomato,Maharashtra,Year-round,108.8,35.3,1.055,22.0,1821.55
2023,4,Tomato,Karnataka,Year-round,114.2,28.0,1.079,22.0,1826.78
2023,4,Tomato,Andhra Pradesh,Year-round,149.4,30.7,1.11,22.0,1670.91
2023,4,Tomato,Madhya Pradesh,Year-round,143.0,29.8,1.082,22.0,1676.26
2023,4,Tomato,Rajasthan,Year-round,109.7,33.0,1.114,22.0,1733.96
2023,4,Tomato,Gujarat,Year-round,148.4,28.4,1.143,22.0,1682.43
2023,4,Tomato,Bihar,Year-round,146.4,28.6,1.137,22.0,1670.08
2023,4,Tomato,West Bengal,Year-round,120.8,29.0,1.112,22.0,1642.39
2023,4,Tomato,Tamil Nadu,Year-round,114.9,29.8,1.086,22.0,1808.35
2023,4,Onion,Punjab,Rabi,205.6,34.0,1.031,22.0,2148.14
2023,4,Onion,Haryana,Rabi,163.1,35.2,1.075,22.0,1873.12
2023,4,Onion,UP,Rabi,149.0,33.8,1.079,22.0,2035.01
2023,4,Onion,Maharashtra,Rabi,161.9,34.9,1.114,22.0,2007.43
2023,4,Onion,Karnataka,Rabi,124.9,35.1,1.054,22.0,1969.92
2023,4,Onion,Andhra Pradesh,Rabi,124.8,35.9,1.082,22.0,2105.32
2023,4,Onion,Madhya Pradesh,Rabi,157.3,32.4,1.059,22.0,2092.56
2023,4,Onion,Rajasthan,Rabi,164.1,33.0,1.051,22.0,2115.29
2023,4,Onion,Gujarat,Rabi,161.2,36.6,1.095,22.0,2166.16
2023,4,Onion,Bihar,Rabi,177.4,30.7,1.079,22.0,2134.63
2023,4,Onion,West Bengal,Rabi,148.6,32.8,1.075,22.0,2133.97
2023,4,Onion,Tamil Nadu,Rabi,182.7,31.5,1.048,22.0,2165.39
2023,4,Soybean,Punjab,Kharif,124.5,20.2,0.852,22.0,4907.19
2023,4,Soybean,Haryana,Kharif,142.2,25.2,0.835,22.0,5262.75
2023,4,Soybean,UP,Kharif,114.7,21.1,0.851,22.0,4677.42
2023,4,Soybean,Maharashtra,Kharif,164.0,23.8,0.88,22.0,5326.81
2023,4,Soybean,Karnataka,Kharif,164.5,23.2,0.856,22.0,4706.42
2023,4,Soybean,Andhra Pradesh,Kharif,136.1,22.1,0.832,22.0,5170.95
2023,4,Soybean,Madhya Pradesh,Kharif,123.3,21.2,0.878,22.0,5052.32
2023,4,Soybean,Rajasthan,Kharif,116.5,24.0,0.865,22.0,5326.31
2023,4,Soybean,Gujarat,Kharif,141.3,22.0,0.848,22.0,5314.37
2023,4,Soybean,Bihar,Kharif,190.5,20.8,0.835,22.0,5400.12
2023,4,Soybean,West Bengal,Kharif,172.8,19.2,0.876,22.0,5247.92
2023,4,Soybean,Tamil Nadu,Kharif,127.6,22.0,0.867,22.0,5098.4
2023,4,Cotton,Punjab,Kharif,107.2,33.7,1.104,22.0,10163.25
2023,4,Cotton,Haryana,Kharif,116.0,30.6,1.101,22.0,9575.7
2023,4,Cotton,UP,Kharif,141.5,26.3,1.063,22.0,9175.97
2023,4,Cotton,Maharashtra,Kharif,113.8,28.8,1.064,22.0,9156.14
2023,4,Cotton,Karnataka,Kharif,117.2,30.7,1.088,22.0,10197.81
2023,4,Cotton,Andhra Pradesh,Kharif,127.1,28.0,1.116,22.0,10310.63
2023,4,Cotton,Madhya Pradesh,Kharif,123.0,29.7,1.098,22.0,10081.44
2023,4,Cotton,Rajasthan,Kharif,143.4,29.6,1.059,22.0,9901.66
2023,4,Cotton,Gujarat,Kharif,142.9,29.4,1.12,22.0,9448.05
2023,4,Cotton,Bihar,Kharif,131.8,27.3,1.1,22.0,9890.62
2023,4,Cotton,West Bengal,Kharif,142.4,25.2,1.097,22.0,9871.04
2023,4,Cotton,Tamil Nadu,Kharif,119.5,26.7,1.091,22.0,9727.94
2023,4,Sugarcane,Punjab,Year-round,176.5,30.3,1.15,22.0,446.17
2023,4,Sugarcane,Haryana,Year-round,155.6,34.2,1.153,22.0,401.73
2023,4,Sugarcane,UP,Year-round,142.3,34.6,1.148,22.0,446.68
2023,4,Sugarcane,Maharashtra,Year-round,147.8,34.4,1.079,22.0,449.63
2023,4,Sugarcane,Karnataka,Year-round,189.5,30.9,1.149,22.0,441.23
2023,4,Sugarcane,Andhra Pradesh,Year-round,178.5,29.1,1.08,22.0,430.27
2023,4,Sugarcane,Madhya Pradesh,Year-round,174.1,31.6,1.067,22.0,407.49
2023,4,Sugarcane,Rajasthan,Year-round,173.9,34.4,1.171,22.0,460.77
2023,4,Sugarcane,Gujarat,Year-round,133.1,33.5,1.107,22.0,433.63
2023,4,Sugarcane,Bihar,Year-round,178.1,33.5,1.161,22.0,425.63
2023,4,Sugarcane,West Bengal,Year-round,159.5,29.2,1.067,22.0,433.46
2023,4,Sugarcane,Tamil Nadu,Year-round,151.1,31.3,1.161,22.0,444.89
2023,4,Chilli,Punjab,Kharif,108.0,22.1,1.103,22.0,11417.6
2023,4,Chilli,Haryana,Kharif,60.4,25.1,1.044,22.0,10292.04
2023,4,Chilli,UP,Kharif,69.1,23.3,1.032,22.0,10362.59
2023,4,Chilli,Maharashtra,Kharif,100.0,26.0,1.061,22.0,10643.53
2023,4,Chilli,Karnataka,Kharif,69.0,24.4,1.022,22.0,10381.94
2023,4,Chilli,Andhra Pradesh,Kharif,87.7,22.2,1.053,22.0,10831.17
2023,4,Chilli,Madhya Pradesh,Kharif,40.4,25.6,1.007,22.0,10580.3
2023,4,Chilli,Rajasthan,Kharif,65.9,23.5,1.062,22.0,10245.73
2023,4,Chilli,Gujarat,Kharif,59.9,25.6,1.014,22.0,11522.39
2023,4,Chilli,Bihar,Kharif,78.8,23.2,1.104,22.0,10677.5
2023,4,Chilli,West Bengal,Kharif,72.8,26.2,1.038,22.0,10583.9
2023,4,Chilli,Tamil Nadu,Kharif,71.7,25.0,1.023,22.0,10648.46
2023,4,Gram,Punjab,Rabi,129.6,17.6,0.943,22.0,6581.17
2023,4,Gram,Haryana,Rabi,104.2,20.8,0.901,22.0,6541.43
2023,4,Gram,UP,Rabi,140.4,16.3,0.962,22.0,6715.42
2023,4,Gram,Maharashtra,Rabi,168.0,19.9,0.957,22.0,6332.4
2023,4,Gram,Karnataka,Rabi,149.7,21.8,0.958,22.0,6717.4
2023,4,Gram,Andhra Pradesh,Rabi,150.9,18.8,0.976,22.0,6873.0
2023,4,Gram,Madhya Pradesh,Rabi,121.8,17.2,0.969,22.0,6946.05
2023,4,Gram,Rajasthan,Rabi,162.5,22.2,0.892,22.0,6329.92
2023,4,Gram,Gujarat,Rabi,127.2,20.2,0.975,22.0,6387.96
2023,4,Gram,Bihar,Rabi,165.5,26.4,0.966,22.0,6989.04
2023,4,Gram,West Bengal,Rabi,169.5,24.8,0.949,22.0,6506.47
2023,4,Gram,Tamil Nadu,Rabi,119.4,23.8,0.951,22.0,6775.46
2023,4,Mustard,Punjab,Rabi,155.5,22.5,1.098,22.0,7250.13
2023,4,Mustard,Haryana,Rabi,118.5,23.3,1.071,22.0,7282.31
2023,4,Mustard,UP,Rabi,152.9,25.5,1.083,22.0,7787.93
2023,4,Mustard,Maharashtra,Rabi,120.1,22.9,1.06,22.0,7590.26
2023,4,Mustard,Karnataka,Rabi,144.1,22.1,1.069,22.0,8161.27
2023,4,Mustard,Andhra Pradesh,Rabi,143.5,25.6,1.064,22.0,8012.41
2023,4,Mustard,Madhya Pradesh,Rabi,156.1,27.1,1.105,22.0,7374.11
2023,4,Mustard,Rajasthan,Rabi,128.8,20.4,1.118,22.0,7508.94
2023,4,Mustard,Gujarat,Rabi,141.5,22.7,1.091,22.0,7426.28
2023,4,Mustard,Bihar,Rabi,126.6,19.9,1.121,22.0,7291.69
2023,4,Mustard,West Bengal,Rabi,156.4,20.9,1.106,22.0,7494.58
2023,4,Mustard,Tamil Nadu,Rabi,179.8,23.4,1.069,22.0,7581.29
2023,5,Wheat,Punjab,Rabi,106.8,36.2,1.166,22.0,3000.57
2023,5,Wheat,Haryana,Rabi,70.4,33.4,1.119,22.0,3016.83
2023,5,Wheat,UP,Rabi,108.7,32.1,1.105,22.0,2695.95
2023,5,Wheat,Maharashtra,Rabi,94.3,38.5,1.184,22.0,2804.55
2023,5,Wheat,Karnataka,Rabi,75.0,35.7,1.165,22.0,3029.75
2023,5,Wheat,Andhra Pradesh,Rabi,83.1,36.4,1.142,22.0,3061.83
2023,5,Wheat,Madhya Pradesh,Rabi,79.3,35.6,1.181,22.0,2789.81
2023,5,Wheat,Rajasthan,Rabi,58.8,31.3,1.181,22.0,2728.48
2023,5,Wheat,Gujarat,Rabi,92.8,32.5,1.094,22.0,3076.83
2023,5,Wheat,Bihar,Rabi,104.9,34.6,1.187,22.0,2852.97
2023,5,Wheat,West Bengal,Rabi,116.3,35.6,1.122,22.0,2819.49
2023,5,Wheat,Tamil Nadu,Rabi,65.6,36.2,1.143,22.0,3119.74
2023,5,Rice,Punjab,Kharif,132.7,37.3,1.07,22.0,2882.13
2023,5,Rice,Haryana,Kharif,124.4,38.3,1.1,22.0,2764.71
2023,5,Rice,UP,Kharif,122.2,34.5,1.128,22.0,3023.77
2023,5,Rice,Maharashtra,Kharif,132.2,33.0,1.134,22.0,2888.85
2023,5,Rice,Karnataka,Kharif,101.0,38.0,1.148,22.0,2878.11
2023,5,Rice,Andhra Pradesh,Kharif,100.2,35.4,1.117,22.0,2816.68
2023,5,Rice,Madhya Pradesh,Kharif,134.4,37.0,1.079,22.0,2722.87
2023,5,Rice,Rajasthan,Kharif,116.8,38.1,1.104,22.0,2685.38
2023,5,Rice,Gujarat,Kharif,93.9,35.5,1.129,22.0,2712.77
2023,5,Rice,Bihar,Kharif,110.0,38.3,1.112,22.0,2839.03
2023,5,Rice,West Bengal,Kharif,124.1,37.8,1.075,22.0,2730.28
2023,5,Rice,Tamil Nadu,Kharif,81.8,36.9,1.163,22.0,2736.3
2023,5,Maize,Punjab,Kharif,167.8,36.7,1.197,22.0,2997.07
2023,5,Maize,Haryana,Kharif,163.2,37.4,1.169,22.0,2901.31
2023,5,Maize,UP,Kharif,140.4,36.1,1.158,22.0,2679.74
2023,5,Maize,Maharashtra,Kharif,140.4,35.9,1.148,22.0,2645.93
2023,5,Maize,Karnataka,Kharif,141.4,35.3,1.086,22.0,3061.56
2023,5,Maize,Andhra Pradesh,Kharif,171.8,31.3,1.164,22.0,2739.69
2023,5,Maize,Madhya Pradesh,Kharif,144.3,35.3,1.156,22.0,2726.13
2023,5,Maize,Rajasthan,Kharif,127.7,36.1,1.175,22.0,3051.28
2023,5,Maize,Gujarat,Kharif,139.3,33.9,1.172,22.0,3065.97
2023,5,Maize,Bihar,Kharif,143.2,38.2,1.158,22.0,2991.52
2023,5,Maize,West Bengal,Kharif,190.2,34.5,1.18,22.0,2950.13
2023,5,Maize,Tamil Nadu,Kharif,133.9,34.8,1.162,22.0,2773.09
2023,5,Potato,Punjab,Rabi,122.7,31.0,0.945,22.0,843.55
2023,5,Potato,Haryana,Rabi,114.1,27.9,0.974,22.0,880.84
2023,5,Potato,UP,Rabi,93.7,27.9,1.026,22.0,927.56
2023,5,Potato,Maharashtra,Rabi,112.6,32.0,0.999,22.0,893.16
2023,5,Potato,Karnataka,Rabi,114.6,31.7,1.007,22.0,854.56
2023,5,Potato,Andhra Pradesh,Rabi,100.4,33.3,0.932,22.0,850.21
2023,5,Potato,Madhya Pradesh,Rabi,93.0,30.3,0.947,22.0,872.46
2023,5,Potato,Rajasthan,Rabi,101.8,26.1,0.974,22.0,879.8
2023,5,Potato,Gujarat,Rabi,123.6,29.3,0.945,22.0,833.82
2023,5,Potato,Bihar,Rabi,125.4,29.8,0.935,22.0,908.26
2023,5,Potato,West Bengal,Rabi,112.4,30.0,0.954,22.0,931.54
2023,5,Potato,Tamil Nadu,Rabi,95.6,27.2,1.018,22.0,871.71
2023,5,Tomato,Punjab,Year-round,54.8,40.1,0.855,22.0,1289.77
2023,5,Tomato,Haryana,Year-round,50.8,38.7,0.865,22.0,1158.07
2023,5,Tomato,UP,Year-round,90.6,43.2,0.891,22.0,1265.05
2023,5,Tomato,Maharashtra,Year-round,67.8,38.9,0.875,22.0,1322.06
2023,5,Tomato,Karnataka,Year-round,69.0,38.8,0.917,22.0,1220.76
2023,5,Tomato,Andhra Pradesh,Year-round,64.4,43.4,0.84,22.0,1218.4
2023,5,Tomato,Madhya Pradesh,Year-round,91.7,42.0,0.915,22.0,1342.63
2023,5,Tomato,Rajasthan,Year-round,59.2,41.5,0.892,22.0,1230.5
2023,5,Tomato,Gujarat,Year-round,73.0,38.2,0.833,22.0,1151.89
2023,5,Tomato,Bihar,Year-round,123.5,41.1,0.84,22.0,1241.39
2023,5,Tomato,West Bengal,Year-round,108.7,42.5,0.834,22.0,1185.25
2023,5,Tomato,Tamil Nadu,Year-round,42.3,38.5,0.911,22.0,1257.06
2023,5,Onion,Punjab,Rabi,86.2,37.5,0.966,22.0,1669.1
2023,5,Onion,Haryana,Rabi,114.0,34.2,1.019,22.0,1816.86
2023,5,Onion,UP,Rabi,109.1,33.8,1.037,22.0,1901.62
2023,5,Onion,Maharashtra,Rabi,94.4,37.4,1.033,22.0,1801.22
2023,5,Onion,Karnataka,Rabi,74.5,34.2,0.967,22.0,1931.73
2023,5,Onion,Andhra Pradesh,Rabi,86.3,37.2,1.035,22.0,1844.72
2023,5,Onion,Madhya Pradesh,Rabi,99.3,38.9,1.005,22.0,1898.92
2023,5,Onion,Rajasthan,Rabi,130.7,34.9,1.021,22.0,1912.44
2023,5,Onion,Gujarat,Rabi,83.3,31.8,1.042,22.0,1766.98
2023,5,Onion,Bihar,Rabi,91.2,33.6,0.983,22.0,1779.18
2023,5,Onion,West Bengal,Rabi,90.6,35.7,0.96,22.0,1685.94
2023,5,Onion,Tamil Nadu,Rabi,83.9,38.6,0.97,22.0,1723.12
2023,5,Soybean,Punjab,Kharif,128.1,41.9,0.865,22.0,4836.58
2023,5,Soybean,Haryana,Kharif,120.2,38.4,0.907,22.0,4857.5
2023,5,Soybean,UP,Kharif,114.9,40.2,0.878,22.0,4694.42
2023,5,Soybean,Maharashtra,Kharif,135.9,44.4,0.862,22.0,5046.46
2023,5,Soybean,Karnataka,Kharif,126.4,39.6,0.837,22.0,5252.25
2023,5,Soybean,Andhra Pradesh,Kharif,116.8,41.1,0.908,22.0,5007.96
2023,5,Soybean,Madhya Pradesh,Kharif,132.3,40.9,0.842,22.0,5374.29
2023,5,Soybean,Rajasthan,Kharif,124.4,42.1,0.896,22.0,5396.7
2023,5,Soybean,Gujarat,Kharif,88.7,41.7,0.841,22.0,5015.2
2023,5,Soybean,Bihar,Kharif,118.5,41.4,0.856,22.0,5259.36
2023,5,Soybean,West Bengal,Kharif,138.2,39.5,0.859,22.0,5130.59
2023,5,Soybean,Tamil Nadu,Kharif,174.5,38.6,0.831,22.0,5125.84
2023,5,Cotton,Punjab,Kharif,113.9,40.7,0.892,22.0,7528.24
2023,5,Cotton,Haryana,Kharif,119.0,40.9,0.922,22.0,7079.99
2023,5,Cotton,UP,Kharif,142.1,38.3,0.906,22.0,6747.69
2023,5,Cotton,Maharashtra,Kharif,127.3,41.1,0.893,22.0,7352.03
2023,5,Cotton,Karnataka,Kharif,70.8,37.9,0.892,22.0,7042.11
2023,5,Cotton,Andhra Pradesh,Kharif,116.1,37.7,0.861,22.0,6982.83
2023,5,Cotton,Madhya Pradesh,Kharif,131.3,41.0,0.847,22.0,6981.91
2023,5,Cotton,Rajasthan,Kharif,149.3,41.1,0.879,22.0,7279.0
2023,5,Cotton,Gujarat,Kharif,95.6,42.5,0.857,22.0,6827.81
2023,5,Cotton,Bihar,Kharif,115.8,42.7,0.864,22.0,6985.06
2023,5,Cotton,West Bengal,Kharif,115.3,41.5,0.87,22.0,7465.09
2023,5,Cotton,Tamil Nadu,Kharif,121.8,38.8,0.906,22.0,7216.51
2023,5,Sugarcane,Punjab,Year-round,49.8,37.4,0.931,22.0,334.28
2023,5,Sugarcane,Haryana,Year-round,45.4,39.6,0.904,22.0,334.05
2023,5,Sugarcane,UP,Year-round,92.8,39.7,0.896,22.0,353.13
2023,5,Sugarcane,Maharashtra,Year-round,94.8,38.7,0.967,22.0,321.37
2023,5,Sugarcane,Karnataka,Year-round,93.7,33.5,0.906,22.0,354.08
2023,5,Sugarcane,Andhra Pradesh,Year-round,72.3,39.7,0.922,22.0,337.12
2023,5,Sugarcane,Madhya Pradesh,Year-round,62.3,38.0,0.951,22.0,345.14
2023,5,Sugarcane,Rajasthan,Year-round,71.4,38.5,0.926,22.0,324.44
2023,5,Sugarcane,Gujarat,Year-round,56.5,38.1,0.936,22.0,360.46
2023,5,Sugarcane,Bihar,Year-round,92.8,35.9,0.932,22.0,314.07
2023,5,Sugarcane,West Bengal,Year-round,57.5,38.3,0.916,22.0,321.28
2023,5,Sugarcane,Tamil Nadu,Year-round,86.6,35.9,0.889,22.0,337.45
2023,5,Chilli,Punjab,Kharif,198.6,40.8,1.051,22.0,10267.56
2023,5,Chilli,Haryana,Kharif,195.5,42.9,1.077,22.0,9941.08
2023,5,Chilli,UP,Kharif,169.6,45.3,1.003,22.0,9629.65
2023,5,Chilli,Maharashtra,Kharif,208.2,43.7,1.024,22.0,9647.72
2023,5,Chilli,Karnataka,Kharif,213.5,42.2,1.016,22.0,9060.16
2023,5,Chilli,Andhra Pradesh,Kharif,168.2,39.1,1.035,22.0,8941.14
2023,5,Chilli,Madhya Pradesh,Kharif,206.8,40.5,1.022,22.0,9204.78
2023,5,Chilli,Rajasthan,Kharif,163.4,43.4,1.073,22.0,10002.82
2023,5,Chilli,Gujarat,Kharif,186.5,44.3,1.03,22.0,9711.34
2023,5,Chilli,Bihar,Kharif,201.4,40.1,1.074,22.0,9023.75
2023,5,Chilli,West Bengal,Kharif,200.7,40.7,1.053,22.0,9657.66
2023,5,Chilli,Tamil Nadu,Kharif,193.0,40.9,1.078,22.0,10019.85
2023,5,Gram,Punjab,Rabi,209.7,35.9,1.107,22.0,6511.62
2023,5,Gram,Haryana,Rabi,174.1,33.4,1.029,22.0,6395.96
2023,5,Gram,UP,Rabi,135.8,35.0,1.071,22.0,7396.17
2023,5,Gram,Maharashtra,Rabi,177.9,38.0,1.092,22.0,7331.6
2023,5,Gram,Karnataka,Rabi,173.2,32.1,1.063,22.0,7252.38
2023,5,Gram,Andhra Pradesh,Rabi,152.8,35.7,1.09,22.0,6491.61
2023,5,Gram,Madhya Pradesh,Rabi,174.7,36.7,1.135,22.0,7040.06
2023,5,Gram,Rajasthan,Rabi,155.3,38.1,1.095,22.0,6421.06
2023,5,Gram,Gujarat,Rabi,179.7,33.7,1.126,22.0,6730.44
2023,5,Gram,Bihar,Rabi,165.6,32.9,1.065,22.0,6590.54
2023,5,Gram,West Bengal,Rabi,185.2,37.6,1.133,22.0,6818.12
2023,5,Gram,Tamil Nadu,Rabi,126.6,38.8,1.128,22.0,6592.65
2023,5,Mustard,Punjab,Rabi,186.7,43.7,0.975,22.0,6737.69
2023,5,Mustard,Haryana,Rabi,227.9,40.0,1.03,22.0,6889.93
2023,5,Mustard,UP,Rabi,247.0,43.2,1.04,22.0,6412.92
2023,5,Mustard,Maharashtra,Rabi,233.6,40.4,0.99,22.0,6905.3
2023,5,Mustard,Karnataka,Rabi,176.1,42.4,1.068,22.0,6071.8
2023,5,Mustard,Andhra Pradesh,Rabi,220.3,38.1,1.019,22.0,6151.05
2023,5,Mustard,Madhya Pradesh,Rabi,209.3,40.5,0.986,22.0,6409.11
2023,5,Mustard,Rajasthan,Rabi,226.2,42.3,1.066,22.0,6824.74
2023,5,Mustard,Gujarat,Rabi,159.2,40.8,1.061,22.0,6970.34
2023,5,Mustard,Bihar,Rabi,223.4,37.4,1.069,22.0,6683.49
2023,5,Mustard,West Bengal,Rabi,214.3,40.4,0.999,22.0,6933.81
2023,5,Mustard,Tamil Nadu,Rabi,212.4,42.7,1.01,22.0,6750.09
2023,6,Wheat,Punjab,Rabi,188.9,40.3,1.042,22.0,2333.33
2023,6,Wheat,Haryana,Rabi,150.5,42.7,1.072,22.0,2596.29
2023,6,Wheat,UP,Rabi,144.3,40.0,1.105,22.0,2481.56
2023,6,Wheat,Maharashtra,Rabi,185.8,39.8,1.068,22.0,2411.32
2023,6,Wheat,Karnataka,Rabi,137.2,40.7,1.109,22.0,2456.66
2023,6,Wheat,Andhra Pradesh,Rabi,189.5,39.2,1.107,22.0,2470.78
2023,6,Wheat,Madhya Pradesh,Rabi,156.1,42.3,1.016,22.0,2290.13
2023,6,Wheat,Rajasthan,Rabi,113.6,42.9,1.103,22.0,2471.33
2023,6,Wheat,Gujarat,Rabi,152.3,37.2,1.105,22.0,2538.14
2023,6,Wheat,Bihar,Rabi,160.1,41.5,1.119,22.0,2402.73
2023,6,Wheat,West Bengal,Rabi,158.2,38.0,1.116,22.0,2622.22
2023,6,Wheat,Tamil Nadu,Rabi,183.7,40.0,1.022,22.0,2613.74
2023,6,Rice,Punjab,Kharif,205.4,30.1,1.098,22.0,2621.5
2023,6,Rice,Haryana,Kharif,212.2,40.7,1.128,22.0,2398.87
2023,6,Rice,UP,Kharif,197.4,35.2,1.106,22.0,2601.12
2023,6,Rice,Maharashtra,Kharif,199.1,33.1,1.171,22.0,2407.3
2023,6,Rice,Karnataka,Kharif,220.5,35.3,1.121,22.0,2480.14
2023,6,Rice,Andhra Pradesh,Kharif,198.7,34.8,1.139,22.0,2695.26
2023,6,Rice,Madhya Pradesh,Kharif,238.3,38.6,1.095,22.0,2464.39
2023,6,Rice,Rajasthan,Kharif,240.9,35.1,1.182,22.0,2669.66
2023,6,Rice,Gujarat,Kharif,171.3,35.3,1.11,22.0,2500.96
2023,6,Rice,Bihar,Kharif,204.2,36.6,1.088,22.0,2368.22
2023,6,Rice,West Bengal,Kharif,193.7,35.2,1.091,22.0,2371.66
2023,6,Rice,Tamil Nadu,Kharif,201.8,37.2,1.183,22.0,2643.64
2023,6,Maize,Punjab,Kharif,260.5,46.1,0.884,22.0,1975.8
2023,6,Maize,Haryana,Kharif,214.0,39.9,0.923,22.0,2187.28
2023,6,Maize,UP,Kharif,229.4,41.4,0.916,22.0,2305.02
2023,6,Maize,Maharashtra,Kharif,239.6,40.8,0.896,22.0,2016.56
2023,6,Maize,Karnataka,Kharif,242.5,39.9,0.947,22.0,2178.41
2023,6,Maize,Andhra Pradesh,Kharif,258.1,41.9,0.957,22.0,2230.3
2023,6,Maize,Madhya Pradesh,Kharif,250.8,39.6,0.908,22.0,1982.71
2023,6,Maize,Rajasthan,Kharif,235.7,43.3,0.898,22.0,2005.31
2023,6,Maize,Gujarat,Kharif,217.8,37.9,0.943,22.0,2044.02
2023,6,Maize,Bihar,Kharif,235.9,41.3,0.936,22.0,2118.85
2023,6,Maize,West Bengal,Kharif,246.8,43.8,0.92,22.0,2084.19
2023,6,Maize,Tamil Nadu,Kharif,246.7,43.0,0.895,22.0,2068.73
2023,6,Potato,Punjab,Rabi,178.9,39.9,1.052,22.0,934.18
2023,6,Potato,Haryana,Rabi,204.0,40.6,1.013,22.0,947.33
2023,6,Potato,UP,Rabi,185.6,40.3,1.004,22.0,889.65
2023,6,Potato,Maharashtra,Rabi,226.9,40.7,1.076,22.0,924.0
2023,6,Potato,Karnataka,Rabi,220.2,41.4,1.079,22.0,860.04
2023,6,Potato,Andhra Pradesh,Rabi,230.6,37.6,1.076,22.0,854.9
2023,6,Potato,Madhya Pradesh,Rabi,197.5,42.6,1.054,22.0,933.33
2023,6,Potato,Rajasthan,Rabi,228.0,42.0,0.985,22.0,930.0
2023,6,Potato,Gujarat,Rabi,223.3,39.6,1.043,22.0,909.93
2023,6,Potato,Bihar,Rabi,229.9,37.1,1.013,22.0,902.62
2023,6,Potato,West Bengal,Rabi,215.8,41.5,0.991,22.0,865.42
2023,6,Potato,Tamil Nadu,Rabi,214.2,38.1,0.998,22.0,860.41
2023,6,Tomato,Punjab,Year-round,223.7,34.3,1.068,22.0,1430.17
2023,6,Tomato,Haryana,Year-round,241.4,37.6,0.997,22.0,1303.33
2023,6,Tomato,UP,Year-round,235.8,36.0,0.994,22.0,1379.76
2023,6,Tomato,Maharashtra,Year-round,285.1,38.5,1.077,22.0,1413.96
2023,6,Tomato,Karnataka,Year-round,287.5,35.8,1.039,22.0,1339.94
2023,6,Tomato,Andhra Pradesh,Year-round,260.5,34.4,1.021,22.0,1237.98
2023,6,Tomato,Madhya Pradesh,Year-round,261.2,34.3,1.086,22.0,1379.84
2023,6,Tomato,Rajasthan,Year-round,240.7,42.3,1.047,22.0,1389.24
2023,6,Tomato,Gujarat,Year-round,275.0,37.5,1.021,22.0,1240.15
2023,6,Tomato,Bihar,Year-round,252.9,35.5,1.078,22.0,1246.78
2023,6,Tomato,West Bengal,Year-round,257.7,37.7,1.037,22.0,1278.45
2023,6,Tomato,Tamil Nadu,Year-round,245.7,34.5,1.064,22.0,1358.56
2023,6,Onion,Punjab,Rabi,168.1,35.2,0.878,22.0,1295.71
2023,6,Onion,Haryana,Rabi,174.9,35.2,0.871,22.0,1408.88
2023,6,Onion,UP,Rabi,179.0,34.5,0.894,22.0,1397.71
2023,6,Onion,Maharashtra,Rabi,192.3,36.9,0.839,22.0,1288.5
2023,6,Onion,Karnataka,Rabi,172.0,33.9,0.867,22.0,1339.88
2023,6,Onion,Andhra Pradesh,Rabi,136.7,35.9,0.818,22.0,1434.82
2023,6,Onion,Madhya Pradesh,Rabi,204.4,35.0,0.815,22.0,1428.11
2023,6,Onion,Rajasthan,Rabi,171.6,38.4,0.842,22.0,1342.7
2023,6,Onion,Gujarat,Rabi,168.7,35.3,0.894,22.0,1411.08
2023,6,Onion,Bihar,Rabi,178.4,36.1,0.827,22.0,1292.67
2023,6,Onion,West Bengal,Rabi,167.8,34.6,0.876,22.0,1339.66
2023,6,Onion,Tamil Nadu,Rabi,170.5,33.2,0.859,22.0,1288.66
2023,6,Soybean,Punjab,Kharif,265.3,40.5,0.942,22.0,4487.44
2023,6,Soybean,Haryana,Kharif,244.7,33.6,0.919,22.0,4324.55
2023,6,Soybean,UP,Kharif,237.4,38.8,0.878,22.0,4040.52
2023,6,Soybean,Maharashtra,Kharif,273.2,41.3,0.943,22.0,4300.89
2023,6,Soybean,Karnataka,Kharif,239.7,42.6,0.923,22.0,3941.37
2023,6,Soybean,Andhra Pradesh,Kharif,263.2,38.0,0.941,22.0,4187.88
2023,6,Soybean,Madhya Pradesh,Kharif,231.0,39.7,0.957,22.0,3856.71
2023,6,Soybean,Rajasthan,Kharif,276.4,37.5,0.915,22.0,4510.98
2023,6,Soybean,Gujarat,Kharif,281.2,39.8,0.945,22.0,3980.74
2023,6,Soybean,Bihar,Kharif,228.4,42.3,0.954,22.0,4019.22
2023,6,Soybean,West Bengal,Kharif,203.8,39.8,0.875,22.0,3936.9
2023,6,Soybean,Tamil Nadu,Kharif,243.8,36.8,0.914,22.0,4282.86
2023,6,Cotton,Punjab,Kharif,172.2,36.2,0.94,22.0,6556.45
2023,6,Cotton,Haryana,Kharif,165.7,33.9,1.002,22.0,6922.83
2023,6,Cotton,UP,Kharif,183.9,36.2,0.986,22.0,6492.79
2023,6,Cotton,Maharashtra,Kharif,170.3,38.9,0.954,22.0,6706.6
2023,6,Cotton,Karnataka,Kharif,189.6,37.4,0.978,22.0,6721.48
2023,6,Cotton,Andhra Pradesh,Kharif,195.8,38.3,0.986,22.0,6122.04
2023,6,Cotton,Madhya Pradesh,Kharif,177.4,39.3,0.965,22.0,6426.62
2023,6,Cotton,Rajasthan,Kharif,203.8,38.2,0.953,22.0,6508.13
2023,6,Cotton,Gujarat,Kharif,198.9,33.7,1.019,22.0,6019.57
2023,6,Cotton,Bihar,Kharif,230.4,35.5,1.019,22.0,6515.91
2023,6,Cotton,West Bengal,Kharif,196.1,37.2,1.006,22.0,6808.96
2023,6,Cotton,Tamil Nadu,Kharif,172.5,42.1,0.987,22.0,6677.04
2023,6,Sugarcane,Punjab,Year-round,260.0,37.1,1.056,22.0,384.03
2023,6,Sugarcane,Haryana,Year-round,226.5,34.3,1.083,22.0,365.53
2023,6,Sugarcane,UP,Year-round,235.0,36.1,1.102,22.0,360.26
2023,6,Sugarcane,Maharashtra,Year-round,250.8,37.5,1.064,22.0,360.96
2023,6,Sugarcane,Karnataka,Year-round,185.2,34.1,1.082,22.0,361.15
2023,6,Sugarcane,Andhra Pradesh,Year-round,213.6,36.0,1.132,22.0,354.9
2023,6,Sugarcane,Madhya Pradesh,Year-round,266.2,37.7,1.141,22.0,376.75
2023,6,Sugarcane,Rajasthan,Year-round,207.7,37.8,1.113,22.0,370.74
2023,6,Sugarcane,Gujarat,Year-round,225.6,37.8,1.061,22.0,366.23
2023,6,Sugarcane,Bihar,Year-round,215.4,40.8,1.119,22.0,363.44
2023,6,Sugarcane,West Bengal,Year-round,253.7,37.4,1.12,22.0,365.33
2023,6,Sugarcane,Tamil Nadu,Year-round,213.1,37.8,1.126,22.0,385.91
2023,6,Chilli,Punjab,Kharif,249.3,42.6,1.034,22.0,9225.96
2023,6,Chilli,Haryana,Kharif,317.7,39.1,1.074,22.0,9484.6
2023,6,Chilli,UP,Kharif,268.8,36.0,1.059,22.0,9718.98
2023,6,Chilli,Maharashtra,Kharif,301.0,36.0,1.018,22.0,9505.79
2023,6,Chilli,Karnataka,Kharif,264.0,38.2,0.992,22.0,9291.22
2023,6,Chilli,Andhra Pradesh,Kharif,263.0,37.8,1.015,22.0,9874.97
2023,6,Chilli,Madhya Pradesh,Kharif,279.2,42.1,1.043,22.0,9948.11
2023,6,Chilli,Rajasthan,Kharif,276.1,36.7,0.999,22.0,10008.44
2023,6,Chilli,Gujarat,Kharif,301.0,40.3,0.992,22.0,10423.23
2023,6,Chilli,Bihar,Kharif,277.8,40.8,0.991,22.0,9083.53
2023,6,Chilli,West Bengal,Kharif,273.9,40.1,1.078,22.0,8999.29
2023,6,Chilli,Tamil Nadu,Kharif,241.6,37.0,1.063,22.0,9448.6
2023,6,Gram,Punjab,Rabi,202.2,43.0,0.886,22.0,5585.41
2023,6,Gram,Haryana,Rabi,216.1,46.1,0.883,22.0,5923.9
2023,6,Gram,UP,Rabi,197.4,41.9,0.89,22.0,5622.84
2023,6,Gram,Maharashtra,Rabi,155.0,45.8,0.83,22.0,5528.21
2023,6,Gram,Karnataka,Rabi,164.4,38.2,0.859,22.0,5755.16
2023,6,Gram,Andhra Pradesh,Rabi,170.8,40.8,0.868,22.0,5302.09
2023,6,Gram,Madhya Pradesh,Rabi,142.8,45.7,0.885,22.0,5749.17
2023,6,Gram,Rajasthan,Rabi,170.5,42.1,0.912,22.0,5317.06
2023,6,Gram,Gujarat,Rabi,170.8,43.2,0.913,22.0,5940.96
2023,6,Gram,Bihar,Rabi,158.7,39.7,0.854,22.0,5816.17
2023,6,Gram,West Bengal,Rabi,173.9,43.2,0.84,22.0,5806.41
2023,6,Gram,Tamil Nadu,Rabi,205.1,42.7,0.834,22.0,5983.32
2023,6,Mustard,Punjab,Rabi,69.6,39.0,1.178,22.0,7183.55
2023,6,Mustard,Haryana,Rabi,90.3,39.0,1.136,22.0,6930.12
2023,6,Mustard,UP,Rabi,116.3,32.6,1.187,22.0,6594.96
2023,6,Mustard,Maharashtra,Rabi,84.7,38.6,1.115,22.0,6932.41
2023,6,Mustard,Karnataka,Rabi,84.7,34.3,1.165,22.0,7151.42
2023,6,Mustard,Andhra Pradesh,Rabi,92.4,36.8,1.173,22.0,7267.35
2023,6,Mustard,Madhya Pradesh,Rabi,75.2,33.7,1.19,22.0,6328.17
2023,6,Mustard,Rajasthan,Rabi,101.3,36.2,1.114,22.0,6280.97
2023,6,Mustard,Gujarat,Rabi,110.8,38.3,1.133,22.0,6522.97
2023,6,Mustard,Bihar,Rabi,78.7,39.2,1.171,22.0,7311.01
2023,6,Mustard,West Bengal,Rabi,75.4,36.1,1.177,22.0,6422.68
2023,6,Mustard,Tamil Nadu,Rabi,39.1,35.3,1.14,22.0,7284.57
2023,7,Wheat,Punjab,Rabi,157.9,29.3,1.014,22.0,2509.88
2023,7,Wheat,Haryana,Rabi,142.2,26.5,1.048,22.0,2494.13
2023,7,Wheat,UP,Rabi,138.4,24.4,1.015,22.0,2271.24
2023,7,Wheat,Maharashtra,Rabi,98.9,24.6,1.047,22.0,2507.55
2023,7,Wheat,Karnataka,Rabi,155.9,28.9,1.031,22.0,2190.85
2023,7,Wheat,Andhra Pradesh,Rabi,174.5,28.8,1.077,22.0,2519.45
2023,7,Wheat,Madhya Pradesh,Rabi,132.1,27.3,1.057,22.0,2410.74
2023,7,Wheat,Rajasthan,Rabi,98.5,26.6,1.035,22.0,2522.9
2023,7,Wheat,Gujarat,Rabi,142.2,29.4,0.994,22.0,2434.07
2023,7,Wheat,Bihar,Rabi,140.6,25.1,0.992,22.0,2412.79
2023,7,Wheat,West Bengal,Rabi,158.7,26.4,1.065,22.0,2381.7
2023,7,Wheat,Tamil Nadu,Rabi,123.6,27.2,1.0,22.0,2535.52
2023,7,Rice,Punjab,Kharif,286.6,26.7,0.97,22.0,2149.24
2023,7,Rice,Haryana,Kharif,319.3,25.7,1.002,22.0,2367.43
2023,7,Rice,UP,Kharif,259.1,26.3,1.026,22.0,2280.61
2023,7,Rice,Maharashtra,Kharif,303.6,27.1,0.979,22.0,2392.87
2023,7,Rice,Karnataka,Kharif,302.6,29.8,0.965,22.0,2189.28
2023,7,Rice,Andhra Pradesh,Kharif,302.9,30.6,0.975,22.0,2234.96
2023,7,Rice,Madhya Pradesh,Kharif,304.4,28.8,1.032,22.0,2212.46
2023,7,Rice,Rajasthan,Kharif,303.3,26.0,0.997,22.0,2334.21
2023,7,Rice,Gujarat,Kharif,312.3,26.3,0.975,22.0,2103.22
2023,7,Rice,Bihar,Kharif,331.2,27.2,0.961,22.0,2165.1
2023,7,Rice,West Bengal,Kharif,313.4,30.8,1.031,22.0,2093.72
2023,7,Rice,Tamil Nadu,Kharif,298.1,30.5,1.02,22.0,2135.7
2023,7,Maize,Punjab,Kharif,242.5,33.8,1.014,22.0,2302.97
2023,7,Maize,Haryana,Kharif,288.0,30.3,0.991,22.0,2417.53
2023,7,Maize,UP,Kharif,243.4,28.2,1.003,22.0,2398.31
2023,7,Maize,Maharashtra,Kharif,269.7,27.2,0.966,22.0,2301.53
2023,7,Maize,Karnataka,Kharif,232.0,30.4,0.969,22.0,2229.8
2023,7,Maize,Andhra Pradesh,Kharif,245.5,27.6,0.989,22.0,2262.63
2023,7,Maize,Madhya Pradesh,Kharif,233.4,30.0,1.037,22.0,2231.37
2023,7,Maize,Rajasthan,Kharif,294.7,28.0,1.039,22.0,2265.51
2023,7,Maize,Gujarat,Kharif,249.1,31.2,0.981,22.0,2198.21
2023,7,Maize,Bihar,Kharif,250.4,28.6,1.058,22.0,2093.7
2023,7,Maize,West Bengal,Kharif,238.2,31.4,1.03,22.0,2195.43
2023,7,Maize,Tamil Nadu,Kharif,204.9,29.3,0.97,22.0,2203.92
2023,7,Potato,Punjab,Rabi,145.9,25.2,0.986,22.0,827.67
2023,7,Potato,Haryana,Rabi,168.2,27.4,0.968,22.0,778.6
2023,7,Potato,UP,Rabi,140.3,23.7,0.964,22.0,855.4
2023,7,Potato,Maharashtra,Rabi,161.9,22.6,0.953,22.0,875.44
2023,7,Potato,Karnataka,Rabi,169.4,22.9,0.985,22.0,806.98
2023,7,Potato,Andhra Pradesh,Rabi,141.2,26.1,0.958,22.0,865.32
2023,7,Potato,Madhya Pradesh,Rabi,169.7,28.2,0.951,22.0,809.74
2023,7,Potato,Rajasthan,Rabi,139.5,28.5,0.958,22.0,848.81
2023,7,Potato,Gujarat,Rabi,141.5,25.8,0.999,22.0,859.66
2023,7,Potato,Bihar,Rabi,141.1,26.6,0.959,22.0,834.19
2023,7,Potato,West Bengal,Rabi,107.9,24.6,1.007,22.0,841.52
2023,7,Potato,Tamil Nadu,Rabi,140.1,26.4,1.005,22.0,844.38
2023,7,Tomato,Punjab,Year-round,197.5,20.8,1.181,22.0,1481.06
2023,7,Tomato,Haryana,Year-round,156.2,20.5,1.109,22.0,1346.43
2023,7,Tomato,UP,Year-round,179.4,18.4,1.171,22.0,1302.96
2023,7,Tomato,Maharashtra,Year-round,195.3,15.7,1.174,22.0,1492.91
2023,7,Tomato,Karnataka,Year-round,185.5,18.0,1.16,22.0,1350.9
2023,7,Tomato,Andhra Pradesh,Year-round,171.1,20.0,1.169,22.0,1352.37
2023,7,Tomato,Madhya Pradesh,Year-round,197.7,17.1,1.145,22.0,1351.42
2023,7,Tomato,Rajasthan,Year-round,190.2,20.0,1.14,22.0,1457.45
2023,7,Tomato,Gujarat,Year-round,220.6,16.5,1.149,22.0,1391.98
2023,7,Tomato,Bihar,Year-round,174.2,19.4,1.108,22.0,1491.23
2023,7,Tomato,West Bengal,Year-round,176.4,14.7,1.11,22.0,1370.04
2023,7,Tomato,Tamil Nadu,Year-round,205.5,16.3,1.09,22.0,1505.61
2023,7,Onion,Punjab,Rabi,172.0,28.6,1.07,22.0,1467.67
2023,7,Onion,Haryana,Rabi,153.0,28.2,1.032,22.0,1503.3
2023,7,Onion,UP,Rabi,161.3,28.5,1.047,22.0,1390.53
2023,7,Onion,Maharashtra,Rabi,140.8,25.5,1.053,22.0,1478.23
2023,7,Onion,Karnataka,Rabi,176.4,29.1,1.013,22.0,1336.37
2023,7,Onion,Andhra Pradesh,Rabi,145.2,28.3,1.017,22.0,1350.11
2023,7,Onion,Madhya Pradesh,Rabi,157.2,28.3,1.033,22.0,1496.35
2023,7,Onion,Rajasthan,Rabi,155.5,30.1,1.038,22.0,1442.73
2023,7,Onion,Gujarat,Rabi,144.3,23.2,1.016,22.0,1433.02
2023,7,Onion,Bihar,Rabi,135.9,25.2,1.039,22.0,1412.07
2023,7,Onion,West Bengal,Rabi,161.5,28.7,1.067,22.0,1543.56
2023,7,Onion,Tamil Nadu,Rabi,146.4,24.7,1.018,22.0,1545.77
2023,7,Soybean,Punjab,Kharif,150.8,35.2,0.974,22.0,4211.55
2023,7,Soybean,Haryana,Kharif,127.1,38.9,0.94,22.0,4672.14
2023,7,Soybean,UP,Kharif,122.7,39.8,0.939,22.0,4463.62
2023,7,Soybean,Maharashtra,Kharif,99.4,38.1,0.937,22.0,4382.55
2023,7,Soybean,Karnataka,Kharif,143.1,39.5,0.976,22.0,4493.37
2023,7,Soybean,Andhra Pradesh,Kharif,139.3,36.0,0.963,22.0,4414.95
2023,7,Soybean,Madhya Pradesh,Kharif,110.7,35.6,0.952,22.0,4009.48
2023,7,Soybean,Rajasthan,Kharif,97.4,38.0,0.946,22.0,4418.01
2023,7,Soybean,Gujarat,Kharif,127.0,35.9,0.928,22.0,4318.93
2023,7,Soybean,Bihar,Kharif,119.6,37.7,0.965,22.0,4010.9
2023,7,Soybean,West Bengal,Kharif,124.0,36.4,0.959,22.0,4120.02
2023,7,Soybean,Tamil Nadu,Kharif,128.6,37.4,0.972,22.0,4196.06
2023,7,Cotton,Punjab,Kharif,241.0,35.4,0.949,22.0,6771.96
2023,7,Cotton,Haryana,Kharif,225.0,35.5,1.027,22.0,6961.56
2023,7,Cotton,UP,Kharif,214.7,35.9,0.961,22.0,6936.61
2023,7,Cotton,Maharashtra,Kharif,235.1,31.5,1.017,22.0,6495.08
2023,7,Cotton,Karnataka,Kharif,211.9,38.7,1.032,22.0,6951.67
2023,7,Cotton,Andhra Pradesh,Kharif,223.3,36.1,0.993,22.0,7223.86
2023,7,Cotton,Madhya Pradesh,Kharif,215.0,35.4,0.98,22.0,6856.2
2023,7,Cotton,Rajasthan,Kharif,238.5,34.3,1.029,22.0,6402.09
2023,7,Cotton,Gujarat,Kharif,222.6,34.9,0.94,22.0,7221.24
2023,7,Cotton,Bihar,Kharif,234.8,35.6,1.018,22.0,6535.89
2023,7,Cotton,West Bengal,Kharif,247.5,35.2,0.958,22.0,7141.31
2023,7,Cotton,Tamil Nadu,Kharif,239.3,37.2,0.96,22.0,6864.46
2023,7,Sugarcane,Punjab,Year-round,177.3,27.9,1.048,22.0,340.02
2023,7,Sugarcane,Haryana,Year-round,152.3,32.3,1.057,22.0,350.95
2023,7,Sugarcane,UP,Year-round,170.6,27.5,1.076,22.0,319.24
2023,7,Sugarcane,Maharashtra,Year-round,165.0,30.0,1.074,22.0,358.46
2023,7,Sugarcane,Karnataka,Year-round,155.9,29.7,0.991,22.0,347.31
2023,7,Sugarcane,Andhra Pradesh,Year-round,154.2,30.5,1.081,22.0,320.49
2023,7,Sugarcane,Madhya Pradesh,Year-round,118.9,26.3,1.033,22.0,315.25
2023,7,Sugarcane,Rajasthan,Year-round,145.7,29.7,1.018,22.0,342.97
2023,7,Sugarcane,Gujarat,Year-round,160.9,26.7,1.079,22.0,333.14
2023,7,Sugarcane,Bihar,Year-round,156.7,24.7,1.08,22.0,343.47
2023,7,Sugarcane,West Bengal,Year-round,125.8,25.1,1.08,22.0,337.31
2023,7,Sugarcane,Tamil Nadu,Year-round,132.4,29.6,1.038,22.0,347.56
2023,7,Chilli,Punjab,Kharif,170.7,25.2,0.949,22.0,8570.2
2023,7,Chilli,Haryana,Kharif,168.6,28.4,0.918,22.0,8555.79
2023,7,Chilli,UP,Kharif,145.0,28.3,0.905,22.0,8010.78
2023,7,Chilli,Maharashtra,Kharif,159.4,28.9,0.955,22.0,7673.0
2023,7,Chilli,Karnataka,Kharif,166.2,27.5,0.91,22.0,8089.05
2023,7,Chilli,Andhra Pradesh,Kharif,161.1,26.8,0.952,22.0,7964.83
2023,7,Chilli,Madhya Pradesh,Kharif,163.5,29.0,0.972,22.0,8526.48
2023,7,Chilli,Rajasthan,Kharif,183.9,25.6,0.901,22.0,7859.24
2023,7,Chilli,Gujarat,Kharif,131.0,30.4,0.976,22.0,7767.4
2023,7,Chilli,Bihar,Kharif,221.8,27.2,0.956,22.0,8604.55
2023,7,Chilli,West Bengal,Kharif,170.2,25.2,0.957,22.0,7961.65
2023,7,Chilli,Tamil Nadu,Kharif,165.8,29.0,0.91,22.0,7689.36
2023,7,Gram,Punjab,Rabi,229.3,28.7,1.177,22.0,6005.93
2023,7,Gram,Haryana,Rabi,268.8,29.9,1.107,22.0,5991.21
2023,7,Gram,UP,Rabi,214.7,30.9,1.155,22.0,6433.35
2023,7,Gram,Maharashtra,Rabi,222.8,28.7,1.124,22.0,5776.12
2023,7,Gram,Karnataka,Rabi,287.8,29.5,1.14,22.0,6428.85
2023,7,Gram,Andhra Pradesh,Rabi,227.0,31.7,1.128,22.0,6122.3
2023,7,Gram,Madhya Pradesh,Rabi,214.1,31.3,1.152,22.0,5933.48
2023,7,Gram,Rajasthan,Rabi,254.1,31.9,1.1,22.0,5829.51
2023,7,Gram,Gujarat,Rabi,250.6,31.2,1.182,22.0,6683.24
2023,7,Gram,Bihar,Rabi,232.9,32.4,1.098,22.0,5937.14
2023,7,Gram,West Bengal,Rabi,249.5,29.4,1.123,22.0,5833.2
2023,7,Gram,Tamil Nadu,Rabi,244.1,31.4,1.078,22.0,6539.91
2023,7,Mustard,Punjab,Rabi,178.8,28.3,0.995,22.0,5683.16
2023,7,Mustard,Haryana,Rabi,210.9,30.1,1.017,22.0,5753.6
2023,7,Mustard,UP,Rabi,156.5,29.5,0.959,22.0,5677.13
2023,7,Mustard,Maharashtra,Rabi,199.5,30.5,0.962,22.0,6170.52
2023,7,Mustard,Karnataka,Rabi,163.2,28.4,0.976,22.0,6292.09
2023,7,Mustard,Andhra Pradesh,Rabi,191.7,28.9,0.98,22.0,5599.9
2023,7,Mustard,Madhya Pradesh,Rabi,184.2,30.6,0.983,22.0,6006.48
2023,7,Mustard,Rajasthan,Rabi,180.7,26.2,1.027,22.0,6364.05
2023,7,Mustard,Gujarat,Rabi,157.7,30.8,0.964,22.0,5429.2
2023,7,Mustard,Bihar,Rabi,171.9,28.5,0.983,22.0,5687.46
2023,7,Mustard,West Bengal,Rabi,190.2,31.9,0.961,22.0,5987.82
2023,7,Mustard,Tamil Nadu,Rabi,197.6,33.6,1.031,22.0,5498.48
2023,8,Wheat,Punjab,Rabi,193.4,32.4,1.074,22.0,2509.32
2023,8,Wheat,Haryana,Rabi,210.5,35.1,1.106,22.0,2645.1
2023,8,Wheat,UP,Rabi,186.3,28.9,1.126,22.0,2743.55
2023,8,Wheat,Maharashtra,Rabi,168.8,29.8,1.035,22.0,2782.43
2023,8,Wheat,Karnataka,Rabi,194.5,28.9,1.124,22.0,2629.98
2023,8,Wheat,Andhra Pradesh,Rabi,204.4,31.8,1.048,22.0,2618.49
2023,8,Wheat,Madhya Pradesh,Rabi,203.5,28.3,1.05,22.0,2774.32
2023,8,Wheat,Rajasthan,Rabi,182.8,30.4,1.051,22.0,2664.96
2023,8,Wheat,Gujarat,Rabi,217.7,30.0,1.055,22.0,2633.68
2023,8,Wheat,Bihar,Rabi,157.6,29.8,1.102,22.0,2645.42
2023,8,Wheat,West Bengal,Rabi,195.6,33.3,1.044,22.0,2606.0
2023,8,Wheat,Tamil Nadu,Rabi,157.4,31.8,1.035,22.0,2766.7
2023,8,Rice,Punjab,Kharif,149.0,31.8,1.075,22.0,2550.49
2023,8,Rice,Haryana,Kharif,104.1,27.9,1.024,22.0,2600.47
2023,8,Rice,UP,Kharif,116.5,28.8,1.062,22.0,2407.51
2023,8,Rice,Maharashtra,Kharif,141.8,29.1,1.104,22.0,2589.71
2023,8,Rice,Karnataka,Kharif,98.5,30.8,1.02,22.0,2571.41
2023,8,Rice,Andhra Pradesh,Kharif,119.4,29.2,1.062,22.0,2573.17
2023,8,Rice,Madhya Pradesh,Kharif,116.5,30.8,1.014,22.0,2228.48
2023,8,Rice,Rajasthan,Kharif,136.7,29.0,1.059,22.0,2603.6
2023,8,Rice,Gujarat,Kharif,122.2,26.5,1.038,22.0,2476.02
2023,8,Rice,Bihar,Kharif,119.8,29.3,1.106,22.0,2587.19
2023,8,Rice,West Bengal,Kharif,155.5,31.9,1.018,22.0,2405.33
2023,8,Rice,Tamil Nadu,Kharif,119.8,30.1,1.051,22.0,2226.84
2023,8,Maize,Punjab,Kharif,255.7,25.6,1.088,22.0,2786.18
2023,8,Maize,Haryana,Kharif,256.5,28.9,1.101,22.0,2847.8
2023,8,Maize,UP,Kharif,232.1,27.6,1.154,22.0,2772.94
2023,8,Maize,Maharashtra,Kharif,238.9,29.1,1.072,22.0,2726.92
2023,8,Maize,Karnataka,Kharif,236.1,25.8,1.078,22.0,2843.42
2023,8,Maize,Andhra Pradesh,Kharif,254.3,24.9,1.064,22.0,3058.33
2023,8,Maize,Madhya Pradesh,Kharif,228.5,29.0,1.086,22.0,2820.42
2023,8,Maize,Rajasthan,Kharif,266.4,28.0,1.114,22.0,2711.09
2023,8,Maize,Gujarat,Kharif,233.5,30.6,1.094,22.0,2995.19
2023,8,Maize,Bihar,Kharif,246.6,26.8,1.073,22.0,3092.5
2023,8,Maize,West Bengal,Kharif,278.0,26.4,1.126,22.0,2864.45
2023,8,Maize,Tamil Nadu,Kharif,231.8,27.8,1.124,22.0,2895.38
2023,8,Potato,Punjab,Rabi,280.9,29.2,1.01,22.0,953.52
2023,8,Potato,Haryana,Rabi,255.8,30.0,1.084,22.0,947.88
2023,8,Potato,UP,Rabi,305.6,30.6,1.0,22.0,1021.76
2023,8,Potato,Maharashtra,Rabi,296.3,30.5,1.053,22.0,899.28
2023,8,Potato,Karnataka,Rabi,257.7,29.9,1.064,22.0,907.34
2023,8,Potato,Andhra Pradesh,Rabi,315.2,31.9,1.062,22.0,1029.68
2023,8,Potato,Madhya Pradesh,Rabi,255.9,27.2,1.046,22.0,913.34
2023,8,Potato,Rajasthan,Rabi,270.7,27.4,1.062,22.0,1009.08
2023,8,Potato,Gujarat,Rabi,251.3,30.8,1.04,22.0,892.42
2023,8,Potato,Bihar,Rabi,286.3,29.9,1.019,22.0,996.44
2023,8,Potato,West Bengal,Rabi,295.7,30.5,0.991,22.0,908.23
2023,8,Potato,Tamil Nadu,Rabi,249.2,33.5,0.992,22.0,929.14
2023,8,Tomato,Punjab,Year-round,164.1,22.4,1.102,22.0,1287.87
2023,8,Tomato,Haryana,Year-round,172.7,21.0,1.06,22.0,1506.48
2023,8,Tomato,UP,Year-round,170.5,23.7,1.082,22.0,1387.29
2023,8,Tomato,Maharashtra,Year-round,157.7,17.8,1.033,22.0,1346.4
2023,8,Tomato,Karnataka,Year-round,165.0,23.0,1.023,22.0,1307.32
2023,8,Tomato,Andhra Pradesh,Year-round,162.5,20.1,1.055,22.0,1340.3
2023,8,Tomato,Madhya Pradesh,Year-round,170.7,25.1,1.084,22.0,1355.2
2023,8,Tomato,Rajasthan,Year-round,163.3,21.0,1.047,22.0,1492.83
2023,8,Tomato,Gujarat,Year-round,176.9,26.2,1.018,22.0,1365.39
2023,8,Tomato,Bihar,Year-round,150.8,21.7,1.089,22.0,1401.39
2023,8,Tomato,West Bengal,Year-round,192.4,23.0,1.011,22.0,1371.25
2023,8,Tomato,Tamil Nadu,Year-round,134.2,26.9,1.089,22.0,1419.11
2023,8,Onion,Punjab,Rabi,262.6,29.6,1.046,22.0,1579.59
2023,8,Onion,Haryana,Rabi,239.3,27.4,1.071,22.0,1571.56
2023,8,Onion,UP,Rabi,238.0,26.7,1.046,22.0,1609.72
2023,8,Onion,Maharashtra,Rabi,256.0,29.9,1.11,22.0,1491.96
2023,8,Onion,Karnataka,Rabi,225.0,25.0,1.117,22.0,1569.45
2023,8,Onion,Andhra Pradesh,Rabi,254.8,28.6,1.101,22.0,1632.04
2023,8,Onion,Madhya Pradesh,Rabi,257.8,29.6,1.109,22.0,1636.94
2023,8,Onion,Rajasthan,Rabi,239.7,29.1,1.061,22.0,1437.81
2023,8,Onion,Gujarat,Rabi,255.9,29.4,1.056,22.0,1610.07
2023,8,Onion,Bihar,Rabi,240.3,27.7,1.091,22.0,1507.04
2023,8,Onion,West Bengal,Rabi,211.2,28.3,1.096,22.0,1489.29
2023,8,Onion,Tamil Nadu,Rabi,223.7,31.7,1.018,22.0,1430.06
2023,8,Soybean,Punjab,Kharif,280.5,38.5,1.032,22.0,5623.68
2023,8,Soybean,Haryana,Kharif,254.1,35.0,1.017,22.0,5200.47
2023,8,Soybean,UP,Kharif,280.6,34.4,1.091,22.0,5571.45
2023,8,Soybean,Maharashtra,Kharif,263.6,36.0,1.038,22.0,5825.68
2023,8,Soybean,Karnataka,Kharif,269.0,33.4,1.096,22.0,5596.94
2023,8,Soybean,Andhra Pradesh,Kharif,256.1,33.4,1.089,22.0,5832.39
2023,8,Soybean,Madhya Pradesh,Kharif,284.3,34.1,0.999,22.0,5627.14
2023,8,Soybean,Rajasthan,Kharif,280.7,35.8,1.095,22.0,5699.15
2023,8,Soybean,Gujarat,Kharif,269.4,33.1,1.086,22.0,5033.58
2023,8,Soybean,Bihar,Kharif,272.6,36.4,1.021,22.0,5696.21
2023,8,Soybean,West Bengal,Kharif,284.5,33.4,1.091,22.0,5011.27
2023,8,Soybean,Tamil Nadu,Kharif,265.2,37.5,1.026,22.0,5267.95
2023,8,Cotton,Punjab,Kharif,210.1,26.1,0.892,22.0,7401.34
2023,8,Cotton,Haryana,Kharif,264.9,27.4,0.966,22.0,6542.18
2023,8,Cotton,UP,Kharif,194.9,26.9,0.91,22.0,6647.69
2023,8,Cotton,Maharashtra,Kharif,221.4,27.8,0.925,22.0,6796.52
2023,8,Cotton,Karnataka,Kharif,228.2,28.6,0.968,22.0,6665.16
2023,8,Cotton,Andhra Pradesh,Kharif,219.6,30.2,0.903,22.0,6675.1
2023,8,Cotton,Madhya Pradesh,Kharif,216.7,28.5,0.917,22.0,7310.04
2023,8,Cotton,Rajasthan,Kharif,232.5,26.9,0.936,22.0,6962.55
2023,8,Cotton,Gujarat,Kharif,239.5,32.7,0.893,22.0,7515.72
2023,8,Cotton,Bihar,Kharif,252.3,27.0,0.945,22.0,6623.07
2023,8,Cotton,West Bengal,Kharif,232.0,24.5,0.925,22.0,7532.12
2023,8,Cotton,Tamil Nadu,Kharif,226.3,24.2,0.945,22.0,7063.58
2023,8,Sugarcane,Punjab,Year-round,159.0,31.1,0.992,22.0,319.02
2023,8,Sugarcane,Haryana,Year-round,167.2,30.9,0.929,22.0,318.22
2023,8,Sugarcane,UP,Year-round,181.6,31.5,0.952,22.0,368.36
2023,8,Sugarcane,Maharashtra,Year-round,165.7,31.5,0.938,22.0,365.64
2023,8,Sugarcane,Karnataka,Year-round,177.8,33.4,0.961,22.0,364.85
2023,8,Sugarcane,Andhra Pradesh,Year-round,193.7,33.0,0.989,22.0,350.99
2023,8,Sugarcane,Madhya Pradesh,Year-round,199.3,29.4,1.007,22.0,328.34
2023,8,Sugarcane,Rajasthan,Year-round,192.8,29.4,0.967,22.0,322.01
2023,8,Sugarcane,Gujarat,Year-round,207.9,32.4,1.008,22.0,346.55
2023,8,Sugarcane,Bihar,Year-round,160.4,31.6,1.011,22.0,331.01
2023,8,Sugarcane,West Bengal,Year-round,164.6,30.3,0.936,22.0,362.04
2023,8,Sugarcane,Tamil Nadu,Year-round,186.8,30.1,0.995,22.0,347.19
2023,8,Chilli,Punjab,Kharif,251.1,28.8,0.821,22.0,7026.56
2023,8,Chilli,Haryana,Kharif,230.7,31.3,0.864,22.0,7571.49
2023,8,Chilli,UP,Kharif,197.0,26.7,0.874,22.0,7596.01
2023,8,Chilli,Maharashtra,Kharif,211.8,30.8,0.885,22.0,7131.36
2023,8,Chilli,Karnataka,Kharif,210.4,31.1,0.876,22.0,7199.82
2023,8,Chilli,Andhra Pradesh,Kharif,194.7,34.3,0.896,22.0,7627.24
2023,8,Chilli,Madhya Pradesh,Kharif,230.1,32.0,0.902,22.0,7432.87
2023,8,Chilli,Rajasthan,Kharif,218.3,33.3,0.844,22.0,7684.28
2023,8,Chilli,Gujarat,Kharif,258.6,34.3,0.856,22.0,7269.06
2023,8,Chilli,Bihar,Kharif,184.2,30.9,0.819,22.0,7950.62
2023,8,Chilli,West Bengal,Kharif,225.2,34.3,0.89,22.0,8054.65
2023,8,Chilli,Tamil Nadu,Kharif,213.6,33.3,0.866,22.0,7862.56
2023,8,Gram,Punjab,Rabi,14.8,19.5,1.051,22.0,6291.01
2023,8,Gram,Haryana,Rabi,0.0,17.8,1.058,22.0,7018.2
2023,8,Gram,UP,Rabi,14.4,19.2,1.028,22.0,7070.07
2023,8,Gram,Maharashtra,Rabi,29.7,17.6,1.026,22.0,6561.55
2023,8,Gram,Karnataka,Rabi,18.4,20.1,1.048,22.0,6754.93
2023,8,Gram,Andhra Pradesh,Rabi,3.0,18.6,0.989,22.0,6439.64
2023,8,Gram,Madhya Pradesh,Rabi,45.4,19.5,1.014,22.0,7286.5
2023,8,Gram,Rajasthan,Rabi,66.1,19.3,0.985,22.0,6236.88
2023,8,Gram,Gujarat,Rabi,30.8,16.4,0.973,22.0,6453.45
2023,8,Gram,Bihar,Rabi,0.0,17.3,1.039,22.0,7013.92
2023,8,Gram,West Bengal,Rabi,33.4,18.7,0.995,22.0,6781.66
2023,8,Gram,Tamil Nadu,Rabi,0.0,19.3,1.02,22.0,7164.24
2023,8,Mustard,Punjab,Rabi,164.3,28.5,1.088,22.0,6927.72
2023,8,Mustard,Haryana,Rabi,190.1,27.7,1.022,22.0,6288.74
2023,8,Mustard,UP,Rabi,183.2,28.5,1.091,22.0,7082.54
2023,8,Mustard,Maharashtra,Rabi,196.9,24.0,1.054,22.0,6856.5
2023,8,Mustard,Karnataka,Rabi,175.8,29.0,1.101,22.0,7066.6
2023,8,Mustard,Andhra Pradesh,Rabi,182.1,24.1,1.069,22.0,7003.11
2023,8,Mustard,Madhya Pradesh,Rabi,202.3,25.4,1.061,22.0,6857.89
2023,8,Mustard,Rajasthan,Rabi,173.4,26.1,1.089,22.0,6163.31
2023,8,Mustard,Gujarat,Rabi,201.7,30.5,1.033,22.0,6179.77
2023,8,Mustard,Bihar,Rabi,167.5,30.6,1.085,22.0,6471.43
2023,8,Mustard,West Bengal,Rabi,163.4,29.0,1.07,22.0,6936.37
2023,8,Mustard,Tamil Nadu,Rabi,133.3,25.1,1.115,22.0,6717.47
2023,9,Wheat,Punjab,Rabi,319.2,20.9,1.116,22.0,2638.52
2023,9,Wheat,Haryana,Rabi,329.0,17.7,1.092,22.0,2857.22
2023,9,Wheat,UP,Rabi,285.5,21.9,1.098,22.0,2924.47
2023,9,Wheat,Maharashtra,Rabi,336.1,21.5,1.019,22.0,2897.83
2023,9,Wheat,Karnataka,Rabi,304.0,21.2,1.115,22.0,2791.09
2023,9,Wheat,Andhra Pradesh,Rabi,290.2,20.0,1.093,22.0,2890.33
2023,9,Wheat,Madhya Pradesh,Rabi,301.3,20.7,1.032,22.0,2551.33
2023,9,Wheat,Rajasthan,Rabi,305.2,21.4,1.108,22.0,2560.92
2023,9,Wheat,Gujarat,Rabi,285.2,24.4,1.12,22.0,2968.54
2023,9,Wheat,Bihar,Rabi,278.9,17.2,1.106,22.0,2726.57
2023,9,Wheat,West Bengal,Rabi,281.6,16.9,1.115,22.0,2943.34
2023,9,Wheat,Tamil Nadu,Rabi,288.2,24.2,1.059,22.0,2559.01
2023,9,Rice,Punjab,Kharif,98.5,30.8,1.006,22.0,2662.88
2023,9,Rice,Haryana,Kharif,114.7,27.8,1.047,22.0,2595.76
2023,9,Rice,UP,Kharif,92.2,26.8,0.968,22.0,2583.8
2023,9,Rice,Maharashtra,Kharif,109.3,27.8,0.984,22.0,2488.49
2023,9,Rice,Karnataka,Kharif,119.5,25.7,0.993,22.0,2571.56
2023,9,Rice,Andhra Pradesh,Kharif,116.4,30.9,0.957,22.0,2457.39
2023,9,Rice,Madhya Pradesh,Kharif,102.0,27.4,0.997,22.0,2445.66
2023,9,Rice,Rajasthan,Kharif,132.1,23.5,0.971,22.0,2520.78
2023,9,Rice,Gujarat,Kharif,130.4,28.6,0.961,22.0,2372.51
2023,9,Rice,Bihar,Kharif,80.9,27.3,1.033,22.0,2611.13
2023,9,Rice,West Bengal,Kharif,87.5,32.6,0.956,22.0,2510.68
2023,9,Rice,Tamil Nadu,Kharif,99.8,28.1,1.007,22.0,2566.67
2023,9,Maize,Punjab,Kharif,181.7,29.9,0.987,22.0,2489.79
2023,9,Maize,Haryana,Kharif,191.9,28.1,1.058,22.0,2344.68
2023,9,Maize,UP,Kharif,223.4,23.3,1.054,22.0,2607.29
2023,9,Maize,Maharashtra,Kharif,195.2,23.7,0.99,22.0,2333.15
2023,9,Maize,Karnataka,Kharif,169.1,26.0,1.024,22.0,2527.89
2023,9,Maize,Andhra Pradesh,Kharif,183.6,24.8,1.027,22.0,2451.8
2023,9,Maize,Madhya Pradesh,Kharif,179.5,25.7,1.015,22.0,2487.26
2023,9,Maize,Rajasthan,Kharif,243.8,27.1,1.021,22.0,2441.21
2023,9,Maize,Gujarat,Kharif,197.6,26.3,1.005,22.0,2333.81
2023,9,Maize,Bihar,Kharif,213.2,26.9,1.06,22.0,2665.11
2023,9,Maize,West Bengal,Kharif,202.2,25.0,1.056,22.0,2341.07
2023,9,Maize,Tamil Nadu,Kharif,224.4,24.2,0.981,22.0,2410.1
2023,9,Potato,Punjab,Rabi,139.1,29.3,1.066,22.0,954.37
2023,9,Potato,Haryana,Rabi,194.3,34.1,1.004,22.0,1088.39
2023,9,Potato,UP,Rabi,148.1,29.5,1.036,22.0,996.78
2023,9,Potato,Maharashtra,Rabi,135.1,27.2,1.022,22.0,1022.14
2023,9,Potato,Karnataka,Rabi,138.8,29.7,1.046,22.0,995.9
2023,9,Potato,Andhra Pradesh,Rabi,151.7,31.5,1.038,22.0,959.73
2023,9,Potato,Madhya Pradesh,Rabi,149.5,29.8,1.088,22.0,1087.19
2023,9,Potato,Rajasthan,Rabi,136.6,30.7,1.001,22.0,1025.11
2023,9,Potato,Gujarat,Rabi,133.1,26.9,1.009,22.0,1094.81
2023,9,Potato,Bihar,Rabi,158.4,25.1,1.096,22.0,988.21
2023,9,Potato,West Bengal,Rabi,134.6,28.9,0.994,22.0,941.95
2023,9,Potato,Tamil Nadu,Rabi,140.4,28.6,1.027,22.0,1037.09
2023,9,Tomato,Punjab,Year-round,146.3,26.4,1.099,22.0,1742.11
2023,9,Tomato,Haryana,Year-round,117.0,27.2,1.109,22.0,1758.83
2023,9,Tomato,UP,Year-round,101.8,26.8,1.101,22.0,1582.05
2023,9,Tomato,Maharashtra,Year-round,84.2,27.0,1.13,22.0,1539.09
2023,9,Tomato,Karnataka,Year-round,100.3,27.0,1.162,22.0,1601.06
2023,9,Tomato,Andhra Pradesh,Year-round,99.4,31.3,1.132,22.0,1650.2
2023,9,Tomato,Madhya Pradesh,Year-round,75.2,26.3,1.145,22.0,1635.81
2023,9,Tomato,Rajasthan,Year-round,130.7,29.9,1.114,22.0,1512.05
2023,9,Tomato,Gujarat,Year-round,98.1,25.7,1.09,22.0,1557.08
2023,9,Tomato,Bihar,Year-round,66.0,26.7,1.166,22.0,1631.88
2023,9,Tomato,West Bengal,Year-round,100.9,30.6,1.14,22.0,1716.45
2023,9,Tomato,Tamil Nadu,Year-round,100.3,28.9,1.113,22.0,1734.24
2023,9,Onion,Punjab,Rabi,190.2,28.8,0.995,22.0,1713.11
2023,9,Onion,Haryana,Rabi,198.3,31.6,0.917,22.0,1713.94
2023,9,Onion,UP,Rabi,172.8,33.9,0.964,22.0,1711.52
2023,9,Onion,Maharashtra,Rabi,181.4,28.2,0.914,22.0,1762.15
2023,9,Onion,Karnataka,Rabi,241.4,31.3,0.926,22.0,1638.6
2023,9,Onion,Andhra Pradesh,Rabi,200.8,30.0,0.949,22.0,1806.92
2023,9,Onion,Madhya Pradesh,Rabi,195.1,33.5,0.949,22.0,1638.65
2023,9,Onion,Rajasthan,Rabi,178.5,28.6,0.914,22.0,1695.91
2023,9,Onion,Gujarat,Rabi,189.5,30.8,0.914,22.0,1736.59
2023,9,Onion,Bihar,Rabi,159.9,30.0,0.984,22.0,1841.81
2023,9,Onion,West Bengal,Rabi,173.4,29.4,0.958,22.0,1686.72
2023,9,Onion,Tamil Nadu,Rabi,184.0,33.4,0.955,22.0,1622.98
2023,9,Soybean,Punjab,Kharif,158.1,31.2,1.037,22.0,4621.86
2023,9,Soybean,Haryana,Kharif,190.2,32.4,0.98,22.0,4734.5
2023,9,Soybean,UP,Kharif,223.5,35.6,0.997,22.0,4826.18
2023,9,Soybean,Maharashtra,Kharif,169.6,34.4,0.968,22.0,4507.21
2023,9,Soybean,Karnataka,Kharif,188.5,36.3,1.013,22.0,4615.46
2023,9,Soybean,Andhra Pradesh,Kharif,173.1,32.1,0.989,22.0,4989.45
2023,9,Soybean,Madhya Pradesh,Kharif,186.9,32.8,1.013,22.0,4717.94
2023,9,Soybean,Rajasthan,Kharif,192.0,36.0,0.939,22.0,4749.32
2023,9,Soybean,Gujarat,Kharif,160.3,32.0,0.964,22.0,4776.62
2023,9,Soybean,Bihar,Kharif,203.4,33.3,0.96,22.0,5214.61
2023,9,Soybean,West Bengal,Kharif,179.1,35.4,1.027,22.0,4616.22
2023,9,Soybean,Tamil Nadu,Kharif,176.2,35.0,0.954,22.0,4529.44
2023,9,Cotton,Punjab,Kharif,237.2,19.6,0.921,22.0,7069.81
2023,9,Cotton,Haryana,Kharif,217.8,22.3,0.936,22.0,7377.8
2023,9,Cotton,UP,Kharif,255.2,20.0,0.92,22.0,6929.2
2023,9,Cotton,Maharashtra,Kharif,213.4,22.2,0.903,22.0,7750.74
2023,9,Cotton,Karnataka,Kharif,235.7,20.0,0.886,22.0,6637.88
2023,9,Cotton,Andhra Pradesh,Kharif,247.9,24.6,0.934,22.0,7043.06
2023,9,Cotton,Madhya Pradesh,Kharif,225.7,21.9,0.911,22.0,7130.59
2023,9,Cotton,Rajasthan,Kharif,241.3,22.4,0.898,22.0,7586.83
2023,9,Cotton,Gujarat,Kharif,244.0,27.1,0.853,22.0,6783.85
2023,9,Cotton,Bihar,Kharif,243.5,25.6,0.876,22.0,7077.53
2023,9,Cotton,West Bengal,Kharif,222.1,21.0,0.882,22.0,7686.85
2023,9,Cotton,Tamil Nadu,Kharif,278.0,22.8,0.938,22.0,7647.59
2023,9,Sugarcane,Punjab,Year-round,210.1,33.0,0.893,22.0,336.75
2023,9,Sugarcane,Haryana,Year-round,272.4,29.3,0.936,22.0,357.71
2023,9,Sugarcane,UP,Year-round,249.8,34.4,0.965,22.0,373.94
2023,9,Sugarcane,Maharashtra,Year-round,232.0,29.9,0.907,22.0,322.08
2023,9,Sugarcane,Karnataka,Year-round,251.4,29.0,0.955,22.0,324.08
2023,9,Sugarcane,Andhra Pradesh,Year-round,193.0,32.1,0.935,22.0,323.95
2023,9,Sugarcane,Madhya Pradesh,Year-round,202.1,31.1,0.923,22.0,349.18
2023,9,Sugarcane,Rajasthan,Year-round,225.9,33.0,0.948,22.0,366.03
2023,9,Sugarcane,Gujarat,Year-round,204.7,28.4,0.881,22.0,334.27
2023,9,Sugarcane,Bihar,Year-round,224.3,26.3,0.898,22.0,363.85
2023,9,Sugarcane,West Bengal,Year-round,235.4,31.8,0.963,22.0,347.07
2023,9,Sugarcane,Tamil Nadu,Year-round,233.9,30.8,0.951,22.0,342.37
2023,9,Chilli,Punjab,Kharif,229.8,38.6,1.109,22.0,10341.61
2023,9,Chilli,Haryana,Kharif,257.0,32.6,1.026,22.0,9841.62
2023,9,Chilli,UP,Kharif,258.6,31.5,1.104,22.0,10157.09
2023,9,Chilli,Maharashtra,Kharif,242.1,29.5,1.056,22.0,10464.27
2023,9,Chilli,Karnataka,Kharif,257.8,32.2,1.042,22.0,10897.56
2023,9,Chilli,Andhra Pradesh,Kharif,256.7,34.4,1.083,22.0,9422.52
2023,9,Chilli,Madhya Pradesh,Kharif,267.0,34.1,1.049,22.0,9684.52
2023,9,Chilli,Rajasthan,Kharif,292.9,31.8,1.087,22.0,10220.56
2023,9,Chilli,Gujarat,Kharif,258.7,33.1,1.104,22.0,9335.22
2023,9,Chilli,Bihar,Kharif,227.1,34.1,1.075,22.0,10641.68
2023,9,Chilli,West Bengal,Kharif,224.4,30.6,1.084,22.0,10680.61
2023,9,Chilli,Tamil Nadu,Kharif,255.8,29.1,1.063,22.0,9874.83
2023,9,Gram,Punjab,Rabi,274.2,24.8,1.047,22.0,6045.33
2023,9,Gram,Haryana,Rabi,223.7,23.2,1.042,22.0,6010.22
2023,9,Gram,UP,Rabi,260.0,22.7,1.067,22.0,6732.89
2023,9,Gram,Maharashtra,Rabi,269.4,28.0,1.039,22.0,6924.58
2023,9,Gram,Karnataka,Rabi,252.8,25.1,1.025,22.0,6516.27
2023,9,Gram,Andhra Pradesh,Rabi,266.3,25.3,1.031,22.0,6266.48
2023,9,Gram,Madhya Pradesh,Rabi,269.6,21.9,1.006,22.0,6584.76
2023,9,Gram,Rajasthan,Rabi,292.6,25.5,1.028,22.0,6563.14
2023,9,Gram,Gujarat,Rabi,251.0,26.5,1.001,22.0,6427.76
2023,9,Gram,Bihar,Rabi,289.0,23.8,0.995,22.0,6787.26
2023,9,Gram,West Bengal,Rabi,212.0,26.6,1.078,22.0,6820.07
2023,9,Gram,Tamil Nadu,Rabi,296.3,28.7,1.025,22.0,5977.49
2023,9,Mustard,Punjab,Rabi,159.4,20.7,0.956,22.0,6237.78
2023,9,Mustard,Haryana,Rabi,142.4,22.5,0.969,22.0,6332.46
2023,9,Mustard,UP,Rabi,180.1,24.3,0.912,22.0,6234.0
2023,9,Mustard,Maharashtra,Rabi,158.3,18.3,0.91,22.0,5964.07
2023,9,Mustard,Karnataka,Rabi,157.0,20.6,0.892,22.0,6121.58
2023,9,Mustard,Andhra Pradesh,Rabi,161.6,15.7,0.931,22.0,6530.81
2023,9,Mustard,Madhya Pradesh,Rabi,149.8,18.4,0.892,22.0,5970.89
2023,9,Mustard,Rajasthan,Rabi,157.5,21.2,0.945,22.0,6008.33
2023,9,Mustard,Gujarat,Rabi,156.2,15.4,0.965,22.0,5889.4
2023,9,Mustard,Bihar,Rabi,141.4,19.0,0.926,22.0,5776.26
2023,9,Mustard,West Bengal,Rabi,142.3,19.8,0.899,22.0,6360.56
2023,9,Mustard,Tamil Nadu,Rabi,119.8,15.3,0.891,22.0,6202.21
2023,10,Wheat,Punjab,Rabi,79.9,31.5,1.079,22.0,2934.28
2023,10,Wheat,Haryana,Rabi,99.3,28.0,1.112,22.0,3310.45
2023,10,Wheat,UP,Rabi,100.5,30.1,1.008,22.0,3047.77
2023,10,Wheat,Maharashtra,Rabi,84.3,33.5,1.05,22.0,3038.58
2023,10,Wheat,Karnataka,Rabi,68.1,36.4,1.071,22.0,3327.55
2023,10,Wheat,Andhra Pradesh,Rabi,91.9,30.9,1.013,22.0,3229.63
2023,10,Wheat,Madhya Pradesh,Rabi,64.5,35.3,1.03,22.0,3204.09
2023,10,Wheat,Rajasthan,Rabi,85.5,32.9,1.098,22.0,3127.84
2023,10,Wheat,Gujarat,Rabi,67.0,30.6,1.031,22.0,3293.98
2023,10,Wheat,Bihar,Rabi,109.6,35.2,1.092,22.0,3133.26
2023,10,Wheat,West Bengal,Rabi,72.0,32.9,1.079,22.0,3333.27
2023,10,Wheat,Tamil Nadu,Rabi,97.9,34.0,1.045,22.0,3111.16
2023,10,Rice,Punjab,Kharif,129.4,23.8,0.978,22.0,2332.87
2023,10,Rice,Haryana,Kharif,105.6,24.2,1.002,22.0,2391.26
2023,10,Rice,UP,Kharif,142.0,23.3,1.023,22.0,2686.36
2023,10,Rice,Maharashtra,Kharif,112.3,26.8,1.017,22.0,2660.15
2023,10,Rice,Karnataka,Kharif,142.1,23.6,1.042,22.0,2645.33
2023,10,Rice,Andhra Pradesh,Kharif,159.2,22.9,1.044,22.0,2440.6
2023,10,Rice,Madhya Pradesh,Kharif,143.5,21.0,1.019,22.0,2586.9
2023,10,Rice,Rajasthan,Kharif,117.1,25.1,0.981,22.0,2690.8
2023,10,Rice,Gujarat,Kharif,180.4,21.9,1.022,22.0,2653.34
2023,10,Rice,Bihar,Kharif,135.9,21.9,1.001,22.0,2354.99
2023,10,Rice,West Bengal,Kharif,145.2,23.2,1.052,22.0,2582.69
2023,10,Rice,Tamil Nadu,Kharif,180.1,23.0,0.976,22.0,2511.44
2023,10,Maize,Punjab,Kharif,93.0,30.5,1.072,22.0,2656.53
2023,10,Maize,Haryana,Kharif,82.7,27.9,1.069,22.0,2722.12
2023,10,Maize,UP,Kharif,99.2,25.8,0.995,22.0,2953.08
2023,10,Maize,Maharashtra,Kharif,69.7,29.5,1.056,22.0,2946.35
2023,10,Maize,Karnataka,Kharif,92.3,30.2,1.004,22.0,2992.43
2023,10,Maize,Andhra Pradesh,Kharif,71.5,26.0,0.995,22.0,3090.67
2023,10,Maize,Madhya Pradesh,Kharif,66.6,26.8,0.976,22.0,2936.14
2023,10,Maize,Rajasthan,Kharif,63.1,25.2,0.999,22.0,2747.15
2023,10,Maize,Gujarat,Kharif,61.1,30.9,1.016,22.0,2653.1
2023,10,Maize,Bihar,Kharif,69.7,29.9,1.002,22.0,2767.65
2023,10,Maize,West Bengal,Kharif,47.4,28.1,1.017,22.0,2923.44
2023,10,Maize,Tamil Nadu,Kharif,75.9,30.5,0.972,22.0,2653.41
2023,10,Potato,Punjab,Rabi,152.3,34.8,0.873,22.0,777.95
2023,10,Potato,Haryana,Rabi,124.2,33.9,0.915,22.0,781.42
2023,10,Potato,UP,Rabi,138.2,36.5,0.941,22.0,794.04
2023,10,Potato,Maharashtra,Rabi,115.2,36.7,0.932,22.0,819.87
2023,10,Potato,Karnataka,Rabi,124.7,33.9,0.925,22.0,779.83
2023,10,Potato,Andhra Pradesh,Rabi,84.7,37.3,0.852,22.0,808.37
2023,10,Potato,Madhya Pradesh,Rabi,120.9,33.3,0.877,22.0,771.08
2023,10,Potato,Rajasthan,Rabi,132.5,35.1,0.866,22.0,786.81
2023,10,Potato,Gujarat,Rabi,124.6,40.0,0.898,22.0,796.26
2023,10,Potato,Bihar,Rabi,102.9,36.0,0.885,22.0,841.64
2023,10,Potato,West Bengal,Rabi,145.7,34.0,0.86,22.0,779.52
2023,10,Potato,Tamil Nadu,Rabi,102.0,34.0,0.92,22.0,804.39
2023,10,Tomato,Punjab,Year-round,142.5,31.2,1.073,22.0,1403.37
2023,10,Tomato,Haryana,Year-round,140.3,27.6,1.061,22.0,1458.15
2023,10,Tomato,UP,Year-round,113.0,28.2,1.059,22.0,1419.57
2023,10,Tomato,Maharashtra,Year-round,160.8,32.5,1.014,22.0,1386.77
2023,10,Tomato,Karnataka,Year-round,138.2,35.1,0.978,22.0,1403.1
2023,10,Tomato,Andhra Pradesh,Year-round,123.8,29.5,1.061,22.0,1360.85
2023,10,Tomato,Madhya Pradesh,Year-round,199.9,29.8,1.045,22.0,1327.99
2023,10,Tomato,Rajasthan,Year-round,160.1,31.5,0.975,22.0,1278.82
2023,10,Tomato,Gujarat,Year-round,127.0,35.8,0.983,22.0,1472.02
2023,10,Tomato,Bihar,Year-round,155.0,30.5,1.03,22.0,1339.84
2023,10,Tomato,West Bengal,Year-round,117.1,30.1,0.998,22.0,1415.31
2023,10,Tomato,Tamil Nadu,Year-round,162.3,30.0,1.038,22.0,1332.91
2023,10,Onion,Punjab,Rabi,109.5,20.7,1.016,22.0,2003.44
2023,10,Onion,Haryana,Rabi,111.1,23.0,1.023,22.0,1965.23
2023,10,Onion,UP,Rabi,130.7,19.8,1.008,22.0,1960.17
2023,10,Onion,Maharashtra,Rabi,107.8,24.7,0.96,22.0,2084.56
2023,10,Onion,Karnataka,Rabi,118.8,23.2,0.954,22.0,2063.64
2023,10,Onion,Andhra Pradesh,Rabi,108.9,23.7,1.015,22.0,2019.47
2023,10,Onion,Madhya Pradesh,Rabi,108.0,20.2,1.0,22.0,1884.17
2023,10,Onion,Rajasthan,Rabi,87.0,22.5,1.036,22.0,2048.41
2023,10,Onion,Gujarat,Rabi,137.3,23.8,0.973,22.0,1814.22
2023,10,Onion,Bihar,Rabi,128.4,24.6,0.953,22.0,1858.97
2023,10,Onion,West Bengal,Rabi,98.8,20.0,1.012,22.0,2075.4
2023,10,Onion,Tamil Nadu,Rabi,106.3,21.8,1.003,22.0,2003.67
2023,10,Soybean,Punjab,Kharif,162.5,31.9,1.037,22.0,5707.32
2023,10,Soybean,Haryana,Kharif,130.4,32.5,1.037,22.0,5635.17
2023,10,Soybean,UP,Kharif,178.2,32.9,0.96,22.0,5636.51
2023,10,Soybean,Maharashtra,Kharif,181.5,28.5,1.011,22.0,5342.82
2023,10,Soybean,Karnataka,Kharif,124.1,29.6,0.978,22.0,5067.08
2023,10,Soybean,Andhra Pradesh,Kharif,154.9,30.1,0.978,22.0,5300.1
2023,10,Soybean,Madhya Pradesh,Kharif,166.9,32.8,0.994,22.0,5092.96
2023,10,Soybean,Rajasthan,Kharif,182.5,32.6,1.031,22.0,5121.72
2023,10,Soybean,Gujarat,Kharif,155.0,31.7,1.036,22.0,5293.66
2023,10,Soybean,Bihar,Kharif,178.0,32.7,1.026,22.0,5229.41
2023,10,Soybean,West Bengal,Kharif,158.3,33.8,0.967,22.0,5280.41
2023,10,Soybean,Tamil Nadu,Kharif,201.6,27.7,0.98,22.0,5040.01
2023,10,Cotton,Punjab,Kharif,107.3,28.3,1.082,22.0,8590.18
2023,10,Cotton,Haryana,Kharif,125.5,27.5,1.099,22.0,8164.4
2023,10,Cotton,UP,Kharif,97.7,31.1,1.146,22.0,8673.49
2023,10,Cotton,Maharashtra,Kharif,119.2,30.4,1.145,22.0,8446.67
2023,10,Cotton,Karnataka,Kharif,85.8,31.1,1.107,22.0,8759.98
2023,10,Cotton,Andhra Pradesh,Kharif,127.7,33.0,1.087,22.0,8669.69
2023,10,Cotton,Madhya Pradesh,Kharif,134.4,28.8,1.074,22.0,7863.68
2023,10,Cotton,Rajasthan,Kharif,103.3,33.2,1.13,22.0,8459.35
2023,10,Cotton,Gujarat,Kharif,143.2,30.7,1.133,22.0,8594.47
2023,10,Cotton,Bihar,Kharif,137.2,32.5,1.144,22.0,8295.17
2023,10,Cotton,West Bengal,Kharif,94.2,28.5,1.129,22.0,8675.76
2023,10,Cotton,Tamil Nadu,Kharif,115.6,33.2,1.126,22.0,7983.36
2023,10,Sugarcane,Punjab,Year-round,277.9,26.1,1.048,22.0,355.59
2023,10,Sugarcane,Haryana,Year-round,246.4,26.1,1.037,22.0,408.29
2023,10,Sugarcane,UP,Year-round,255.1,26.6,1.032,22.0,395.62
2023,10,Sugarcane,Maharashtra,Year-round,282.1,27.1,1.049,22.0,386.82
2023,10,Sugarcane,Karnataka,Year-round,272.8,26.0,1.045,22.0,398.05
2023,10,Sugarcane,Andhra Pradesh,Year-round,250.2,25.8,1.028,22.0,409.16
2023,10,Sugarcane,Madhya Pradesh,Year-round,272.2,28.3,1.039,22.0,402.51
2023,10,Sugarcane,Rajasthan,Year-round,285.1,28.5,1.036,22.0,380.38
2023,10,Sugarcane,Gujarat,Year-round,267.3,26.7,1.039,22.0,382.53
2023,10,Sugarcane,Bihar,Year-round,240.2,26.1,1.062,22.0,402.11
2023,10,Sugarcane,West Bengal,Year-round,233.4,27.3,1.064,22.0,403.95
2023,10,Sugarcane,Tamil Nadu,Year-round,249.4,26.4,1.122,22.0,367.88
2023,10,Chilli,Punjab,Kharif,124.6,28.3,0.949,22.0,8365.08
2023,10,Chilli,Haryana,Kharif,155.9,29.4,0.88,22.0,8632.89
2023,10,Chilli,UP,Kharif,136.2,28.3,0.916,22.0,7762.3
2023,10,Chilli,Maharashtra,Kharif,126.3,25.3,0.899,22.0,7425.17
2023,10,Chilli,Karnataka,Kharif,134.4,26.5,0.933,22.0,7457.83
2023,10,Chilli,Andhra Pradesh,Kharif,116.9,29.5,0.88,22.0,7937.34
2023,10,Chilli,Madhya Pradesh,Kharif,115.8,24.7,0.956,22.0,8498.23
2023,10,Chilli,Rajasthan,Kharif,125.0,24.5,0.919,22.0,7962.57
2023,10,Chilli,Gujarat,Kharif,131.4,29.7,0.883,22.0,7942.39
2023,10,Chilli,Bihar,Kharif,126.6,25.1,0.926,22.0,8150.67
2023,10,Chilli,West Bengal,Kharif,146.5,31.1,0.947,22.0,8536.68
2023,10,Chilli,Tamil Nadu,Kharif,124.6,27.0,0.945,22.0,7490.94
2023,10,Gram,Punjab,Rabi,143.5,8.1,0.946,22.0,5999.96
2023,10,Gram,Haryana,Rabi,159.1,9.4,0.881,22.0,6143.5
2023,10,Gram,UP,Rabi,101.1,11.1,0.893,22.0,6529.54
2023,10,Gram,Maharashtra,Rabi,149.1,7.9,0.876,22.0,6330.72
2023,10,Gram,Karnataka,Rabi,131.1,12.2,0.913,22.0,6552.82
2023,10,Gram,Andhra Pradesh,Rabi,146.7,7.5,0.95,22.0,6418.16
2023,10,Gram,Madhya Pradesh,Rabi,161.3,11.6,0.942,22.0,6660.44
2023,10,Gram,Rajasthan,Rabi,143.0,11.1,0.89,22.0,6316.5
2023,10,Gram,Gujarat,Rabi,160.9,10.7,0.945,22.0,6432.76
2023,10,Gram,Bihar,Rabi,149.7,11.5,0.925,22.0,5944.9
2023,10,Gram,West Bengal,Rabi,145.0,11.3,0.96,22.0,6444.42
2023,10,Gram,Tamil Nadu,Rabi,135.7,13.9,0.877,22.0,5978.4
2023,10,Mustard,Punjab,Rabi,123.6,26.9,0.858,22.0,6259.75
2023,10,Mustard,Haryana,Rabi,117.5,28.8,0.902,22.0,5805.18
2023,10,Mustard,UP,Rabi,79.7,29.2,0.902,22.0,5573.1
2023,10,Mustard,Maharashtra,Rabi,86.3,29.1,0.93,22.0,6007.78
2023,10,Mustard,Karnataka,Rabi,116.4,33.1,0.914,22.0,6301.48
2023,10,Mustard,Andhra Pradesh,Rabi,92.2,29.9,0.91,22.0,5668.08
2023,10,Mustard,Madhya Pradesh,Rabi,113.0,29.9,0.878,22.0,6113.11
2023,10,Mustard,Rajasthan,Rabi,81.0,29.6,0.889,22.0,6249.85
2023,10,Mustard,Gujarat,Rabi,91.7,25.3,0.895,22.0,6335.44
2023,10,Mustard,Bihar,Rabi,40.7,29.6,0.878,22.0,6123.93
2023,10,Mustard,West Bengal,Rabi,77.3,31.1,0.916,22.0,6413.97
2023,10,Mustard,Tamil Nadu,Rabi,80.2,28.1,0.865,22.0,6329.96
2023,11,Wheat,Punjab,Rabi,102.7,23.5,1.122,22.0,2757.72
2023,11,Wheat,Haryana,Rabi,126.2,24.1,1.146,22.0,2929.99
2023,11,Wheat,UP,Rabi,90.7,25.8,1.122,22.0,2747.83
2023,11,Wheat,Maharashtra,Rabi,52.9,26.0,1.133,22.0,3002.49
2023,11,Wheat,Karnataka,Rabi,52.2,26.9,1.127,22.0,3009.26
2023,11,Wheat,Andhra Pradesh,Rabi,66.1,23.9,1.153,22.0,3005.72
2023,11,Wheat,Madhya Pradesh,Rabi,65.2,25.5,1.072,22.0,3140.3
2023,11,Wheat,Rajasthan,Rabi,115.3,25.8,1.146,22.0,2946.18
2023,11,Wheat,Gujarat,Rabi,78.9,24.6,1.122,22.0,3151.63
2023,11,Wheat,Bihar,Rabi,125.4,23.4,1.075,22.0,2880.28
2023,11,Wheat,West Bengal,Rabi,90.6,24.9,1.076,22.0,3171.3
2023,11,Wheat,Tamil Nadu,Rabi,78.8,21.5,1.1,22.0,3190.92
2023,11,Rice,Punjab,Kharif,34.6,26.7,1.142,22.0,3535.45
2023,11,Rice,Haryana,Kharif,79.2,27.1,1.117,22.0,3244.49
2023,11,Rice,UP,Kharif,55.2,26.2,1.1,22.0,3347.26
2023,11,Rice,Maharashtra,Kharif,61.3,25.5,1.143,22.0,3505.78
2023,11,Rice,Karnataka,Kharif,39.9,25.6,1.081,22.0,3302.83
2023,11,Rice,Andhra Pradesh,Kharif,38.8,27.2,1.078,22.0,3435.62
2023,11,Rice,Madhya Pradesh,Kharif,50.6,23.7,1.1,22.0,3680.68
2023,11,Rice,Rajasthan,Kharif,44.3,23.8,1.059,22.0,3204.51
2023,11,Rice,Gujarat,Kharif,80.1,27.1,1.104,22.0,3436.68
2023,11,Rice,Bihar,Kharif,41.2,24.2,1.09,22.0,3382.38
2023,11,Rice,West Bengal,Kharif,40.9,22.6,1.125,22.0,3682.81
2023,11,Rice,Tamil Nadu,Kharif,51.9,23.0,1.143,22.0,3562.01
2023,11,Maize,Punjab,Kharif,106.0,29.6,0.908,22.0,2561.96
2023,11,Maize,Haryana,Kharif,108.7,28.5,0.876,22.0,2388.27
2023,11,Maize,UP,Kharif,72.7,30.1,0.925,22.0,2250.16
2023,11,Maize,Maharashtra,Kharif,61.8,27.1,0.858,22.0,2429.14
2023,11,Maize,Karnataka,Kharif,77.9,29.4,0.889,22.0,2460.12
2023,11,Maize,Andhra Pradesh,Kharif,110.1,29.7,0.905,22.0,2478.67
2023,11,Maize,Madhya Pradesh,Kharif,78.3,27.7,0.913,22.0,2470.19
2023,11,Maize,Rajasthan,Kharif,106.5,28.8,0.922,22.0,2218.69
2023,11,Maize,Gujarat,Kharif,71.1,29.7,0.913,22.0,2513.07
2023,11,Maize,Bihar,Kharif,108.2,30.8,0.924,22.0,2535.01
2023,11,Maize,West Bengal,Kharif,97.7,28.7,0.905,22.0,2368.53
2023,11,Maize,Tamil Nadu,Kharif,101.4,31.5,0.877,22.0,2508.86
2023,11,Potato,Punjab,Rabi,111.4,27.2,0.871,22.0,893.35
2023,11,Potato,Haryana,Rabi,154.0,29.7,0.855,22.0,851.42
2023,11,Potato,UP,Rabi,155.7,24.3,0.86,22.0,909.52
2023,11,Potato,Maharashtra,Rabi,142.2,26.1,0.898,22.0,942.77
2023,11,Potato,Karnataka,Rabi,137.2,26.2,0.921,22.0,815.35
2023,11,Potato,Andhra Pradesh,Rabi,158.4,29.3,0.873,22.0,809.1
2023,11,Potato,Madhya Pradesh,Rabi,133.6,27.7,0.859,22.0,814.17
2023,11,Potato,Rajasthan,Rabi,136.0,23.7,0.854,22.0,898.56
2023,11,Potato,Gujarat,Rabi,107.2,24.3,0.931,22.0,942.08
2023,11,Potato,Bihar,Rabi,122.9,26.4,0.935,22.0,849.38
2023,11,Potato,West Bengal,Rabi,143.0,29.8,0.855,22.0,815.24
2023,11,Potato,Tamil Nadu,Rabi,139.7,26.9,0.91,22.0,803.58
2023,11,Tomato,Punjab,Year-round,72.9,23.5,1.082,22.0,1600.34
2023,11,Tomato,Haryana,Year-round,81.6,25.3,1.025,22.0,1623.1
2023,11,Tomato,UP,Year-round,52.4,22.7,1.074,22.0,1629.22
2023,11,Tomato,Maharashtra,Year-round,68.8,23.7,1.013,22.0,1715.07
2023,11,Tomato,Karnataka,Year-round,68.2,24.2,1.106,22.0,1729.63
2023,11,Tomato,Andhra Pradesh,Year-round,66.7,28.5,1.051,22.0,1732.2
2023,11,Tomato,Madhya Pradesh,Year-round,65.9,25.8,1.101,22.0,1710.94
2023,11,Tomato,Rajasthan,Year-round,59.9,23.5,1.02,22.0,1729.9
2023,11,Tomato,Gujarat,Year-round,50.5,26.7,1.073,22.0,1542.54
2023,11,Tomato,Bihar,Year-round,29.0,22.2,1.075,22.0,1586.8
2023,11,Tomato,West Bengal,Year-round,70.9,25.4,1.052,22.0,1763.28
2023,11,Tomato,Tamil Nadu,Year-round,61.8,27.4,1.007,22.0,1706.21
2023,11,Onion,Punjab,Rabi,113.9,21.8,1.083,22.0,1927.38
2023,11,Onion,Haryana,Rabi,101.8,22.4,1.08,22.0,2072.49
2023,11,Onion,UP,Rabi,97.4,28.1,1.101,22.0,1861.76
2023,11,Onion,Maharashtra,Rabi,132.9,22.2,1.129,22.0,2047.35
2023,11,Onion,Karnataka,Rabi,102.8,24.6,1.074,22.0,1881.24
2023,11,Onion,Andhra Pradesh,Rabi,133.0,21.6,1.101,22.0,1944.03
2023,11,Onion,Madhya Pradesh,Rabi,159.9,26.6,1.093,22.0,2039.0
2023,11,Onion,Rajasthan,Rabi,137.3,25.6,1.117,22.0,1850.58
2023,11,Onion,Gujarat,Rabi,101.7,24.0,1.126,22.0,2002.59
2023,11,Onion,Bihar,Rabi,120.5,24.1,1.042,22.0,1879.28
2023,11,Onion,West Bengal,Rabi,134.7,24.5,1.036,22.0,2038.3
2023,11,Onion,Tamil Nadu,Rabi,107.5,28.0,1.125,22.0,2036.59
2023,11,Soybean,Punjab,Kharif,91.5,31.1,0.968,22.0,5616.64
2023,11,Soybean,Haryana,Kharif,97.8,32.7,1.011,22.0,5371.98
2023,11,Soybean,UP,Kharif,93.8,32.9,0.958,22.0,6113.53
2023,11,Soybean,Maharashtra,Kharif,110.2,31.8,1.01,22.0,5438.46
2023,11,Soybean,Karnataka,Kharif,101.9,28.2,1.023,22.0,5905.65
2023,11,Soybean,Andhra Pradesh,Kharif,91.0,32.4,1.032,22.0,5801.61
2023,11,Soybean,Madhya Pradesh,Kharif,126.7,27.2,1.032,22.0,5652.66
2023,11,Soybean,Rajasthan,Kharif,54.3,27.9,1.023,22.0,5757.5
2023,11,Soybean,Gujarat,Kharif,85.8,34.3,0.973,22.0,6044.43
2023,11,Soybean,Bihar,Kharif,86.2,29.2,1.012,22.0,5698.64
2023,11,Soybean,West Bengal,Kharif,64.0,30.0,0.988,22.0,5768.14
2023,11,Soybean,Tamil Nadu,Kharif,137.9,28.4,1.027,22.0,5489.52
2023,11,Cotton,Punjab,Kharif,109.8,34.0,0.996,22.0,8435.85
2023,11,Cotton,Haryana,Kharif,94.5,29.2,1.044,22.0,9271.05
2023,11,Cotton,UP,Kharif,130.8,32.3,1.0,22.0,9172.73
2023,11,Cotton,Maharashtra,Kharif,92.3,32.7,0.998,22.0,8686.6
2023,11,Cotton,Karnataka,Kharif,64.2,30.0,1.032,22.0,8286.56
2023,11,Cotton,Andhra Pradesh,Kharif,82.1,30.3,1.083,22.0,8470.82
2023,11,Cotton,Madhya Pradesh,Kharif,122.0,34.1,1.032,22.0,8971.78
2023,11,Cotton,Rajasthan,Kharif,99.0,29.7,1.016,22.0,9153.66
2023,11,Cotton,Gujarat,Kharif,71.5,33.8,1.034,22.0,9276.75
2023,11,Cotton,Bihar,Kharif,104.8,29.4,0.995,22.0,8969.24
2023,11,Cotton,West Bengal,Kharif,81.8,31.2,1.037,22.0,8607.94
2023,11,Cotton,Tamil Nadu,Kharif,174.7,27.8,1.073,22.0,8429.29
2023,11,Sugarcane,Punjab,Year-round,159.7,25.3,1.085,22.0,463.31
2023,11,Sugarcane,Haryana,Year-round,146.0,29.3,1.117,22.0,422.44
2023,11,Sugarcane,UP,Year-round,192.9,26.2,1.104,22.0,419.77
2023,11,Sugarcane,Maharashtra,Year-round,184.6,25.3,1.126,22.0,476.85
2023,11,Sugarcane,Karnataka,Year-round,126.1,27.6,1.153,22.0,468.61
2023,11,Sugarcane,Andhra Pradesh,Year-round,144.7,28.8,1.078,22.0,436.28
2023,11,Sugarcane,Madhya Pradesh,Year-round,133.1,27.2,1.062,22.0,433.55
2023,11,Sugarcane,Rajasthan,Year-round,174.4,26.2,1.124,22.0,429.69
2023,11,Sugarcane,Gujarat,Year-round,202.8,27.5,1.152,22.0,460.2
2023,11,Sugarcane,Bihar,Year-round,156.4,25.0,1.072,22.0,410.62
2023,11,Sugarcane,West Bengal,Year-round,135.5,25.6,1.065,22.0,428.44
2023,11,Sugarcane,Tamil Nadu,Year-round,154.6,26.8,1.088,22.0,413.19
2023,11,Chilli,Punjab,Kharif,90.8,17.9,1.126,22.0,10225.1
2023,11,Chilli,Haryana,Kharif,125.7,20.2,1.123,22.0,11790.38
2023,11,Chilli,UP,Kharif,94.5,21.1,1.092,22.0,11121.89
2023,11,Chilli,Maharashtra,Kharif,116.6,20.9,1.135,22.0,11499.63
2023,11,Chilli,Karnataka,Kharif,87.8,20.0,1.046,22.0,11636.14
2023,11,Chilli,Andhra Pradesh,Kharif,82.1,18.5,1.073,22.0,11846.14
2023,11,Chilli,Madhya Pradesh,Kharif,86.3,20.6,1.086,22.0,10186.95
2023,11,Chilli,Rajasthan,Kharif,116.7,23.2,1.093,22.0,11818.03
2023,11,Chilli,Gujarat,Kharif,85.0,18.4,1.081,22.0,11544.39
2023,11,Chilli,Bihar,Kharif,77.2,21.5,1.129,22.0,11304.8
2023,11,Chilli,West Bengal,Kharif,79.8,21.2,1.06,22.0,10890.47
2023,11,Chilli,Tamil Nadu,Kharif,58.1,23.6,1.103,22.0,11865.09
2023,11,Gram,Punjab,Rabi,73.4,25.9,0.979,22.0,6669.42
2023,11,Gram,Haryana,Rabi,113.7,26.0,0.922,22.0,6575.66
2023,11,Gram,UP,Rabi,43.9,26.6,0.908,22.0,6049.78
2023,11,Gram,Maharashtra,Rabi,78.0,28.0,0.963,22.0,6751.12
2023,11,Gram,Karnataka,Rabi,112.5,26.0,0.935,22.0,6509.76
2023,11,Gram,Andhra Pradesh,Rabi,96.0,30.5,0.981,22.0,6363.19
2023,11,Gram,Madhya Pradesh,Rabi,74.9,28.2,0.921,22.0,6533.75
2023,11,Gram,Rajasthan,Rabi,139.4,28.5,0.983,22.0,6216.22
2023,11,Gram,Gujarat,Rabi,91.5,28.9,0.99,22.0,5916.56
2023,11,Gram,Bihar,Rabi,112.5,28.1,0.904,22.0,6224.6
2023,11,Gram,West Bengal,Rabi,130.7,27.1,0.922,22.0,5807.3
2023,11,Gram,Tamil Nadu,Rabi,81.1,28.6,0.955,22.0,6490.1
2023,11,Mustard,Punjab,Rabi,129.9,40.3,1.114,22.0,6912.27
2023,11,Mustard,Haryana,Rabi,136.1,40.4,1.108,22.0,7776.04
2023,11,Mustard,UP,Rabi,123.6,39.7,1.02,22.0,7840.51
2023,11,Mustard,Maharashtra,Rabi,121.4,35.3,1.051,22.0,7680.77
2023,11,Mustard,Karnataka,Rabi,129.6,37.6,1.089,22.0,7114.99
2023,11,Mustard,Andhra Pradesh,Rabi,134.9,34.1,1.064,22.0,7322.57
2023,11,Mustard,Madhya Pradesh,Rabi,100.1,37.8,1.028,22.0,7804.09
2023,11,Mustard,Rajasthan,Rabi,118.1,42.8,1.048,22.0,7209.09
2023,11,Mustard,Gujarat,Rabi,119.0,39.0,1.085,22.0,7367.61
2023,11,Mustard,Bihar,Rabi,93.3,36.0,1.066,22.0,7823.32
2023,11,Mustard,West Bengal,Rabi,103.7,39.6,1.063,22.0,7767.8
2023,11,Mustard,Tamil Nadu,Rabi,119.0,38.4,1.111,22.0,7480.97
2023,12,Wheat,Punjab,Rabi,143.5,19.5,0.936,22.0,2742.0
2023,12,Wheat,Haryana,Rabi,190.4,19.0,0.955,22.0,2681.56
2023,12,Wheat,UP,Rabi,194.6,19.4,0.959,22.0,2882.39
2023,12,Wheat,Maharashtra,Rabi,163.8,16.1,0.961,22.0,2790.21
2023,12,Wheat,Karnataka,Rabi,173.1,16.2,0.984,22.0,2568.66
2023,12,Wheat,Andhra Pradesh,Rabi,173.6,16.2,0.925,22.0,2506.46
2023,12,Wheat,Madhya Pradesh,Rabi,178.7,15.1,0.942,22.0,2908.31
2023,12,Wheat,Rajasthan,Rabi,177.9,14.6,0.934,22.0,2537.67
2023,12,Wheat,Gujarat,Rabi,156.4,14.1,0.951,22.0,2739.38
2023,12,Wheat,Bihar,Rabi,157.8,14.1,0.968,22.0,2656.89
2023,12,Wheat,West Bengal,Rabi,151.0,17.8,0.928,22.0,2894.92
2023,12,Wheat,Tamil Nadu,Rabi,153.4,15.7,0.921,22.0,2512.92
2023,12,Rice,Punjab,Kharif,80.2,11.1,0.893,22.0,2597.3
2023,12,Rice,Haryana,Kharif,134.6,13.3,0.942,22.0,2521.28
2023,12,Rice,UP,Kharif,121.2,9.8,0.976,22.0,2673.63
2023,12,Rice,Maharashtra,Kharif,82.0,10.5,0.958,22.0,2644.2
2023,12,Rice,Karnataka,Kharif,137.1,14.0,0.896,22.0,2509.78
2023,12,Rice,Andhra Pradesh,Kharif,91.2,14.4,0.945,22.0,2664.89
2023,12,Rice,Madhya Pradesh,Kharif,90.4,11.9,0.889,22.0,2585.8
2023,12,Rice,Rajasthan,Kharif,80.0,11.6,0.93,22.0,2687.85
2023,12,Rice,Gujarat,Kharif,92.7,10.4,0.934,22.0,2350.1
2023,12,Rice,Bihar,Kharif,119.0,14.5,0.927,22.0,2553.62
2023,12,Rice,West Bengal,Kharif,82.2,8.5,0.923,22.0,2579.19
2023,12,Rice,Tamil Nadu,Kharif,90.1,11.9,0.934,22.0,2452.35
2023,12,Maize,Punjab,Kharif,37.0,17.2,1.088,22.0,3690.22
2023,12,Maize,Haryana,Kharif,66.1,17.9,1.081,22.0,3487.37
2023,12,Maize,UP,Kharif,19.2,17.9,1.115,22.0,3768.94
2023,12,Maize,Maharashtra,Kharif,85.4,16.1,1.107,22.0,3843.59
2023,12,Maize,Karnataka,Kharif,38.7,15.4,1.098,22.0,3444.7
2023,12,Maize,Andhra Pradesh,Kharif,11.9,16.4,1.159,22.0,3774.12
2023,12,Maize,Madhya Pradesh,Kharif,28.4,20.0,1.096,22.0,3398.75
2023,12,Maize,Rajasthan,Kharif,62.8,16.7,1.107,22.0,3839.86
2023,12,Maize,Gujarat,Kharif,47.0,11.0,1.165,22.0,3907.61
2023,12,Maize,Bihar,Kharif,64.9,8.3,1.09,22.0,3405.92
2023,12,Maize,West Bengal,Kharif,28.5,15.0,1.111,22.0,3610.02
2023,12,Maize,Tamil Nadu,Kharif,42.7,19.4,1.157,22.0,3637.5
2023,12,Potato,Punjab,Rabi,88.7,9.2,0.979,22.0,1015.29
2023,12,Potato,Haryana,Rabi,103.8,9.4,0.982,22.0,931.31
2023,12,Potato,UP,Rabi,78.1,7.9,0.943,22.0,1046.7
2023,12,Potato,Maharashtra,Rabi,79.2,12.3,0.96,22.0,999.78
2023,12,Potato,Karnataka,Rabi,80.8,8.1,0.987,22.0,1009.0
2023,12,Potato,Andhra Pradesh,Rabi,89.5,8.2,0.969,22.0,988.2
2023,12,Potato,Madhya Pradesh,Rabi,73.6,9.8,0.976,22.0,916.39
2023,12,Potato,Rajasthan,Rabi,113.9,10.5,0.947,22.0,975.96
2023,12,Potato,Gujarat,Rabi,53.1,7.5,0.991,22.0,937.93
2023,12,Potato,Bihar,Rabi,74.5,12.6,0.957,22.0,929.15
2023,12,Potato,West Bengal,Rabi,31.9,9.8,0.961,22.0,954.44
2023,12,Potato,Tamil Nadu,Rabi,99.2,10.9,0.989,22.0,1023.63
2023,12,Tomato,Punjab,Year-round,91.5,12.1,1.026,22.0,1664.58
2023,12,Tomato,Haryana,Year-round,105.0,16.6,1.059,22.0,1536.16
2023,12,Tomato,UP,Year-round,80.0,17.5,1.02,22.0,1574.88
2023,12,Tomato,Maharashtra,Year-round,110.1,13.8,1.089,22.0,1573.41
2023,12,Tomato,Karnataka,Year-round,135.0,14.1,1.019,22.0,1618.08
2023,12,Tomato,Andhra Pradesh,Year-round,60.8,17.0,1.063,22.0,1585.58
2023,12,Tomato,Madhya Pradesh,Year-round,83.0,14.4,1.027,22.0,1646.55
2023,12,Tomato,Rajasthan,Year-round,90.1,17.0,1.101,22.0,1625.55
2023,12,Tomato,Gujarat,Year-round,106.6,12.8,1.085,22.0,1627.15
2023,12,Tomato,Bihar,Year-round,76.8,12.5,1.079,22.0,1510.79
2023,12,Tomato,West Bengal,Year-round,92.0,17.3,1.056,22.0,1540.61
2023,12,Tomato,Tamil Nadu,Year-round,96.7,18.3,1.022,22.0,1610.53
2023,12,Onion,Punjab,Rabi,124.1,11.1,0.925,22.0,1793.37
2023,12,Onion,Haryana,Rabi,81.0,15.3,0.956,22.0,1898.33
2023,12,Onion,UP,Rabi,110.5,11.5,0.951,22.0,1727.55
2023,12,Onion,Maharashtra,Rabi,74.3,12.7,0.974,22.0,1707.69
2023,12,Onion,Karnataka,Rabi,111.0,13.9,0.896,22.0,1895.18
2023,12,Onion,Andhra Pradesh,Rabi,111.6,9.3,0.905,22.0,1730.39
2023,12,Onion,Madhya Pradesh,Rabi,79.6,13.8,0.901,22.0,1781.01
2023,12,Onion,Rajasthan,Rabi,82.1,15.3,0.909,22.0,1632.07
2023,12,Onion,Gujarat,Rabi,92.6,10.8,0.958,22.0,1841.58
2023,12,Onion,Bihar,Rabi,73.2,13.4,0.905,22.0,1783.96
2023,12,Onion,West Bengal,Rabi,76.9,9.4,0.912,22.0,1786.42
2023,12,Onion,Tamil Nadu,Rabi,82.6,17.1,0.943,22.0,1869.39
2023,12,Soybean,Punjab,Kharif,103.3,10.0,0.955,22.0,4730.38
2023,12,Soybean,Haryana,Kharif,73.3,7.2,0.965,22.0,5445.22
2023,12,Soybean,UP,Kharif,144.6,12.4,0.952,22.0,5136.44
2023,12,Soybean,Maharashtra,Kharif,100.0,10.8,0.987,22.0,5288.92
2023,12,Soybean,Karnataka,Kharif,83.5,10.3,0.956,22.0,5009.83
2023,12,Soybean,Andhra Pradesh,Kharif,74.7,10.6,0.975,22.0,4821.72
2023,12,Soybean,Madhya Pradesh,Kharif,109.3,10.1,0.915,22.0,5300.46
2023,12,Soybean,Rajasthan,Kharif,54.5,11.6,0.905,22.0,5328.04
2023,12,Soybean,Gujarat,Kharif,99.9,12.6,0.92,22.0,4806.41
2023,12,Soybean,Bihar,Kharif,92.1,12.3,0.931,22.0,5069.84
2023,12,Soybean,West Bengal,Kharif,60.6,8.5,0.923,22.0,5437.73
2023,12,Soybean,Tamil Nadu,Kharif,87.6,10.6,0.959,22.0,5126.02
2023,12,Cotton,Punjab,Kharif,144.5,12.8,0.865,22.0,7991.83
2023,12,Cotton,Haryana,Kharif,147.9,12.4,0.908,22.0,7486.31
2023,12,Cotton,UP,Kharif,157.2,15.1,0.91,22.0,7382.23
2023,12,Cotton,Maharashtra,Kharif,154.4,13.7,0.867,22.0,7469.45
2023,12,Cotton,Karnataka,Kharif,157.9,10.6,0.921,22.0,7458.41
2023,12,Cotton,Andhra Pradesh,Kharif,133.6,15.8,0.873,22.0,7383.25
2023,12,Cotton,Madhya Pradesh,Kharif,121.7,9.7,0.901,22.0,7907.88
2023,12,Cotton,Rajasthan,Kharif,158.9,13.9,0.946,22.0,8288.39
2023,12,Cotton,Gujarat,Kharif,138.6,12.8,0.946,22.0,7820.05
2023,12,Cotton,Bihar,Kharif,121.8,15.3,0.864,22.0,7747.23
2023,12,Cotton,West Bengal,Kharif,144.3,15.8,0.917,22.0,7844.43
2023,12,Cotton,Tamil Nadu,Kharif,153.1,13.5,0.932,22.0,8149.12
2023,12,Sugarcane,Punjab,Year-round,96.5,9.6,1.028,22.0,382.31
2023,12,Sugarcane,Haryana,Year-round,100.2,10.7,0.999,22.0,371.55
2023,12,Sugarcane,UP,Year-round,104.2,11.0,0.943,22.0,385.79
2023,12,Sugarcane,Maharashtra,Year-round,86.6,8.3,0.98,22.0,397.99
2023,12,Sugarcane,Karnataka,Year-round,92.4,6.7,0.96,22.0,354.76
2023,12,Sugarcane,Andhra Pradesh,Year-round,136.1,8.7,1.023,22.0,373.06
2023,12,Sugarcane,Madhya Pradesh,Year-round,129.3,8.8,0.999,22.0,352.04
2023,12,Sugarcane,Rajasthan,Year-round,111.3,13.6,0.951,22.0,365.43
2023,12,Sugarcane,Gujarat,Year-round,129.7,11.8,0.985,22.0,356.43
2023,12,Sugarcane,Bihar,Year-round,104.0,7.2,1.018,22.0,376.14
2023,12,Sugarcane,West Bengal,Year-round,89.5,9.2,0.978,22.0,397.4
2023,12,Sugarcane,Tamil Nadu,Year-round,140.9,10.7,0.937,22.0,392.69
2023,12,Chilli,Punjab,Kharif,136.1,9.6,0.912,22.0,9933.66
2023,12,Chilli,Haryana,Kharif,142.3,10.8,0.941,22.0,9244.67
2023,12,Chilli,UP,Kharif,111.3,10.6,0.954,22.0,9909.12
2023,12,Chilli,Maharashtra,Kharif,94.7,11.2,0.909,22.0,8831.11
2023,12,Chilli,Karnataka,Kharif,115.2,10.7,0.923,22.0,9070.18
2023,12,Chilli,Andhra Pradesh,Kharif,136.5,9.6,0.932,22.0,9177.57
2023,12,Chilli,Madhya Pradesh,Kharif,110.3,8.8,0.894,22.0,9319.09
2023,12,Chilli,Rajasthan,Kharif,159.2,9.9,0.863,22.0,8950.86
2023,12,Chilli,Gujarat,Kharif,120.9,11.4,0.944,22.0,9928.67
2023,12,Chilli,Bihar,Kharif,145.7,11.7,0.943,22.0,9343.37
2023,12,Chilli,West Bengal,Kharif,113.5,9.3,0.933,22.0,9225.68
2023,12,Chilli,Tamil Nadu,Kharif,121.1,13.3,0.888,22.0,10005.66
2023,12,Gram,Punjab,Rabi,109.8,14.9,0.926,22.0,6768.44
2023,12,Gram,Haryana,Rabi,66.3,19.4,0.901,22.0,6093.33
2023,12,Gram,UP,Rabi,91.1,11.0,0.952,22.0,6481.91
2023,12,Gram,Maharashtra,Rabi,100.8,16.5,0.925,22.0,6548.57
2023,12,Gram,Karnataka,Rabi,64.7,15.5,0.928,22.0,6230.56
2023,12,Gram,Andhra Pradesh,Rabi,105.6,17.8,0.948,22.0,6755.77
2023,12,Gram,Madhya Pradesh,Rabi,121.8,16.9,0.962,22.0,6330.45
2023,12,Gram,Rajasthan,Rabi,117.1,17.8,0.902,22.0,5929.09
2023,12,Gram,Gujarat,Rabi,104.5,18.7,0.97,22.0,6046.72
2023,12,Gram,Bihar,Rabi,125.1,10.5,0.974,22.0,6082.08
2023,12,Gram,West Bengal,Rabi,64.5,16.4,0.957,22.0,6626.73
2023,12,Gram,Tamil Nadu,Rabi,96.8,14.0,0.928,22.0,6028.73
2023,12,Mustard,Punjab,Rabi,138.9,14.7,0.974,22.0,7190.74
2023,12,Mustard,Haryana,Rabi,135.3,13.7,1.034,22.0,6931.02
2023,12,Mustard,UP,Rabi,118.1,17.6,1.024,22.0,7636.07
2023,12,Mustard,Maharashtra,Rabi,171.6,19.0,1.04,22.0,7138.28
2023,12,Mustard,Karnataka,Rabi,121.4,16.4,0.971,22.0,6707.2
2023,12,Mustard,Andhra Pradesh,Rabi,124.5,15.7,1.021,22.0,7208.38
2023,12,Mustard,Madhya Pradesh,Rabi,135.6,15.2,0.99,22.0,7226.4
2023,12,Mustard,Rajasthan,Rabi,129.3,11.7,1.059,22.0,7525.23
2023,12,Mustard,Gujarat,Rabi,123.0,16.5,0.973,22.0,7538.71
2023,12,Mustard,Bihar,Rabi,150.3,15.2,1.004,22.0,7308.25
2023,12,Mustard,West Bengal,Rabi,162.6,15.8,0.996,22.0,7083.79
2023,12,Mustard,Tamil Nadu,Rabi,158.2,15.8,1.022,22.0,7694.68
2024,1,Wheat,Punjab,Rabi,119.0,10.6,1.02,27.5,2970.55
2024,1,Wheat,Haryana,Rabi,110.5,10.2,1.053,27.5,3238.63
2024,1,Wheat,UP,Rabi,78.5,11.2,1.072,27.5,3156.38
2024,1,Wheat,Maharashtra,Rabi,117.0,12.2,1.096,27.5,3120.15
2024,1,Wheat,Karnataka,Rabi,141.5,8.1,1.101,27.5,3108.88
2024,1,Wheat,Andhra Pradesh,Rabi,110.6,11.0,1.118,27.5,3131.56
2024,1,Wheat,Madhya Pradesh,Rabi,152.6,10.0,1.052,27.5,3332.06
2024,1,Wheat,Rajasthan,Rabi,66.8,13.5,1.025,27.5,3273.23
2024,1,Wheat,Gujarat,Rabi,133.3,12.1,1.052,27.5,3391.93
2024,1,Wheat,Bihar,Rabi,147.6,11.6,1.119,27.5,3050.57
2024,1,Wheat,West Bengal,Rabi,154.7,12.5,1.043,27.5,3040.13
2024,1,Wheat,Tamil Nadu,Rabi,136.3,9.2,1.111,27.5,3110.11
2024,1,Rice,Punjab,Kharif,149.6,19.9,1.146,27.5,3053.24
2024,1,Rice,Haryana,Kharif,129.9,21.9,1.149,27.5,3176.11
2024,1,Rice,UP,Kharif,136.5,19.5,1.106,27.5,3026.66
2024,1,Rice,Maharashtra,Kharif,109.6,16.6,1.135,27.5,2885.29
2024,1,Rice,Karnataka,Kharif,129.4,20.6,1.107,27.5,2856.78
2024,1,Rice,Andhra Pradesh,Kharif,120.5,19.3,1.108,27.5,3206.36
2024,1,Rice,Madhya Pradesh,Kharif,83.4,19.5,1.126,27.5,3199.07
2024,1,Rice,Rajasthan,Kharif,113.9,18.7,1.115,27.5,3202.18
2024,1,Rice,Gujarat,Kharif,146.7,20.0,1.071,27.5,2910.26
2024,1,Rice,Bihar,Kharif,140.9,16.9,1.135,27.5,2939.55
2024,1,Rice,West Bengal,Kharif,157.6,20.3,1.141,27.5,3144.77
2024,1,Rice,Tamil Nadu,Kharif,149.9,17.9,1.162,27.5,2828.72
2024,1,Maize,Punjab,Kharif,66.8,13.1,1.076,27.5,2875.69
2024,1,Maize,Haryana,Kharif,57.6,14.6,1.063,27.5,2929.47
2024,1,Maize,UP,Kharif,82.5,15.1,1.013,27.5,3011.94
2024,1,Maize,Maharashtra,Kharif,63.6,15.7,1.057,27.5,2954.42
2024,1,Maize,Karnataka,Kharif,63.7,16.0,1.053,27.5,2942.2
2024,1,Maize,Andhra Pradesh,Kharif,102.5,9.0,1.033,27.5,3047.26
2024,1,Maize,Madhya Pradesh,Kharif,72.6,16.7,1.102,27.5,3248.49
2024,1,Maize,Rajasthan,Kharif,73.4,16.7,1.031,27.5,2916.28
2024,1,Maize,Gujarat,Kharif,83.3,13.0,1.09,27.5,2924.44
2024,1,Maize,Bihar,Kharif,84.9,10.7,1.091,27.5,3179.4
2024,1,Maize,West Bengal,Kharif,62.7,14.0,1.017,27.5,2924.71
2024,1,Maize,Tamil Nadu,Kharif,63.7,11.5,1.033,27.5,3218.18
2024,1,Potato,Punjab,Rabi,110.3,13.7,1.067,27.5,1181.82
2024,1,Potato,Haryana,Rabi,83.0,12.2,1.155,27.5,1108.46
2024,1,Potato,UP,Rabi,98.9,16.2,1.048,27.5,1089.38
2024,1,Potato,Maharashtra,Rabi,59.0,14.2,1.089,27.5,1233.85
2024,1,Potato,Karnataka,Rabi,119.0,12.4,1.134,27.5,1172.9
2024,1,Potato,Andhra Pradesh,Rabi,99.6,13.9,1.074,27.5,1098.3
2024,1,Potato,Madhya Pradesh,Rabi,87.9,13.7,1.087,27.5,1123.56
2024,1,Potato,Rajasthan,Rabi,94.5,16.3,1.065,27.5,1078.11
2024,1,Potato,Gujarat,Rabi,73.0,12.6,1.145,27.5,1219.17
2024,1,Potato,Bihar,Rabi,93.8,14.7,1.08,27.5,1092.78
2024,1,Potato,West Bengal,Rabi,85.0,15.9,1.05,27.5,1066.05
2024,1,Potato,Tamil Nadu,Rabi,76.4,12.7,1.064,27.5,1162.28
2024,1,Tomato,Punjab,Year-round,55.5,7.8,0.881,27.5,1367.76
2024,1,Tomato,Haryana,Year-round,96.1,10.0,0.89,27.5,1347.95
2024,1,Tomato,UP,Year-round,95.7,6.1,0.883,27.5,1386.69
2024,1,Tomato,Maharashtra,Year-round,90.2,5.3,0.858,27.5,1480.37
2024,1,Tomato,Karnataka,Year-round,86.9,7.8,0.874,27.5,1413.98
2024,1,Tomato,Andhra Pradesh,Year-round,65.9,4.5,0.819,27.5,1342.71
2024,1,Tomato,Madhya Pradesh,Year-round,83.1,4.4,0.855,27.5,1328.95
2024,1,Tomato,Rajasthan,Year-round,22.0,7.4,0.835,27.5,1434.76
2024,1,Tomato,Gujarat,Year-round,59.3,6.8,0.846,27.5,1453.97
2024,1,Tomato,Bihar,Year-round,76.8,5.0,0.863,27.5,1269.63
2024,1,Tomato,West Bengal,Year-round,104.5,7.9,0.865,27.5,1294.76
2024,1,Tomato,Tamil Nadu,Year-round,101.9,9.8,0.856,27.5,1331.63
2024,1,Onion,Punjab,Rabi,102.1,16.2,1.108,27.5,2529.17
2024,1,Onion,Haryana,Rabi,122.3,17.1,1.101,27.5,2249.52
2024,1,Onion,UP,Rabi,127.6,14.6,1.185,27.5,2220.04
2024,1,Onion,Maharashtra,Rabi,128.5,11.4,1.136,27.5,2216.76
2024,1,Onion,Karnataka,Rabi,123.9,14.4,1.19,27.5,2199.21
2024,1,Onion,Andhra Pradesh,Rabi,89.9,15.9,1.166,27.5,2364.1
2024,1,Onion,Madhya Pradesh,Rabi,135.9,14.0,1.194,27.5,2174.16
2024,1,Onion,Rajasthan,Rabi,97.7,16.4,1.141,27.5,2404.69
2024,1,Onion,Gujarat,Rabi,97.2,14.6,1.166,27.5,2430.48
2024,1,Onion,Bihar,Rabi,113.9,12.8,1.09,27.5,2236.76
2024,1,Onion,West Bengal,Rabi,88.6,16.2,1.192,27.5,2390.34
2024,1,Onion,Tamil Nadu,Rabi,120.9,13.7,1.122,27.5,2463.41
2024,1,Soybean,Punjab,Kharif,126.3,14.6,1.066,27.5,6205.95
2024,1,Soybean,Haryana,Kharif,166.9,15.2,1.157,27.5,6540.85
2024,1,Soybean,UP,Kharif,155.3,17.4,1.086,27.5,6801.66
2024,1,Soybean,Maharashtra,Kharif,136.8,16.7,1.164,27.5,5960.9
2024,1,Soybean,Karnataka,Kharif,131.2,16.3,1.08,27.5,6241.65
2024,1,Soybean,Andhra Pradesh,Kharif,140.7,17.8,1.114,27.5,6563.25
2024,1,Soybean,Madhya Pradesh,Kharif,171.4,13.7,1.109,27.5,6331.67
2024,1,Soybean,Rajasthan,Kharif,128.0,18.7,1.125,27.5,6217.59
2024,1,Soybean,Gujarat,Kharif,139.0,19.9,1.136,27.5,6853.66
2024,1,Soybean,Bihar,Kharif,174.4,14.7,1.102,27.5,6702.42
2024,1,Soybean,West Bengal,Kharif,157.1,16.4,1.117,27.5,6711.91
2024,1,Soybean,Tamil Nadu,Kharif,114.0,14.8,1.07,27.5,6236.53
2024,1,Cotton,Punjab,Kharif,104.5,5.5,0.822,27.5,7256.57
2024,1,Cotton,Haryana,Kharif,107.1,5.6,0.85,27.5,7189.41
2024,1,Cotton,UP,Kharif,72.3,5.1,0.885,27.5,6784.99
2024,1,Cotton,Maharashtra,Kharif,112.3,6.9,0.861,27.5,7504.1
2024,1,Cotton,Karnataka,Kharif,135.5,2.2,0.844,27.5,7678.09
2024,1,Cotton,Andhra Pradesh,Kharif,99.5,7.9,0.828,27.5,7218.56
2024,1,Cotton,Madhya Pradesh,Kharif,111.0,5.3,0.812,27.5,7387.69
2024,1,Cotton,Rajasthan,Kharif,129.0,6.3,0.873,27.5,7228.35
2024,1,Cotton,Gujarat,Kharif,123.6,6.1,0.873,27.5,6737.18
2024,1,Cotton,Bihar,Kharif,70.4,8.9,0.861,27.5,7274.07
2024,1,Cotton,West Bengal,Kharif,105.8,3.3,0.813,27.5,7477.46
2024,1,Cotton,Tamil Nadu,Kharif,84.2,5.1,0.896,27.5,7223.71
2024,1,Sugarcane,Punjab,Year-round,68.0,10.7,0.938,27.5,442.33
2024,1,Sugarcane,Haryana,Year-round,43.9,10.7,0.965,27.5,462.05
2024,1,Sugarcane,UP,Year-round,7.1,11.8,1.016,27.5,423.28
2024,1,Sugarcane,Maharashtra,Year-round,37.0,10.4,0.923,27.5,463.74
2024,1,Sugarcane,Karnataka,Year-round,62.0,11.8,0.935,27.5,424.48
2024,1,Sugarcane,Andhra Pradesh,Year-round,71.6,8.3,0.937,27.5,447.11
2024,1,Sugarcane,Madhya Pradesh,Year-round,57.6,7.7,0.99,27.5,487.16
2024,1,Sugarcane,Rajasthan,Year-round,6.7,11.8,1.005,27.5,469.55
2024,1,Sugarcane,Gujarat,Year-round,52.3,9.0,0.992,27.5,468.57
2024,1,Sugarcane,Bihar,Year-round,22.8,11.6,0.95,27.5,451.89
2024,1,Sugarcane,West Bengal,Year-round,16.6,8.4,0.938,27.5,469.69
2024,1,Sugarcane,Tamil Nadu,Year-round,42.3,13.7,0.931,27.5,461.11
2024,1,Chilli,Punjab,Kharif,28.6,15.5,1.041,27.5,10957.53
2024,1,Chilli,Haryana,Kharif,43.2,15.6,0.983,27.5,10658.6
2024,1,Chilli,UP,Kharif,21.6,14.9,0.993,27.5,10823.7
2024,1,Chilli,Maharashtra,Kharif,50.1,14.0,1.022,27.5,10895.9
2024,1,Chilli,Karnataka,Kharif,60.2,16.6,1.014,27.5,10343.54
2024,1,Chilli,Andhra Pradesh,Kharif,60.1,15.7,1.017,27.5,11395.84
2024,1,Chilli,Madhya Pradesh,Kharif,37.2,15.4,1.062,27.5,10590.82
2024,1,Chilli,Rajasthan,Kharif,65.5,15.7,1.07,27.5,10957.47
2024,1,Chilli,Gujarat,Kharif,61.9,18.4,1.016,27.5,10096.4
2024,1,Chilli,Bihar,Kharif,61.2,16.9,1.008,27.5,11486.58
2024,1,Chilli,West Bengal,Kharif,19.3,15.7,1.015,27.5,10954.6
2024,1,Chilli,Tamil Nadu,Kharif,88.3,15.3,0.973,27.5,10179.75
2024,1,Gram,Punjab,Rabi,229.3,22.0,0.959,27.5,6620.85
2024,1,Gram,Haryana,Rabi,219.8,16.8,0.971,27.5,6812.66
2024,1,Gram,UP,Rabi,190.5,20.3,1.016,27.5,7088.96
2024,1,Gram,Maharashtra,Rabi,215.4,17.9,0.985,27.5,7109.75
2024,1,Gram,Karnataka,Rabi,245.9,18.5,1.001,27.5,7231.55
2024,1,Gram,Andhra Pradesh,Rabi,223.7,17.3,0.958,27.5,7532.67
2024,1,Gram,Madhya Pradesh,Rabi,256.8,17.6,0.964,27.5,7293.22
2024,1,Gram,Rajasthan,Rabi,209.6,17.0,0.946,27.5,6797.55
2024,1,Gram,Gujarat,Rabi,220.9,18.0,0.963,27.5,6792.13
2024,1,Gram,Bihar,Rabi,233.6,18.1,0.979,27.5,7575.89
2024,1,Gram,West Bengal,Rabi,214.1,16.3,0.995,27.5,7641.26
2024,1,Gram,Tamil Nadu,Rabi,231.3,20.7,0.935,27.5,7668.61
2024,1,Mustard,Punjab,Rabi,82.5,8.9,0.943,27.5,7227.08
2024,1,Mustard,Haryana,Rabi,65.9,9.2,1.009,27.5,6633.38
2024,1,Mustard,UP,Rabi,90.0,8.6,0.936,27.5,6769.38
2024,1,Mustard,Maharashtra,Rabi,78.5,9.8,0.988,27.5,6545.6
2024,1,Mustard,Karnataka,Rabi,123.6,8.8,0.956,27.5,7177.35
2024,1,Mustard,Andhra Pradesh,Rabi,115.0,6.4,0.922,27.5,6488.49
2024,1,Mustard,Madhya Pradesh,Rabi,104.2,11.4,0.928,27.5,7026.53
2024,1,Mustard,Rajasthan,Rabi,104.1,11.6,0.968,27.5,6308.58
2024,1,Mustard,Gujarat,Rabi,108.2,9.6,0.998,27.5,6886.36
2024,1,Mustard,Bihar,Rabi,115.4,8.9,0.921,27.5,6738.74
2024,1,Mustard,West Bengal,Rabi,51.7,6.9,0.983,27.5,7251.95
2024,1,Mustard,Tamil Nadu,Rabi,92.0,11.2,0.972,27.5,7016.95
2024,2,Wheat,Punjab,Rabi,84.4,43.7,1.1,27.5,3915.96
2024,2,Wheat,Haryana,Rabi,74.2,46.2,1.168,27.5,3933.92
2024,2,Wheat,UP,Rabi,72.7,42.3,1.175,27.5,3512.57
2024,2,Wheat,Maharashtra,Rabi,90.8,37.7,1.089,27.5,3671.59
2024,2,Wheat,Karnataka,Rabi,95.7,40.8,1.161,27.5,3574.49
2024,2,Wheat,Andhra Pradesh,Rabi,37.3,44.0,1.162,27.5,3577.41
2024,2,Wheat,Madhya Pradesh,Rabi,86.2,39.5,1.151,27.5,3384.4
2024,2,Wheat,Rajasthan,Rabi,106.5,40.4,1.122,27.5,3778.8
2024,2,Wheat,Gujarat,Rabi,72.8,43.3,1.179,27.5,3746.88
2024,2,Wheat,Bihar,Rabi,54.5,42.2,1.088,27.5,3544.01
2024,2,Wheat,West Bengal,Rabi,100.5,39.9,1.173,27.5,3403.27
2024,2,Wheat,Tamil Nadu,Rabi,73.7,42.7,1.126,27.5,3803.45
2024,2,Rice,Punjab,Kharif,161.5,32.0,1.07,27.5,2784.67
2024,2,Rice,Haryana,Kharif,180.5,29.1,1.007,27.5,2887.77
2024,2,Rice,UP,Kharif,136.1,30.3,1.026,27.5,2876.99
2024,2,Rice,Maharashtra,Kharif,114.4,30.8,1.036,27.5,2747.19
2024,2,Rice,Karnataka,Kharif,158.6,30.2,1.033,27.5,2948.6
2024,2,Rice,Andhra Pradesh,Kharif,135.9,31.2,1.024,27.5,3011.38
2024,2,Rice,Madhya Pradesh,Kharif,139.1,30.7,1.072,27.5,2888.08
2024,2,Rice,Rajasthan,Kharif,138.2,29.8,1.08,27.5,2698.43
2024,2,Rice,Gujarat,Kharif,209.9,32.5,1.023,27.5,2950.18
2024,2,Rice,Bihar,Kharif,130.7,34.1,1.053,27.5,2752.4
2024,2,Rice,West Bengal,Kharif,167.6,28.0,1.085,27.5,2696.26
2024,2,Rice,Tamil Nadu,Kharif,149.5,30.4,1.045,27.5,3048.37
2024,2,Maize,Punjab,Kharif,182.6,25.5,1.041,27.5,3073.62
2024,2,Maize,Haryana,Kharif,220.0,26.2,1.014,27.5,3080.05
2024,2,Maize,UP,Kharif,177.4,26.7,0.99,27.5,3493.56
2024,2,Maize,Maharashtra,Kharif,183.7,26.8,1.02,27.5,3054.85
2024,2,Maize,Karnataka,Kharif,190.4,24.7,0.972,27.5,3310.64
2024,2,Maize,Andhra Pradesh,Kharif,182.1,26.9,1.056,27.5,3236.21
2024,2,Maize,Madhya Pradesh,Kharif,195.0,23.6,0.962,27.5,3030.96
2024,2,Maize,Rajasthan,Kharif,171.9,24.8,0.972,27.5,3145.79
2024,2,Maize,Gujarat,Kharif,149.2,26.0,1.043,27.5,3263.04
2024,2,Maize,Bihar,Kharif,184.8,28.8,1.034,27.5,3428.41
2024,2,Maize,West Bengal,Kharif,163.2,25.5,0.96,27.5,3115.06
2024,2,Maize,Tamil Nadu,Kharif,201.9,26.9,0.979,27.5,3344.02
2024,2,Potato,Punjab,Rabi,183.2,16.7,1.123,27.5,1264.36
2024,2,Potato,Haryana,Rabi,186.7,15.5,1.153,27.5,1178.78
2024,2,Potato,UP,Rabi,192.7,15.6,1.122,27.5,1174.58
2024,2,Potato,Maharashtra,Rabi,226.4,15.6,1.165,27.5,1253.58
2024,2,Potato,Karnataka,Rabi,210.5,15.7,1.163,27.5,1270.17
2024,2,Potato,Andhra Pradesh,Rabi,196.3,13.4,1.136,27.5,1193.57
2024,2,Potato,Madhya Pradesh,Rabi,162.3,13.9,1.096,27.5,1255.46
2024,2,Potato,Rajasthan,Rabi,157.6,14.0,1.149,27.5,1114.71
2024,2,Potato,Gujarat,Rabi,196.6,14.4,1.184,27.5,1242.67
2024,2,Potato,Bihar,Rabi,160.2,21.4,1.13,27.5,1193.3
2024,2,Potato,West Bengal,Rabi,193.5,15.2,1.176,27.5,1126.94
2024,2,Potato,Tamil Nadu,Rabi,219.5,17.5,1.091,27.5,1158.71
2024,2,Tomato,Punjab,Year-round,144.9,28.4,0.881,27.5,1389.43
2024,2,Tomato,Haryana,Year-round,126.2,27.6,0.887,27.5,1300.32
2024,2,Tomato,UP,Year-round,131.9,28.1,0.892,27.5,1451.08
2024,2,Tomato,Maharashtra,Year-round,143.7,28.9,0.894,27.5,1406.94
2024,2,Tomato,Karnataka,Year-round,122.8,28.1,0.875,27.5,1279.45
2024,2,Tomato,Andhra Pradesh,Year-round,138.5,29.7,0.867,27.5,1303.31
2024,2,Tomato,Madhya Pradesh,Year-round,161.2,28.5,0.858,27.5,1289.69
2024,2,Tomato,Rajasthan,Year-round,152.8,28.3,0.855,27.5,1483.05
2024,2,Tomato,Gujarat,Year-round,168.8,30.7,0.884,27.5,1285.26
2024,2,Tomato,Bihar,Year-round,130.4,25.7,0.887,27.5,1314.28
2024,2,Tomato,West Bengal,Year-round,159.9,26.1,0.822,27.5,1297.99
2024,2,Tomato,Tamil Nadu,Year-round,170.3,26.1,0.873,27.5,1291.37
2024,2,Onion,Punjab,Rabi,140.8,34.7,1.011,27.5,1884.09
2024,2,Onion,Haryana,Rabi,158.2,34.6,0.966,27.5,2018.41
2024,2,Onion,UP,Rabi,112.5,37.0,1.014,27.5,1857.12
2024,2,Onion,Maharashtra,Rabi,153.5,34.2,1.04,27.5,2085.37
2024,2,Onion,Karnataka,Rabi,131.1,35.9,1.012,27.5,1843.04
2024,2,Onion,Andhra Pradesh,Rabi,159.3,40.5,1.022,27.5,1996.23
2024,2,Onion,Madhya Pradesh,Rabi,159.2,37.8,0.958,27.5,1799.3
2024,2,Onion,Rajasthan,Rabi,178.6,37.9,1.046,27.5,2039.27
2024,2,Onion,Gujarat,Rabi,182.0,36.6,0.991,27.5,1848.61
2024,2,Onion,Bihar,Rabi,153.8,34.7,0.976,27.5,1805.14
2024,2,Onion,West Bengal,Rabi,127.0,35.3,0.95,27.5,1831.01
2024,2,Onion,Tamil Nadu,Rabi,163.7,38.1,1.004,27.5,1835.35
2024,2,Soybean,Punjab,Kharif,108.8,26.6,0.979,27.5,5751.24
2024,2,Soybean,Haryana,Kharif,86.4,26.3,0.978,27.5,6198.31
2024,2,Soybean,UP,Kharif,144.3,21.7,1.024,27.5,6276.92
2024,2,Soybean,Maharashtra,Kharif,155.2,24.2,0.989,27.5,6424.68
2024,2,Soybean,Karnataka,Kharif,140.8,23.5,0.99,27.5,6050.61
2024,2,Soybean,Andhra Pradesh,Kharif,124.4,26.9,1.031,27.5,5994.67
2024,2,Soybean,Madhya Pradesh,Kharif,131.8,23.3,1.014,27.5,6297.54
2024,2,Soybean,Rajasthan,Kharif,107.9,24.8,1.004,27.5,6150.98
2024,2,Soybean,Gujarat,Kharif,138.8,26.2,0.993,27.5,6435.15
2024,2,Soybean,Bihar,Kharif,120.8,27.5,1.04,27.5,6226.33
2024,2,Soybean,West Bengal,Kharif,140.1,25.1,0.958,27.5,5674.62
2024,2,Soybean,Tamil Nadu,Kharif,134.6,27.3,1.005,27.5,5731.48
2024,2,Cotton,Punjab,Kharif,66.9,33.2,1.091,27.5,10661.3
2024,2,Cotton,Haryana,Kharif,104.5,30.7,1.162,27.5,10057.96
2024,2,Cotton,UP,Kharif,67.6,31.8,1.152,27.5,9591.0
2024,2,Cotton,Maharashtra,Kharif,90.2,29.2,1.147,27.5,10219.99
2024,2,Cotton,Karnataka,Kharif,102.3,31.1,1.122,27.5,9911.7
2024,2,Cotton,Andhra Pradesh,Kharif,107.7,34.0,1.08,27.5,9826.81
2024,2,Cotton,Madhya Pradesh,Kharif,106.1,28.6,1.141,27.5,9876.24
2024,2,Cotton,Rajasthan,Kharif,58.3,33.1,1.106,27.5,10186.84
2024,2,Cotton,Gujarat,Kharif,99.0,29.3,1.146,27.5,9740.3
2024,2,Cotton,Bihar,Kharif,81.3,33.6,1.092,27.5,9495.38
2024,2,Cotton,West Bengal,Kharif,42.6,32.6,1.174,27.5,9489.93
2024,2,Cotton,Tamil Nadu,Kharif,98.6,32.2,1.111,27.5,9938.37
2024,2,Sugarcane,Punjab,Year-round,141.0,22.3,1.09,27.5,521.22
2024,2,Sugarcane,Haryana,Year-round,103.8,23.5,1.195,27.5,492.36
2024,2,Sugarcane,UP,Year-round,135.6,25.0,1.106,27.5,480.69
2024,2,Sugarcane,Maharashtra,Year-round,106.5,18.6,1.193,27.5,479.2
2024,2,Sugarcane,Karnataka,Year-round,90.7,23.5,1.113,27.5,503.75
2024,2,Sugarcane,Andhra Pradesh,Year-round,99.1,21.7,1.121,27.5,474.41
2024,2,Sugarcane,Madhya Pradesh,Year-round,128.5,21.9,1.13,27.5,493.02
2024,2,Sugarcane,Rajasthan,Year-round,87.4,22.0,1.085,27.5,499.9
2024,2,Sugarcane,Gujarat,Year-round,127.4,23.8,1.19,27.5,481.2
2024,2,Sugarcane,Bihar,Year-round,146.5,22.0,1.141,27.5,523.09
2024,2,Sugarcane,West Bengal,Year-round,110.7,23.2,1.18,27.5,520.72
2024,2,Sugarcane,Tamil Nadu,Year-round,91.8,24.7,1.093,27.5,525.78
2024,2,Chilli,Punjab,Kharif,130.4,37.1,1.049,27.5,11057.03
2024,2,Chilli,Haryana,Kharif,103.7,31.2,1.048,27.5,11526.56
2024,2,Chilli,UP,Kharif,153.6,32.0,1.044,27.5,11666.51
2024,2,Chilli,Maharashtra,Kharif,158.8,32.5,1.063,27.5,10355.49
2024,2,Chilli,Karnataka,Kharif,144.6,32.4,1.028,27.5,11490.32
2024,2,Chilli,Andhra Pradesh,Kharif,175.6,33.2,1.027,27.5,10835.36
2024,2,Chilli,Madhya Pradesh,Kharif,162.0,30.5,1.08,27.5,10958.71
2024,2,Chilli,Rajasthan,Kharif,138.4,33.5,1.024,27.5,11369.86
2024,2,Chilli,Gujarat,Kharif,121.4,31.5,1.065,27.5,10100.19
2024,2,Chilli,Bihar,Kharif,163.5,31.5,1.021,27.5,11198.77
2024,2,Chilli,West Bengal,Kharif,142.1,32.7,1.037,27.5,10795.32
2024,2,Chilli,Tamil Nadu,Kharif,153.6,33.0,1.098,27.5,10424.22
2024,2,Gram,Punjab,Rabi,134.1,17.3,1.016,27.5,7364.9
2024,2,Gram,Haryana,Rabi,90.1,21.2,1.033,27.5,7464.34
2024,2,Gram,UP,Rabi,145.2,24.4,1.073,27.5,7934.36
2024,2,Gram,Maharashtra,Rabi,141.7,25.0,1.023,27.5,8077.93
2024,2,Gram,Karnataka,Rabi,132.8,20.4,1.084,27.5,8093.19
2024,2,Gram,Andhra Pradesh,Rabi,113.6,21.7,1.004,27.5,7417.5
2024,2,Gram,Madhya Pradesh,Rabi,102.4,24.9,1.047,27.5,7094.67
2024,2,Gram,Rajasthan,Rabi,122.6,21.8,1.069,27.5,7745.07
2024,2,Gram,Gujarat,Rabi,139.9,20.4,1.103,27.5,7410.26
2024,2,Gram,Bihar,Rabi,129.6,19.2,1.063,27.5,7077.12
2024,2,Gram,West Bengal,Rabi,118.3,20.7,1.019,27.5,7504.86
2024,2,Gram,Tamil Nadu,Rabi,100.8,24.3,1.051,27.5,7935.56
2024,2,Mustard,Punjab,Rabi,81.1,31.1,0.91,27.5,7320.42
2024,2,Mustard,Haryana,Rabi,88.0,27.7,0.928,27.5,6855.0
2024,2,Mustard,UP,Rabi,57.1,26.7,0.902,27.5,7042.42
2024,2,Mustard,Maharashtra,Rabi,79.1,29.5,0.933,27.5,6883.11
2024,2,Mustard,Karnataka,Rabi,75.8,33.3,0.93,27.5,6718.57
2024,2,Mustard,Andhra Pradesh,Rabi,104.1,27.1,0.877,27.5,7459.23
2024,2,Mustard,Madhya Pradesh,Rabi,82.1,28.5,0.903,27.5,6662.8
2024,2,Mustard,Rajasthan,Rabi,97.6,25.8,0.897,27.5,7565.24
2024,2,Mustard,Gujarat,Rabi,124.4,33.2,0.893,27.5,6903.28
2024,2,Mustard,Bihar,Rabi,100.1,31.7,0.898,27.5,7486.93
2024,2,Mustard,West Bengal,Rabi,95.6,28.5,0.909,27.5,7235.87
2024,2,Mustard,Tamil Nadu,Rabi,71.6,29.9,0.903,27.5,7607.35
2024,3,Wheat,Punjab,Rabi,9.6,25.3,1.177,27.5,4529.3
2024,3,Wheat,Haryana,Rabi,34.3,26.1,1.105,27.5,4485.02
2024,3,Wheat,UP,Rabi,48.0,32.3,1.096,27.5,4312.08
2024,3,Wheat,Maharashtra,Rabi,23.0,25.5,1.154,27.5,3981.71
2024,3,Wheat,Karnataka,Rabi,12.1,30.3,1.105,27.5,4138.4
2024,3,Wheat,Andhra Pradesh,Rabi,42.0,29.3,1.187,27.5,4512.01
2024,3,Wheat,Madhya Pradesh,Rabi,52.2,26.5,1.136,27.5,4069.63
2024,3,Wheat,Rajasthan,Rabi,24.2,26.9,1.087,27.5,4232.34
2024,3,Wheat,Gujarat,Rabi,30.6,29.3,1.16,27.5,4173.82
2024,3,Wheat,Bihar,Rabi,13.1,30.2,1.182,27.5,4110.19
2024,3,Wheat,West Bengal,Rabi,15.3,28.0,1.194,27.5,3922.36
2024,3,Wheat,Tamil Nadu,Rabi,44.2,29.1,1.103,27.5,4254.09
2024,3,Rice,Punjab,Kharif,142.3,21.3,1.196,27.5,3483.53
2024,3,Rice,Haryana,Kharif,90.1,19.0,1.113,27.5,3553.44
2024,3,Rice,UP,Kharif,112.6,22.5,1.145,27.5,3854.84
2024,3,Rice,Maharashtra,Kharif,133.0,23.6,1.135,27.5,3517.08
2024,3,Rice,Karnataka,Kharif,117.5,23.2,1.155,27.5,3446.63
2024,3,Rice,Andhra Pradesh,Kharif,77.0,28.2,1.188,27.5,3631.16
2024,3,Rice,Madhya Pradesh,Kharif,111.5,21.9,1.156,27.5,3643.92
2024,3,Rice,Rajasthan,Kharif,105.3,25.1,1.125,27.5,3824.3
2024,3,Rice,Gujarat,Kharif,73.0,23.6,1.127,27.5,3663.15
2024,3,Rice,Bihar,Kharif,100.4,21.4,1.126,27.5,3393.68
2024,3,Rice,West Bengal,Kharif,122.3,22.0,1.118,27.5,3538.74
2024,3,Rice,Tamil Nadu,Kharif,130.9,22.6,1.104,27.5,3789.8
2024,3,Maize,Punjab,Kharif,137.2,24.3,1.132,27.5,3632.28
2024,3,Maize,Haryana,Kharif,136.3,24.2,1.133,27.5,3227.27
2024,3,Maize,UP,Kharif,175.8,24.4,1.12,27.5,3738.25
2024,3,Maize,Maharashtra,Kharif,119.9,25.7,1.165,27.5,3337.93
2024,3,Maize,Karnataka,Kharif,163.5,19.8,1.128,27.5,3674.38
2024,3,Maize,Andhra Pradesh,Kharif,152.2,24.3,1.142,27.5,3386.36
2024,3,Maize,Madhya Pradesh,Kharif,104.4,23.4,1.11,27.5,3514.58
2024,3,Maize,Rajasthan,Kharif,141.7,21.3,1.163,27.5,3557.3
2024,3,Maize,Gujarat,Kharif,122.1,22.4,1.091,27.5,3667.38
2024,3,Maize,Bihar,Kharif,132.8,22.0,1.122,27.5,3285.09
2024,3,Maize,West Bengal,Kharif,123.6,19.6,1.16,27.5,3364.4
2024,3,Maize,Tamil Nadu,Kharif,153.9,22.4,1.095,27.5,3714.25
2024,3,Potato,Punjab,Rabi,131.0,25.0,1.005,27.5,1118.98
2024,3,Potato,Haryana,Rabi,94.6,27.8,1.062,27.5,1067.09
2024,3,Potato,UP,Rabi,108.7,27.2,1.046,27.5,1200.74
2024,3,Potato,Maharashtra,Rabi,103.4,24.5,1.028,27.5,1101.74
2024,3,Potato,Karnataka,Rabi,106.7,28.3,1.077,27.5,1077.55
2024,3,Potato,Andhra Pradesh,Rabi,106.3,28.5,1.066,27.5,1203.85
2024,3,Potato,Madhya Pradesh,Rabi,105.2,27.4,1.058,27.5,1121.66
2024,3,Potato,Rajasthan,Rabi,111.8,25.6,1.041,27.5,1164.45
2024,3,Potato,Gujarat,Rabi,96.8,25.5,1.076,27.5,1081.65
2024,3,Potato,Bihar,Rabi,116.3,23.4,1.074,27.5,1188.44
2024,3,Potato,West Bengal,Rabi,95.4,27.3,1.093,27.5,1039.11
2024,3,Potato,Tamil Nadu,Rabi,89.9,26.5,1.054,27.5,1186.78
2024,3,Tomato,Punjab,Year-round,155.3,25.8,1.091,27.5,1809.72
2024,3,Tomato,Haryana,Year-round,121.1,25.5,1.045,27.5,1838.93
2024,3,Tomato,UP,Year-round,153.3,24.6,1.013,27.5,1953.36
2024,3,Tomato,Maharashtra,Year-round,125.3,23.3,1.013,27.5,1796.13
2024,3,Tomato,Karnataka,Year-round,138.0,24.9,1.014,27.5,1757.53
2024,3,Tomato,Andhra Pradesh,Year-round,143.4,23.7,1.006,27.5,1785.49
2024,3,Tomato,Madhya Pradesh,Year-round,172.7,26.6,1.085,27.5,1696.11
2024,3,Tomato,Rajasthan,Year-round,157.2,23.0,1.072,27.5,1748.47
2024,3,Tomato,Gujarat,Year-round,143.8,25.9,1.07,27.5,1744.7
2024,3,Tomato,Bihar,Year-round,149.1,27.8,1.007,27.5,1680.14
2024,3,Tomato,West Bengal,Year-round,158.0,25.0,1.027,27.5,1917.37
2024,3,Tomato,Tamil Nadu,Year-round,154.8,24.2,1.011,27.5,1744.7
2024,3,Onion,Punjab,Rabi,114.0,32.0,1.088,27.5,2304.75
2024,3,Onion,Haryana,Rabi,116.8,27.3,1.055,27.5,2145.72
2024,3,Onion,UP,Rabi,119.0,30.1,1.123,27.5,2149.49
2024,3,Onion,Maharashtra,Rabi,92.6,32.3,1.056,27.5,2404.25
2024,3,Onion,Karnataka,Rabi,127.9,31.6,1.088,27.5,2185.76
2024,3,Onion,Andhra Pradesh,Rabi,136.4,28.0,1.095,27.5,2109.87
2024,3,Onion,Madhya Pradesh,Rabi,136.4,26.7,1.144,27.5,2258.13
2024,3,Onion,Rajasthan,Rabi,117.7,28.9,1.075,27.5,2428.11
2024,3,Onion,Gujarat,Rabi,92.8,30.8,1.124,27.5,2285.54
2024,3,Onion,Bihar,Rabi,129.9,27.9,1.115,27.5,2272.57
2024,3,Onion,West Bengal,Rabi,116.7,30.7,1.084,27.5,2311.67
2024,3,Onion,Tamil Nadu,Rabi,75.8,31.0,1.117,27.5,2431.52
2024,3,Soybean,Punjab,Kharif,56.3,31.7,0.953,27.5,6195.98
2024,3,Soybean,Haryana,Kharif,49.4,31.2,0.974,27.5,5993.81
2024,3,Soybean,UP,Kharif,87.6,35.3,0.915,27.5,5826.94
2024,3,Soybean,Maharashtra,Kharif,54.4,34.5,0.911,27.5,6119.66
2024,3,Soybean,Karnataka,Kharif,61.4,34.6,0.932,27.5,6189.91
2024,3,Soybean,Andhra Pradesh,Kharif,90.1,32.5,0.966,27.5,6208.66
2024,3,Soybean,Madhya Pradesh,Kharif,0.5,34.6,0.904,27.5,5587.01
2024,3,Soybean,Rajasthan,Kharif,44.9,34.0,0.914,27.5,6085.2
2024,3,Soybean,Gujarat,Kharif,103.8,32.5,0.929,27.5,6051.32
2024,3,Soybean,Bihar,Kharif,87.7,34.1,0.912,27.5,5551.2
2024,3,Soybean,West Bengal,Kharif,85.5,33.7,0.986,27.5,6058.82
2024,3,Soybean,Tamil Nadu,Kharif,67.9,33.4,0.901,27.5,5543.28
2024,3,Cotton,Punjab,Kharif,112.7,33.4,1.047,27.5,10374.25
2024,3,Cotton,Haryana,Kharif,100.1,31.5,1.079,27.5,10655.98
2024,3,Cotton,UP,Kharif,142.8,33.7,0.989,27.5,10767.49
2024,3,Cotton,Maharashtra,Kharif,126.4,31.3,0.995,27.5,11027.62
2024,3,Cotton,Karnataka,Kharif,96.5,35.9,1.017,27.5,11230.18
2024,3,Cotton,Andhra Pradesh,Kharif,84.4,32.4,1.083,27.5,10064.0
2024,3,Cotton,Madhya Pradesh,Kharif,124.8,30.9,1.083,27.5,10809.38
2024,3,Cotton,Rajasthan,Kharif,79.7,32.0,0.99,27.5,10842.14
2024,3,Cotton,Gujarat,Kharif,147.8,33.4,1.071,27.5,10199.29
2024,3,Cotton,Bihar,Kharif,122.6,31.9,1.04,27.5,11164.02
2024,3,Cotton,West Bengal,Kharif,113.2,32.8,0.987,27.5,10610.22
2024,3,Cotton,Tamil Nadu,Kharif,119.7,30.2,1.017,27.5,10707.02
2024,3,Sugarcane,Punjab,Year-round,108.6,27.1,1.096,27.5,514.67
2024,3,Sugarcane,Haryana,Year-round,128.0,30.1,1.062,27.5,497.4
2024,3,Sugarcane,UP,Year-round,155.7,28.3,1.127,27.5,514.33
2024,3,Sugarcane,Maharashtra,Year-round,142.3,31.4,1.134,27.5,469.74
2024,3,Sugarcane,Karnataka,Year-round,116.3,26.1,1.071,27.5,473.64
2024,3,Sugarcane,Andhra Pradesh,Year-round,115.7,30.1,1.118,27.5,512.05
2024,3,Sugarcane,Madhya Pradesh,Year-round,83.7,28.3,1.11,27.5,459.08
2024,3,Sugarcane,Rajasthan,Year-round,98.5,27.7,1.087,27.5,505.91
2024,3,Sugarcane,Gujarat,Year-round,127.3,30.2,1.143,27.5,452.78
2024,3,Sugarcane,Bihar,Year-round,108.4,31.3,1.136,27.5,507.46
2024,3,Sugarcane,West Bengal,Year-round,142.5,26.9,1.049,27.5,500.93
2024,3,Sugarcane,Tamil Nadu,Year-round,151.8,30.1,1.058,27.5,478.46
2024,3,Chilli,Punjab,Kharif,169.7,27.9,1.184,27.5,12764.65
2024,3,Chilli,Haryana,Kharif,143.0,23.9,1.143,27.5,13637.03
2024,3,Chilli,UP,Kharif,157.8,22.9,1.137,27.5,13386.89
2024,3,Chilli,Maharashtra,Kharif,119.1,26.7,1.151,27.5,13549.64
2024,3,Chilli,Karnataka,Kharif,107.0,25.7,1.172,27.5,13103.62
2024,3,Chilli,Andhra Pradesh,Kharif,158.7,22.8,1.093,27.5,14563.6
2024,3,Chilli,Madhya Pradesh,Kharif,184.3,22.7,1.124,27.5,14169.5
2024,3,Chilli,Rajasthan,Kharif,175.7,28.2,1.12,27.5,14367.83
2024,3,Chilli,Gujarat,Kharif,168.0,26.6,1.083,27.5,12450.95
2024,3,Chilli,Bihar,Kharif,157.1,23.3,1.162,27.5,13370.77
2024,3,Chilli,West Bengal,Kharif,133.3,24.7,1.163,27.5,13856.85
2024,3,Chilli,Tamil Nadu,Kharif,150.9,24.8,1.101,27.5,13116.6
2024,3,Gram,Punjab,Rabi,91.6,28.4,0.932,27.5,7649.68
2024,3,Gram,Haryana,Rabi,142.3,30.4,0.933,27.5,7244.83
2024,3,Gram,UP,Rabi,118.1,26.8,0.953,27.5,7784.58
2024,3,Gram,Maharashtra,Rabi,94.1,27.6,0.941,27.5,7982.69
2024,3,Gram,Karnataka,Rabi,109.9,28.5,1.021,27.5,7163.97
2024,3,Gram,Andhra Pradesh,Rabi,131.5,27.8,0.958,27.5,7976.32
2024,3,Gram,Madhya Pradesh,Rabi,129.5,29.4,0.937,27.5,7663.69
2024,3,Gram,Rajasthan,Rabi,60.1,27.0,0.942,27.5,8163.49
2024,3,Gram,Gujarat,Rabi,122.7,28.8,0.974,27.5,7170.05
2024,3,Gram,Bihar,Rabi,78.1,26.1,0.945,27.5,7558.81
2024,3,Gram,West Bengal,Rabi,125.0,27.7,1.026,27.5,8050.89
2024,3,Gram,Tamil Nadu,Rabi,116.9,30.8,0.972,27.5,7825.22
2024,3,Mustard,Punjab,Rabi,108.9,17.5,1.072,27.5,8014.3
2024,3,Mustard,Haryana,Rabi,123.2,17.6,1.062,27.5,7865.61
2024,3,Mustard,UP,Rabi,113.6,19.8,1.051,27.5,8808.73
2024,3,Mustard,Maharashtra,Rabi,117.6,20.0,1.04,27.5,8536.06
2024,3,Mustard,Karnataka,Rabi,104.2,18.8,1.071,27.5,7741.82
2024,3,Mustard,Andhra Pradesh,Rabi,141.9,15.2,1.076,27.5,8291.28
2024,3,Mustard,Madhya Pradesh,Rabi,119.0,19.6,0.999,27.5,8837.02
2024,3,Mustard,Rajasthan,Rabi,139.5,18.8,1.069,27.5,8353.56
2024,3,Mustard,Gujarat,Rabi,121.2,16.9,1.02,27.5,7964.91
2024,3,Mustard,Bihar,Rabi,135.6,19.4,1.056,27.5,7917.21
2024,3,Mustard,West Bengal,Rabi,98.3,16.6,1.062,27.5,8762.85
2024,3,Mustard,Tamil Nadu,Rabi,106.6,18.2,1.066,27.5,8689.4
2024,4,Wheat,Punjab,Rabi,96.7,30.4,0.833,27.5,2541.4
2024,4,Wheat,Haryana,Rabi,91.2,32.3,0.894,27.5,2710.81
2024,4,Wheat,UP,Rabi,93.0,33.2,0.85,27.5,2423.81
2024,4,Wheat,Maharashtra,Rabi,73.4,31.8,0.877,27.5,2566.29
2024,4,Wheat,Karnataka,Rabi,99.3,33.3,0.842,27.5,2758.35
2024,4,Wheat,Andhra Pradesh,Rabi,97.6,31.6,0.827,27.5,2506.27
2024,4,Wheat,Madhya Pradesh,Rabi,80.9,33.0,0.894,27.5,2530.3
2024,4,Wheat,Rajasthan,Rabi,97.3,31.8,0.875,27.5,2708.75
2024,4,Wheat,Gujarat,Rabi,93.9,30.2,0.866,27.5,2584.72
2024,4,Wheat,Bihar,Rabi,97.1,30.8,0.897,27.5,2431.9
2024,4,Wheat,West Bengal,Rabi,93.9,32.5,0.897,27.5,2375.36
2024,4,Wheat,Tamil Nadu,Rabi,86.5,28.6,0.861,27.5,2422.12
2024,4,Rice,Punjab,Kharif,200.1,30.1,0.896,27.5,2840.18
2024,4,Rice,Haryana,Kharif,158.0,26.4,0.898,27.5,2637.72
2024,4,Rice,UP,Kharif,212.9,30.4,0.902,27.5,2708.02
2024,4,Rice,Maharashtra,Kharif,171.5,26.8,0.857,27.5,2759.96
2024,4,Rice,Karnataka,Kharif,170.9,27.3,0.903,27.5,2670.73
2024,4,Rice,Andhra Pradesh,Kharif,188.7,28.8,0.888,27.5,2464.03
2024,4,Rice,Madhya Pradesh,Kharif,164.2,29.7,0.885,27.5,2744.81
2024,4,Rice,Rajasthan,Kharif,162.1,27.2,0.885,27.5,2573.39
2024,4,Rice,Gujarat,Kharif,173.2,30.4,0.867,27.5,2779.58
2024,4,Rice,Bihar,Kharif,162.7,30.0,0.86,27.5,2734.04
2024,4,Rice,West Bengal,Kharif,212.7,27.4,0.878,27.5,2668.67
2024,4,Rice,Tamil Nadu,Kharif,195.1,30.7,0.887,27.5,2489.53
2024,4,Maize,Punjab,Kharif,149.0,30.8,0.883,27.5,2712.61
2024,4,Maize,Haryana,Kharif,131.4,30.5,0.913,27.5,3113.35
2024,4,Maize,UP,Kharif,153.6,29.7,0.89,27.5,3026.05
2024,4,Maize,Maharashtra,Kharif,161.3,28.9,0.869,27.5,2968.26
2024,4,Maize,Karnataka,Kharif,131.2,29.7,0.928,27.5,2953.79
2024,4,Maize,Andhra Pradesh,Kharif,118.8,30.3,0.885,27.5,3078.88
2024,4,Maize,Madhya Pradesh,Kharif,179.6,25.9,0.925,27.5,2798.36
2024,4,Maize,Rajasthan,Kharif,105.5,29.5,0.888,27.5,2902.03
2024,4,Maize,Gujarat,Kharif,143.1,25.0,0.905,27.5,2820.2
2024,4,Maize,Bihar,Kharif,111.5,29.1,0.871,27.5,2841.19
2024,4,Maize,West Bengal,Kharif,146.5,25.3,0.889,27.5,2765.64
2024,4,Maize,Tamil Nadu,Kharif,167.3,29.5,0.877,27.5,3000.04
2024,4,Potato,Punjab,Rabi,116.0,29.1,0.851,27.5,884.43
2024,4,Potato,Haryana,Rabi,155.5,30.0,0.872,27.5,959.08
2024,4,Potato,UP,Rabi,129.9,28.7,0.931,27.5,1002.06
2024,4,Potato,Maharashtra,Rabi,118.3,32.4,0.877,27.5,926.08
2024,4,Potato,Karnataka,Rabi,113.3,33.0,0.882,27.5,884.25
2024,4,Potato,Andhra Pradesh,Rabi,107.3,30.1,0.903,27.5,952.72
2024,4,Potato,Madhya Pradesh,Rabi,114.3,29.2,0.902,27.5,880.8
2024,4,Potato,Rajasthan,Rabi,91.8,30.1,0.897,27.5,893.89
2024,4,Potato,Gujarat,Rabi,144.6,31.2,0.927,27.5,1000.36
2024,4,Potato,Bihar,Rabi,158.3,31.1,0.876,27.5,894.25
2024,4,Potato,West Bengal,Rabi,100.6,34.8,0.854,27.5,977.11
2024,4,Potato,Tamil Nadu,Rabi,99.7,31.0,0.916,27.5,867.47
2024,4,Tomato,Punjab,Year-round,173.0,20.1,0.942,27.5,1631.03
2024,4,Tomato,Haryana,Year-round,168.6,22.0,0.967,27.5,1528.76
2024,4,Tomato,UP,Year-round,180.0,25.8,0.93,27.5,1617.29
2024,4,Tomato,Maharashtra,Year-round,196.5,23.3,0.946,27.5,1438.24
2024,4,Tomato,Karnataka,Year-round,178.6,20.9,0.926,27.5,1559.57
2024,4,Tomato,Andhra Pradesh,Year-round,132.1,27.9,0.91,27.5,1611.81
2024,4,Tomato,Madhya Pradesh,Year-round,158.9,20.9,0.946,27.5,1577.77
2024,4,Tomato,Rajasthan,Year-round,144.3,22.9,0.947,27.5,1534.77
2024,4,Tomato,Gujarat,Year-round,160.8,24.8,0.96,27.5,1575.23
2024,4,Tomato,Bihar,Year-round,200.7,21.2,0.967,27.5,1627.34
2024,4,Tomato,West Bengal,Year-round,194.8,21.8,0.992,27.5,1449.13
2024,4,Tomato,Tamil Nadu,Year-round,151.4,20.0,0.949,27.5,1584.6
2024,4,Onion,Punjab,Rabi,131.2,36.8,0.931,27.5,1767.07
2024,4,Onion,Haryana,Rabi,146.1,33.2,0.897,27.5,1841.84
2024,4,Onion,UP,Rabi,130.1,35.1,0.851,27.5,1707.57
2024,4,Onion,Maharashtra,Rabi,150.8,33.0,0.931,27.5,1715.13
2024,4,Onion,Karnataka,Rabi,165.4,34.9,0.905,27.5,1801.47
2024,4,Onion,Andhra Pradesh,Rabi,120.6,33.4,0.877,27.5,1679.58
2024,4,Onion,Madhya Pradesh,Rabi,164.3,36.1,0.906,27.5,1633.32
2024,4,Onion,Rajasthan,Rabi,159.6,35.6,0.919,27.5,1721.6
2024,4,Onion,Gujarat,Rabi,92.1,33.1,0.914,27.5,1638.35
2024,4,Onion,Bihar,Rabi,164.9,32.8,0.889,27.5,1756.45
2024,4,Onion,West Bengal,Rabi,141.2,32.3,0.902,27.5,1687.68
2024,4,Onion,Tamil Nadu,Rabi,130.9,34.1,0.891,27.5,1741.62
2024,4,Soybean,Punjab,Kharif,39.2,31.0,0.919,27.5,6399.9
2024,4,Soybean,Haryana,Kharif,39.2,31.6,0.933,27.5,6488.82
2024,4,Soybean,UP,Kharif,39.7,28.8,0.939,27.5,6453.15
2024,4,Soybean,Maharashtra,Kharif,41.3,30.5,0.953,27.5,6668.28
2024,4,Soybean,Karnataka,Kharif,34.0,33.2,0.889,27.5,6513.69
2024,4,Soybean,Andhra Pradesh,Kharif,21.2,32.7,0.934,27.5,6588.71
2024,4,Soybean,Madhya Pradesh,Kharif,57.1,31.6,0.914,27.5,6442.32
2024,4,Soybean,Rajasthan,Kharif,53.2,30.2,0.905,27.5,6043.34
2024,4,Soybean,Gujarat,Kharif,33.9,29.9,0.929,27.5,6878.11
2024,4,Soybean,Bihar,Kharif,46.1,30.2,0.878,27.5,6743.52
2024,4,Soybean,West Bengal,Kharif,73.2,30.0,0.918,27.5,6619.43
2024,4,Soybean,Tamil Nadu,Kharif,76.1,29.8,0.893,27.5,6734.73
2024,4,Cotton,Punjab,Kharif,89.5,25.3,0.834,27.5,7707.84
2024,4,Cotton,Haryana,Kharif,140.3,26.1,0.845,27.5,8569.7
2024,4,Cotton,UP,Kharif,120.3,25.7,0.883,27.5,8447.26
2024,4,Cotton,Maharashtra,Kharif,142.2,25.1,0.85,27.5,7773.69
2024,4,Cotton,Karnataka,Kharif,117.1,28.0,0.88,27.5,8766.16
2024,4,Cotton,Andhra Pradesh,Kharif,100.0,23.6,0.837,27.5,8413.95
2024,4,Cotton,Madhya Pradesh,Kharif,74.8,27.6,0.896,27.5,8770.9
2024,4,Cotton,Rajasthan,Kharif,94.3,27.2,0.874,27.5,8007.37
2024,4,Cotton,Gujarat,Kharif,122.8,24.1,0.881,27.5,7941.78
2024,4,Cotton,Bihar,Kharif,118.8,30.5,0.905,27.5,8847.75
2024,4,Cotton,West Bengal,Kharif,128.8,32.2,0.907,27.5,8643.98
2024,4,Cotton,Tamil Nadu,Kharif,105.5,26.8,0.888,27.5,8366.52
2024,4,Sugarcane,Punjab,Year-round,131.4,24.4,1.096,27.5,445.98
2024,4,Sugarcane,Haryana,Year-round,89.9,26.8,1.056,27.5,475.01
2024,4,Sugarcane,UP,Year-round,106.4,24.3,1.13,27.5,420.6
2024,4,Sugarcane,Maharashtra,Year-round,127.2,26.1,1.112,27.5,444.04
2024,4,Sugarcane,Karnataka,Year-round,91.3,30.8,1.06,27.5,425.09
2024,4,Sugarcane,Andhra Pradesh,Year-round,106.3,27.5,1.143,27.5,462.84
2024,4,Sugarcane,Madhya Pradesh,Year-round,101.2,26.2,1.104,27.5,482.91
2024,4,Sugarcane,Rajasthan,Year-round,107.9,23.9,1.124,27.5,435.17
2024,4,Sugarcane,Gujarat,Year-round,98.6,24.9,1.153,27.5,416.65
2024,4,Sugarcane,Bihar,Year-round,84.9,23.7,1.085,27.5,425.31
2024,4,Sugarcane,West Bengal,Year-round,120.3,25.0,1.115,27.5,486.88
2024,4,Sugarcane,Tamil Nadu,Year-round,85.5,22.2,1.115,27.5,468.3
2024,4,Chilli,Punjab,Kharif,141.2,21.1,1.032,27.5,10934.08
2024,4,Chilli,Haryana,Kharif,173.1,21.0,1.02,27.5,11685.95
2024,4,Chilli,UP,Kharif,146.9,16.2,1.067,27.5,11979.86
2024,4,Chilli,Maharashtra,Kharif,174.9,21.2,1.088,27.5,11897.55
2024,4,Chilli,Karnataka,Kharif,135.1,17.7,1.048,27.5,11756.88
2024,4,Chilli,Andhra Pradesh,Kharif,179.1,23.3,1.05,27.5,11129.84
2024,4,Chilli,Madhya Pradesh,Kharif,178.0,21.8,1.014,27.5,11412.71
2024,4,Chilli,Rajasthan,Kharif,161.4,21.0,1.042,27.5,11361.1
2024,4,Chilli,Gujarat,Kharif,147.8,22.3,1.003,27.5,11148.79
2024,4,Chilli,Bihar,Kharif,157.1,18.6,1.087,27.5,10734.76
2024,4,Chilli,West Bengal,Kharif,175.0,23.5,1.029,27.5,11054.62
2024,4,Chilli,Tamil Nadu,Kharif,178.1,23.5,1.028,27.5,11976.57
2024,4,Gram,Punjab,Rabi,95.6,36.3,0.82,27.5,6016.56
2024,4,Gram,Haryana,Rabi,73.3,35.7,0.83,27.5,5748.74
2024,4,Gram,UP,Rabi,100.1,36.4,0.867,27.5,6032.26
2024,4,Gram,Maharashtra,Rabi,100.8,35.9,0.887,27.5,5716.48
2024,4,Gram,Karnataka,Rabi,93.0,37.0,0.825,27.5,6195.27
2024,4,Gram,Andhra Pradesh,Rabi,88.4,31.3,0.831,27.5,6574.45
2024,4,Gram,Madhya Pradesh,Rabi,64.7,30.6,0.83,27.5,5904.82
2024,4,Gram,Rajasthan,Rabi,127.7,33.9,0.846,27.5,6414.45
2024,4,Gram,Gujarat,Rabi,55.1,35.0,0.853,27.5,6181.17
2024,4,Gram,Bihar,Rabi,54.0,33.1,0.854,27.5,6600.05
2024,4,Gram,West Bengal,Rabi,115.6,35.2,0.896,27.5,5863.69
2024,4,Gram,Tamil Nadu,Rabi,100.1,32.7,0.865,27.5,6176.5
2024,4,Mustard,Punjab,Rabi,204.2,34.7,0.868,27.5,5796.98
2024,4,Mustard,Haryana,Rabi,188.0,36.6,0.823,27.5,6497.29
2024,4,Mustard,UP,Rabi,195.5,35.8,0.833,27.5,6704.52
2024,4,Mustard,Maharashtra,Rabi,170.8,34.8,0.834,27.5,6663.65
2024,4,Mustard,Karnataka,Rabi,213.9,33.1,0.857,27.5,6122.54
2024,4,Mustard,Andhra Pradesh,Rabi,194.3,34.3,0.818,27.5,6047.95
2024,4,Mustard,Madhya Pradesh,Rabi,196.1,32.4,0.886,27.5,6488.65
2024,4,Mustard,Rajasthan,Rabi,214.4,33.7,0.888,27.5,6138.07
2024,4,Mustard,Gujarat,Rabi,209.0,34.6,0.884,27.5,6651.4
2024,4,Mustard,Bihar,Rabi,179.4,35.0,0.861,27.5,6185.4
2024,4,Mustard,West Bengal,Rabi,184.1,33.6,0.845,27.5,6032.43
2024,4,Mustard,Tamil Nadu,Rabi,165.0,36.1,0.882,27.5,6251.37
2024,5,Wheat,Punjab,Rabi,201.8,38.4,0.997,27.5,2952.54
2024,5,Wheat,Haryana,Rabi,226.7,40.0,1.043,27.5,2663.73
2024,5,Wheat,UP,Rabi,235.2,37.2,1.046,27.5,2715.01
2024,5,Wheat,Maharashtra,Rabi,196.7,38.3,1.082,27.5,2838.78
2024,5,Wheat,Karnataka,Rabi,230.4,37.8,1.01,27.5,3002.39
2024,5,Wheat,Andhra Pradesh,Rabi,209.4,43.4,1.074,27.5,2732.04
2024,5,Wheat,Madhya Pradesh,Rabi,202.3,40.7,1.063,27.5,2848.23
2024,5,Wheat,Rajasthan,Rabi,184.8,40.3,1.087,27.5,3004.13
2024,5,Wheat,Gujarat,Rabi,194.4,40.2,0.997,27.5,2697.04
2024,5,Wheat,Bihar,Rabi,251.5,44.0,1.048,27.5,2664.19
2024,5,Wheat,West Bengal,Rabi,237.7,40.5,1.082,27.5,2828.17
2024,5,Wheat,Tamil Nadu,Rabi,205.1,38.4,0.988,27.5,2687.94
2024,5,Rice,Punjab,Kharif,85.9,33.3,1.011,27.5,2500.98
2024,5,Rice,Haryana,Kharif,118.1,33.9,0.985,27.5,2751.98
2024,5,Rice,UP,Kharif,87.3,35.1,1.036,27.5,2486.5
2024,5,Rice,Maharashtra,Kharif,105.1,37.7,1.023,27.5,2556.49
2024,5,Rice,Karnataka,Kharif,115.0,33.0,0.991,27.5,2564.75
2024,5,Rice,Andhra Pradesh,Kharif,76.4,34.8,1.046,27.5,2650.87
2024,5,Rice,Madhya Pradesh,Kharif,123.7,34.7,1.055,27.5,2889.99
2024,5,Rice,Rajasthan,Kharif,105.8,32.4,1.019,27.5,2555.87
2024,5,Rice,Gujarat,Kharif,94.4,31.4,1.035,27.5,2631.51
2024,5,Rice,Bihar,Kharif,115.7,35.4,1.043,27.5,2520.6
2024,5,Rice,West Bengal,Kharif,107.2,33.3,1.062,27.5,2566.95
2024,5,Rice,Tamil Nadu,Kharif,85.3,35.4,1.038,27.5,2837.99
2024,5,Maize,Punjab,Kharif,149.9,40.3,1.045,27.5,2706.42
2024,5,Maize,Haryana,Kharif,149.6,42.2,0.992,27.5,2816.84
2024,5,Maize,UP,Kharif,145.1,39.4,1.087,27.5,2917.13
2024,5,Maize,Maharashtra,Kharif,122.2,40.1,1.002,27.5,2792.54
2024,5,Maize,Karnataka,Kharif,134.1,41.6,1.022,27.5,2979.85
2024,5,Maize,Andhra Pradesh,Kharif,126.3,40.5,1.017,27.5,2793.56
2024,5,Maize,Madhya Pradesh,Kharif,143.3,42.0,1.01,27.5,2944.22
2024,5,Maize,Rajasthan,Kharif,118.8,40.6,1.039,27.5,2930.87
2024,5,Maize,Gujarat,Kharif,129.2,37.0,0.999,27.5,2931.99
2024,5,Maize,Bihar,Kharif,133.0,36.7,1.001,27.5,2728.61
2024,5,Maize,West Bengal,Kharif,151.3,38.0,1.059,27.5,2762.99
2024,5,Maize,Tamil Nadu,Kharif,123.4,44.4,1.005,27.5,2633.14
2024,5,Potato,Punjab,Rabi,113.6,36.5,0.956,27.5,1044.65
2024,5,Potato,Haryana,Rabi,88.8,36.4,1.042,27.5,1025.44
2024,5,Potato,UP,Rabi,94.6,38.9,1.047,27.5,1061.07
2024,5,Potato,Maharashtra,Rabi,91.8,38.1,1.023,27.5,953.91
2024,5,Potato,Karnataka,Rabi,113.4,38.8,0.958,27.5,1048.57
2024,5,Potato,Andhra Pradesh,Rabi,115.8,38.2,0.998,27.5,1007.27
2024,5,Potato,Madhya Pradesh,Rabi,130.5,36.3,0.99,27.5,966.46
2024,5,Potato,Rajasthan,Rabi,126.5,38.3,1.024,27.5,969.88
2024,5,Potato,Gujarat,Rabi,138.4,33.4,0.982,27.5,1047.43
2024,5,Potato,Bihar,Rabi,94.2,38.4,1.046,27.5,1059.48
2024,5,Potato,West Bengal,Rabi,112.3,37.3,1.047,27.5,1018.66
2024,5,Potato,Tamil Nadu,Rabi,87.0,41.2,0.991,27.5,1078.43
2024,5,Tomato,Punjab,Year-round,171.3,40.3,0.963,27.5,1271.3
2024,5,Tomato,Haryana,Year-round,157.3,38.9,0.963,27.5,1272.94
2024,5,Tomato,UP,Year-round,157.8,38.3,0.929,27.5,1374.82
2024,5,Tomato,Maharashtra,Year-round,127.6,38.9,0.935,27.5,1308.6
2024,5,Tomato,Karnataka,Year-round,175.4,39.0,0.985,27.5,1226.81
2024,5,Tomato,Andhra Pradesh,Year-round,139.8,36.0,0.911,27.5,1239.93
2024,5,Tomato,Madhya Pradesh,Year-round,185.3,37.0,0.972,27.5,1248.06
2024,5,Tomato,Rajasthan,Year-round,126.6,41.0,0.965,27.5,1435.48
2024,5,Tomato,Gujarat,Year-round,155.2,39.5,0.961,27.5,1337.48
2024,5,Tomato,Bihar,Year-round,127.5,41.6,0.922,27.5,1368.23
2024,5,Tomato,West Bengal,Year-round,143.6,38.9,0.913,27.5,1234.59
2024,5,Tomato,Tamil Nadu,Year-round,132.1,41.6,0.931,27.5,1419.68
2024,5,Onion,Punjab,Rabi,104.0,40.2,1.173,27.5,2153.07
2024,5,Onion,Haryana,Rabi,105.3,35.9,1.181,27.5,2023.19
2024,5,Onion,UP,Rabi,77.4,36.1,1.087,27.5,1863.19
2024,5,Onion,Maharashtra,Rabi,106.2,37.5,1.174,27.5,1929.68
2024,5,Onion,Karnataka,Rabi,99.3,35.5,1.102,27.5,2162.35
2024,5,Onion,Andhra Pradesh,Rabi,99.1,36.9,1.097,27.5,1863.52
2024,5,Onion,Madhya Pradesh,Rabi,124.5,35.5,1.129,27.5,1930.85
2024,5,Onion,Rajasthan,Rabi,67.1,37.3,1.137,27.5,2161.9
2024,5,Onion,Gujarat,Rabi,86.9,40.1,1.101,27.5,2002.46
2024,5,Onion,Bihar,Rabi,121.2,36.7,1.188,27.5,2152.17
2024,5,Onion,West Bengal,Rabi,132.3,37.5,1.098,27.5,2043.33
2024,5,Onion,Tamil Nadu,Rabi,76.4,36.9,1.145,27.5,2014.52
2024,5,Soybean,Punjab,Kharif,200.3,37.8,1.057,27.5,6011.31
2024,5,Soybean,Haryana,Kharif,209.3,36.8,1.105,27.5,6240.84
2024,5,Soybean,UP,Kharif,200.2,35.0,1.095,27.5,6406.58
2024,5,Soybean,Maharashtra,Kharif,149.6,34.9,1.031,27.5,6099.06
2024,5,Soybean,Karnataka,Kharif,180.8,37.1,1.118,27.5,5816.92
2024,5,Soybean,Andhra Pradesh,Kharif,198.0,37.0,1.112,27.5,5867.79
2024,5,Soybean,Madhya Pradesh,Kharif,174.6,37.0,1.06,27.5,5652.09
2024,5,Soybean,Rajasthan,Kharif,186.0,38.6,1.069,27.5,6078.5
2024,5,Soybean,Gujarat,Kharif,168.5,38.9,1.096,27.5,6132.45
2024,5,Soybean,Bihar,Kharif,171.1,37.0,1.122,27.5,5908.0
2024,5,Soybean,West Bengal,Kharif,166.2,34.8,1.097,27.5,5697.81
2024,5,Soybean,Tamil Nadu,Kharif,192.9,38.9,1.12,27.5,6357.85
2024,5,Cotton,Punjab,Kharif,197.2,40.9,1.095,27.5,7711.65
2024,5,Cotton,Haryana,Kharif,151.5,39.6,1.063,27.5,8375.17
2024,5,Cotton,UP,Kharif,160.3,42.2,1.113,27.5,8525.86
2024,5,Cotton,Maharashtra,Kharif,173.6,40.7,1.046,27.5,8165.42
2024,5,Cotton,Karnataka,Kharif,150.8,45.3,1.127,27.5,7718.21
2024,5,Cotton,Andhra Pradesh,Kharif,169.6,42.8,1.098,27.5,7768.74
2024,5,Cotton,Madhya Pradesh,Kharif,182.1,42.5,1.128,27.5,8522.3
2024,5,Cotton,Rajasthan,Kharif,152.7,39.6,1.04,27.5,7745.14
2024,5,Cotton,Gujarat,Kharif,177.4,42.9,1.038,27.5,7897.66
2024,5,Cotton,Bihar,Kharif,172.9,41.9,1.134,27.5,7496.83
2024,5,Cotton,West Bengal,Kharif,164.3,39.8,1.145,27.5,8646.63
2024,5,Cotton,Tamil Nadu,Kharif,128.5,43.7,1.079,27.5,7681.61
2024,5,Sugarcane,Punjab,Year-round,127.0,43.2,0.975,27.5,421.26
2024,5,Sugarcane,Haryana,Year-round,114.2,37.9,0.971,27.5,373.14
2024,5,Sugarcane,UP,Year-round,129.2,38.6,0.971,27.5,384.75
2024,5,Sugarcane,Maharashtra,Year-round,152.8,37.9,1.047,27.5,418.1
2024,5,Sugarcane,Karnataka,Year-round,125.5,39.6,1.048,27.5,375.81
2024,5,Sugarcane,Andhra Pradesh,Year-round,133.6,40.0,1.038,27.5,408.67
2024,5,Sugarcane,Madhya Pradesh,Year-round,133.7,41.1,0.987,27.5,417.64
2024,5,Sugarcane,Rajasthan,Year-round,121.3,41.0,0.975,27.5,407.87
2024,5,Sugarcane,Gujarat,Year-round,135.8,41.1,0.974,27.5,380.51
2024,5,Sugarcane,Bihar,Year-round,99.9,41.9,0.981,27.5,415.71
2024,5,Sugarcane,West Bengal,Year-round,110.2,42.6,0.986,27.5,386.41
2024,5,Sugarcane,Tamil Nadu,Year-round,132.5,41.0,1.006,27.5,371.72
2024,5,Chilli,Punjab,Kharif,101.1,36.3,0.905,27.5,10070.58
2024,5,Chilli,Haryana,Kharif,107.6,34.9,0.961,27.5,9326.71
2024,5,Chilli,UP,Kharif,120.3,33.9,0.902,27.5,10139.38
2024,5,Chilli,Maharashtra,Kharif,109.5,37.2,0.916,27.5,9799.02
2024,5,Chilli,Karnataka,Kharif,115.7,33.7,0.932,27.5,10192.78
2024,5,Chilli,Andhra Pradesh,Kharif,156.6,38.8,0.916,27.5,9484.72
2024,5,Chilli,Madhya Pradesh,Kharif,169.6,31.6,0.923,27.5,9818.6
2024,5,Chilli,Rajasthan,Kharif,71.4,34.9,0.959,27.5,9623.1
2024,5,Chilli,Gujarat,Kharif,144.7,34.3,0.921,27.5,10243.49
2024,5,Chilli,Bihar,Kharif,140.8,37.2,0.981,27.5,9944.2
2024,5,Chilli,West Bengal,Kharif,100.9,34.0,0.966,27.5,9136.99
2024,5,Chilli,Tamil Nadu,Kharif,80.3,32.1,0.959,27.5,10069.3
2024,5,Gram,Punjab,Rabi,127.3,39.1,0.946,27.5,5672.44
2024,5,Gram,Haryana,Rabi,125.0,39.3,1.007,27.5,6121.41
2024,5,Gram,UP,Rabi,96.4,40.7,1.002,27.5,6068.61
2024,5,Gram,Maharashtra,Rabi,95.6,38.7,0.972,27.5,5968.25
2024,5,Gram,Karnataka,Rabi,119.3,39.4,0.966,27.5,5740.31
2024,5,Gram,Andhra Pradesh,Rabi,122.4,40.0,0.958,27.5,5544.82
2024,5,Gram,Madhya Pradesh,Rabi,92.2,37.5,1.04,27.5,5627.43
2024,5,Gram,Rajasthan,Rabi,125.8,40.2,0.982,27.5,5819.29
2024,5,Gram,Gujarat,Rabi,106.9,37.2,1.039,27.5,6123.58
2024,5,Gram,Bihar,Rabi,137.1,37.9,1.009,27.5,5634.22
2024,5,Gram,West Bengal,Rabi,119.9,39.5,0.945,27.5,6074.96
2024,5,Gram,Tamil Nadu,Rabi,102.8,38.6,0.985,27.5,6005.89
2024,5,Mustard,Punjab,Rabi,158.5,38.4,0.874,27.5,5864.53
2024,5,Mustard,Haryana,Rabi,154.7,42.3,0.863,27.5,6118.45
2024,5,Mustard,UP,Rabi,165.4,39.6,0.886,27.5,5968.3
2024,5,Mustard,Maharashtra,Rabi,135.7,42.2,0.912,27.5,6592.81
2024,5,Mustard,Karnataka,Rabi,131.6,38.4,0.928,27.5,6155.33
2024,5,Mustard,Andhra Pradesh,Rabi,142.5,44.6,0.875,27.5,6133.56
2024,5,Mustard,Madhya Pradesh,Rabi,147.6,37.4,0.87,27.5,6440.99
2024,5,Mustard,Rajasthan,Rabi,150.3,40.5,0.897,27.5,6428.36
2024,5,Mustard,Gujarat,Rabi,125.1,40.0,0.865,27.5,5942.1
2024,5,Mustard,Bihar,Rabi,176.1,39.1,0.888,27.5,6363.11
2024,5,Mustard,West Bengal,Rabi,179.0,41.0,0.869,27.5,5800.35
2024,5,Mustard,Tamil Nadu,Rabi,139.0,40.4,0.874,27.5,6295.04
2024,6,Wheat,Punjab,Rabi,157.2,36.8,1.085,27.5,2556.73
2024,6,Wheat,Haryana,Rabi,124.3,38.0,1.02,27.5,2540.74
2024,6,Wheat,UP,Rabi,149.7,37.7,0.996,27.5,2442.11
2024,6,Wheat,Maharashtra,Rabi,198.7,37.7,1.038,27.5,2450.5
2024,6,Wheat,Karnataka,Rabi,163.4,35.4,1.085,27.5,2495.25
2024,6,Wheat,Andhra Pradesh,Rabi,165.1,39.3,1.008,27.5,2497.45
2024,6,Wheat,Madhya Pradesh,Rabi,203.8,34.1,1.075,27.5,2334.8
2024,6,Wheat,Rajasthan,Rabi,177.9,36.0,1.063,27.5,2281.84
2024,6,Wheat,Gujarat,Rabi,182.5,34.9,1.075,27.5,2414.91
2024,6,Wheat,Bihar,Rabi,185.1,39.6,1.055,27.5,2259.53
2024,6,Wheat,West Bengal,Rabi,175.2,38.0,1.022,27.5,2318.61
2024,6,Wheat,Tamil Nadu,Rabi,128.1,40.9,1.001,27.5,2245.62
2024,6,Rice,Punjab,Kharif,194.7,31.5,1.07,27.5,2846.29
2024,6,Rice,Haryana,Kharif,167.7,38.2,1.059,27.5,2620.73
2024,6,Rice,UP,Kharif,232.8,38.0,1.101,27.5,2554.62
2024,6,Rice,Maharashtra,Kharif,183.0,37.5,1.045,27.5,2902.98
2024,6,Rice,Karnataka,Kharif,210.9,37.3,1.097,27.5,2907.81
2024,6,Rice,Andhra Pradesh,Kharif,196.4,36.1,1.058,27.5,2625.16
2024,6,Rice,Madhya Pradesh,Kharif,169.0,40.7,1.069,27.5,2659.74
2024,6,Rice,Rajasthan,Kharif,167.8,34.9,1.091,27.5,2750.09
2024,6,Rice,Gujarat,Kharif,241.4,35.3,1.078,27.5,2853.52
2024,6,Rice,Bihar,Kharif,194.6,35.9,1.091,27.5,2534.32
2024,6,Rice,West Bengal,Kharif,200.5,33.8,1.117,27.5,2730.28
2024,6,Rice,Tamil Nadu,Kharif,210.1,37.0,1.064,27.5,2657.13
2024,6,Maize,Punjab,Kharif,223.1,37.1,0.902,27.5,2058.0
2024,6,Maize,Haryana,Kharif,220.5,36.7,0.897,27.5,2042.3
2024,6,Maize,UP,Kharif,188.6,35.4,0.927,27.5,2257.36
2024,6,Maize,Maharashtra,Kharif,211.0,38.9,0.852,27.5,2025.59
2024,6,Maize,Karnataka,Kharif,173.2,34.9,0.854,27.5,2021.42
2024,6,Maize,Andhra Pradesh,Kharif,201.4,39.3,0.924,27.5,2150.57
2024,6,Maize,Madhya Pradesh,Kharif,181.3,36.6,0.914,27.5,2201.59
2024,6,Maize,Rajasthan,Kharif,156.6,39.2,0.887,27.5,2013.02
2024,6,Maize,Gujarat,Kharif,182.8,37.6,0.86,27.5,2205.13
2024,6,Maize,Bihar,Kharif,188.4,39.9,0.927,27.5,2287.06
2024,6,Maize,West Bengal,Kharif,163.7,38.1,0.886,27.5,1992.59
2024,6,Maize,Tamil Nadu,Kharif,188.3,38.1,0.858,27.5,2233.39
2024,6,Potato,Punjab,Rabi,173.5,31.8,1.005,27.5,903.13
2024,6,Potato,Haryana,Rabi,152.7,37.4,1.0,27.5,979.46
2024,6,Potato,UP,Rabi,128.6,33.5,1.004,27.5,954.99
2024,6,Potato,Maharashtra,Rabi,127.9,35.7,1.086,27.5,995.94
2024,6,Potato,Karnataka,Rabi,159.3,36.7,1.072,27.5,873.84
2024,6,Potato,Andhra Pradesh,Rabi,176.1,31.6,1.028,27.5,909.68
2024,6,Potato,Madhya Pradesh,Rabi,158.9,36.9,1.03,27.5,859.19
2024,6,Potato,Rajasthan,Rabi,165.3,32.5,1.062,27.5,897.98
2024,6,Potato,Gujarat,Rabi,158.0,35.8,1.013,27.5,974.55
2024,6,Potato,Bihar,Rabi,135.5,34.7,1.088,27.5,868.13
2024,6,Potato,West Bengal,Rabi,99.8,35.2,1.041,27.5,982.88
2024,6,Potato,Tamil Nadu,Rabi,140.0,34.4,1.07,27.5,961.99
2024,6,Tomato,Punjab,Year-round,196.1,33.9,0.917,27.5,1206.69
2024,6,Tomato,Haryana,Year-round,219.3,35.5,0.872,27.5,1178.92
2024,6,Tomato,UP,Year-round,183.3,38.6,0.914,27.5,1196.18
2024,6,Tomato,Maharashtra,Year-round,219.3,26.8,0.887,27.5,1213.2
2024,6,Tomato,Karnataka,Year-round,191.3,32.8,0.881,27.5,1092.73
2024,6,Tomato,Andhra Pradesh,Year-round,217.0,26.8,0.932,27.5,1069.37
2024,6,Tomato,Madhya Pradesh,Year-round,202.3,33.2,0.862,27.5,1143.83
2024,6,Tomato,Rajasthan,Year-round,203.3,32.5,0.886,27.5,1141.58
2024,6,Tomato,Gujarat,Year-round,173.3,30.4,0.87,27.5,1230.65
2024,6,Tomato,Bihar,Year-round,233.3,30.9,0.911,27.5,1192.93
2024,6,Tomato,West Bengal,Year-round,214.3,29.7,0.943,27.5,1252.43
2024,6,Tomato,Tamil Nadu,Year-round,185.9,30.6,0.863,27.5,1090.76
2024,6,Onion,Punjab,Rabi,284.7,43.7,1.074,27.5,1926.01
2024,6,Onion,Haryana,Rabi,288.4,44.8,1.028,27.5,1933.59
2024,6,Onion,UP,Rabi,274.4,41.8,1.048,27.5,1868.72
2024,6,Onion,Maharashtra,Rabi,275.8,41.4,1.088,27.5,2023.38
2024,6,Onion,Karnataka,Rabi,270.2,42.9,1.103,27.5,1854.83
2024,6,Onion,Andhra Pradesh,Rabi,280.3,43.9,1.101,27.5,2022.64
2024,6,Onion,Madhya Pradesh,Rabi,324.8,41.8,1.103,27.5,2034.52
2024,6,Onion,Rajasthan,Rabi,294.3,43.1,1.057,27.5,1876.31
2024,6,Onion,Gujarat,Rabi,324.4,43.0,1.001,27.5,1760.47
2024,6,Onion,Bihar,Rabi,296.3,41.1,1.099,27.5,1877.43
2024,6,Onion,West Bengal,Rabi,271.0,46.3,1.058,27.5,1941.75
2024,6,Onion,Tamil Nadu,Rabi,299.4,44.0,1.068,27.5,1917.16
2024,6,Soybean,Punjab,Kharif,151.1,35.5,0.932,27.5,4637.15
2024,6,Soybean,Haryana,Kharif,162.7,36.6,0.954,27.5,4774.68
2024,6,Soybean,UP,Kharif,118.6,34.9,0.982,27.5,4725.08
2024,6,Soybean,Maharashtra,Kharif,125.5,34.8,1.017,27.5,4743.42
2024,6,Soybean,Karnataka,Kharif,116.7,36.7,0.995,27.5,5396.14
2024,6,Soybean,Andhra Pradesh,Kharif,152.7,40.1,0.996,27.5,4999.92
2024,6,Soybean,Madhya Pradesh,Kharif,145.7,33.2,0.966,27.5,4700.29
2024,6,Soybean,Rajasthan,Kharif,118.3,33.2,0.988,27.5,4856.3
2024,6,Soybean,Gujarat,Kharif,148.3,37.2,0.928,27.5,4702.89
2024,6,Soybean,Bihar,Kharif,159.2,35.0,1.004,27.5,4814.85
2024,6,Soybean,West Bengal,Kharif,142.0,37.3,0.965,27.5,5092.1
2024,6,Soybean,Tamil Nadu,Kharif,161.8,37.8,0.929,27.5,4857.15
2024,6,Cotton,Punjab,Kharif,102.2,34.5,1.171,27.5,8509.76
2024,6,Cotton,Haryana,Kharif,70.6,34.5,1.132,27.5,8492.99
2024,6,Cotton,UP,Kharif,102.5,33.4,1.11,27.5,8880.5
2024,6,Cotton,Maharashtra,Kharif,98.6,37.8,1.149,27.5,8903.11
2024,6,Cotton,Karnataka,Kharif,111.8,35.1,1.134,27.5,8301.6
2024,6,Cotton,Andhra Pradesh,Kharif,97.9,35.7,1.163,27.5,9104.32
2024,6,Cotton,Madhya Pradesh,Kharif,154.7,36.4,1.174,27.5,7986.59
2024,6,Cotton,Rajasthan,Kharif,102.0,34.7,1.182,27.5,8052.98
2024,6,Cotton,Gujarat,Kharif,126.6,39.3,1.098,27.5,8298.57
2024,6,Cotton,Bihar,Kharif,82.8,34.9,1.121,27.5,8673.31
2024,6,Cotton,West Bengal,Kharif,104.6,36.9,1.083,27.5,8953.67
2024,6,Cotton,Tamil Nadu,Kharif,107.9,37.1,1.092,27.5,7956.76
2024,6,Sugarcane,Punjab,Year-round,146.0,31.4,0.978,27.5,344.04
2024,6,Sugarcane,Haryana,Year-round,173.8,31.8,0.951,27.5,324.11
2024,6,Sugarcane,UP,Year-round,183.0,34.5,0.914,27.5,319.75
2024,6,Sugarcane,Maharashtra,Year-round,154.1,32.6,0.956,27.5,343.71
2024,6,Sugarcane,Karnataka,Year-round,172.1,32.7,0.889,27.5,316.48
2024,6,Sugarcane,Andhra Pradesh,Year-round,172.3,32.2,0.968,27.5,319.78
2024,6,Sugarcane,Madhya Pradesh,Year-round,173.2,33.6,0.897,27.5,318.18
2024,6,Sugarcane,Rajasthan,Year-round,183.9,33.4,0.95,27.5,315.94
2024,6,Sugarcane,Gujarat,Year-round,167.1,30.6,0.966,27.5,348.52
2024,6,Sugarcane,Bihar,Year-round,181.8,33.1,0.912,27.5,332.48
2024,6,Sugarcane,West Bengal,Year-round,179.6,36.5,0.925,27.5,363.48
2024,6,Sugarcane,Tamil Nadu,Year-round,188.7,32.9,0.91,27.5,363.08
2024,6,Chilli,Punjab,Kharif,218.2,37.8,0.953,27.5,9170.49
2024,6,Chilli,Haryana,Kharif,232.9,39.0,0.992,27.5,8810.05
2024,6,Chilli,UP,Kharif,256.1,39.4,0.917,27.5,9011.24
2024,6,Chilli,Maharashtra,Kharif,259.4,39.9,0.947,27.5,8793.99
2024,6,Chilli,Karnataka,Kharif,215.4,38.4,0.992,27.5,8865.34
2024,6,Chilli,Andhra Pradesh,Kharif,183.3,39.3,1.0,27.5,8364.62
2024,6,Chilli,Madhya Pradesh,Kharif,208.6,37.7,0.977,27.5,9273.62
2024,6,Chilli,Rajasthan,Kharif,241.5,40.2,0.912,27.5,9135.54
2024,6,Chilli,Gujarat,Kharif,205.7,40.6,0.98,27.5,8792.74
2024,6,Chilli,Bihar,Kharif,219.1,40.2,0.936,27.5,9210.65
2024,6,Chilli,West Bengal,Kharif,233.9,38.2,0.938,27.5,8598.85
2024,6,Chilli,Tamil Nadu,Kharif,262.2,38.2,0.98,27.5,8700.82
2024,6,Gram,Punjab,Rabi,239.5,36.7,0.915,27.5,5220.97
2024,6,Gram,Haryana,Rabi,266.6,36.6,0.904,27.5,5794.91
2024,6,Gram,UP,Rabi,255.3,34.9,0.909,27.5,5399.1
2024,6,Gram,Maharashtra,Rabi,240.5,37.6,0.882,27.5,5397.36
2024,6,Gram,Karnataka,Rabi,206.2,35.1,0.907,27.5,5564.94
2024,6,Gram,Andhra Pradesh,Rabi,233.2,38.3,0.894,27.5,5873.14
2024,6,Gram,Madhya Pradesh,Rabi,237.0,33.1,0.855,27.5,5530.7
2024,6,Gram,Rajasthan,Rabi,219.9,35.0,0.833,27.5,5586.01
2024,6,Gram,Gujarat,Rabi,228.1,37.7,0.869,27.5,5631.37
2024,6,Gram,Bihar,Rabi,249.6,34.4,0.888,27.5,5352.39
2024,6,Gram,West Bengal,Rabi,231.4,34.4,0.853,27.5,5243.35
2024,6,Gram,Tamil Nadu,Rabi,247.5,35.8,0.838,27.5,5935.78
2024,6,Mustard,Punjab,Rabi,193.5,32.8,1.14,27.5,7420.81
2024,6,Mustard,Haryana,Rabi,206.2,32.6,1.08,27.5,7456.97
2024,6,Mustard,UP,Rabi,230.3,35.9,1.087,27.5,6951.51
2024,6,Mustard,Maharashtra,Rabi,216.0,33.1,1.088,27.5,6613.82
2024,6,Mustard,Karnataka,Rabi,196.6,34.9,1.141,27.5,6835.13
2024,6,Mustard,Andhra Pradesh,Rabi,196.7,33.3,1.147,27.5,7482.5
2024,6,Mustard,Madhya Pradesh,Rabi,187.7,34.5,1.131,27.5,6992.25
2024,6,Mustard,Rajasthan,Rabi,196.9,34.1,1.091,27.5,7760.13
2024,6,Mustard,Gujarat,Rabi,199.3,36.0,1.162,27.5,7638.55
2024,6,Mustard,Bihar,Rabi,219.6,32.1,1.106,27.5,7328.8
2024,6,Mustard,West Bengal,Rabi,231.2,33.8,1.146,27.5,7555.97
2024,6,Mustard,Tamil Nadu,Rabi,232.0,34.7,1.08,27.5,7389.09
2024,7,Wheat,Punjab,Rabi,195.8,25.7,1.163,27.5,2793.35
2024,7,Wheat,Haryana,Rabi,192.8,26.2,1.106,27.5,2897.72
2024,7,Wheat,UP,Rabi,214.5,23.5,1.175,27.5,2936.73
2024,7,Wheat,Maharashtra,Rabi,159.2,28.7,1.106,27.5,2579.16
2024,7,Wheat,Karnataka,Rabi,195.9,27.8,1.149,27.5,2508.05
2024,7,Wheat,Andhra Pradesh,Rabi,146.2,26.2,1.094,27.5,2863.63
2024,7,Wheat,Madhya Pradesh,Rabi,155.0,26.8,1.147,27.5,2751.22
2024,7,Wheat,Rajasthan,Rabi,196.1,28.6,1.185,27.5,2694.18
2024,7,Wheat,Gujarat,Rabi,191.9,27.9,1.142,27.5,2728.4
2024,7,Wheat,Bihar,Rabi,204.2,25.6,1.104,27.5,2662.59
2024,7,Wheat,West Bengal,Rabi,196.5,28.3,1.111,27.5,2555.79
2024,7,Wheat,Tamil Nadu,Rabi,240.5,27.2,1.172,27.5,2691.14
2024,7,Rice,Punjab,Kharif,160.5,29.9,0.953,27.5,2163.09
2024,7,Rice,Haryana,Kharif,141.1,30.1,0.958,27.5,2245.99
2024,7,Rice,UP,Kharif,113.7,29.4,0.923,27.5,2329.12
2024,7,Rice,Maharashtra,Kharif,132.5,31.4,0.884,27.5,2341.7
2024,7,Rice,Karnataka,Kharif,124.7,29.3,0.954,27.5,2219.7
2024,7,Rice,Andhra Pradesh,Kharif,126.7,30.0,0.96,27.5,2139.48
2024,7,Rice,Madhya Pradesh,Kharif,173.3,26.7,0.897,27.5,2301.06
2024,7,Rice,Rajasthan,Kharif,154.1,30.7,0.894,27.5,2388.34
2024,7,Rice,Gujarat,Kharif,120.2,30.0,0.952,27.5,2045.2
2024,7,Rice,Bihar,Kharif,130.5,29.0,0.972,27.5,2186.45
2024,7,Rice,West Bengal,Kharif,134.3,27.8,0.916,27.5,2377.91
2024,7,Rice,Tamil Nadu,Kharif,144.8,30.0,0.969,27.5,2144.16
2024,7,Maize,Punjab,Kharif,235.7,36.2,1.106,27.5,2457.18
2024,7,Maize,Haryana,Kharif,229.3,31.9,1.005,27.5,2590.1
2024,7,Maize,UP,Kharif,234.8,33.0,1.093,27.5,2577.53
2024,7,Maize,Maharashtra,Kharif,245.5,30.0,1.072,27.5,2511.37
2024,7,Maize,Karnataka,Kharif,219.5,29.7,1.082,27.5,2444.54
2024,7,Maize,Andhra Pradesh,Kharif,265.6,29.8,1.021,27.5,2395.34
2024,7,Maize,Madhya Pradesh,Kharif,200.8,30.2,1.071,27.5,2428.51
2024,7,Maize,Rajasthan,Kharif,269.0,30.2,1.092,27.5,2780.26
2024,7,Maize,Gujarat,Kharif,218.1,33.2,1.063,27.5,2616.37
2024,7,Maize,Bihar,Kharif,251.1,30.4,1.08,27.5,2556.22
2024,7,Maize,West Bengal,Kharif,205.5,30.6,1.057,27.5,2646.43
2024,7,Maize,Tamil Nadu,Kharif,240.0,31.9,1.004,27.5,2717.18
2024,7,Potato,Punjab,Rabi,282.0,32.7,1.125,27.5,911.45
2024,7,Potato,Haryana,Rabi,274.1,34.6,1.098,27.5,927.14
2024,7,Potato,UP,Rabi,260.4,34.9,1.062,27.5,919.57
2024,7,Potato,Maharashtra,Rabi,227.1,37.2,1.061,27.5,871.98
2024,7,Potato,Karnataka,Rabi,238.9,37.1,1.033,27.5,933.19
2024,7,Potato,Andhra Pradesh,Rabi,261.3,34.6,1.128,27.5,924.99
2024,7,Potato,Madhya Pradesh,Rabi,242.3,34.1,1.049,27.5,960.09
2024,7,Potato,Rajasthan,Rabi,246.1,34.6,1.121,27.5,894.6
2024,7,Potato,Gujarat,Rabi,246.5,35.5,1.111,27.5,994.0
2024,7,Potato,Bihar,Rabi,252.4,33.8,1.071,27.5,870.66
2024,7,Potato,West Bengal,Rabi,251.3,37.1,1.048,27.5,914.42
2024,7,Potato,Tamil Nadu,Rabi,260.6,34.3,1.051,27.5,934.36
2024,7,Tomato,Punjab,Year-round,289.3,26.4,0.966,27.5,1418.25
2024,7,Tomato,Haryana,Year-round,300.7,28.4,1.009,27.5,1374.94
2024,7,Tomato,UP,Year-round,234.1,26.3,0.944,27.5,1344.65
2024,7,Tomato,Maharashtra,Year-round,291.0,27.1,0.966,27.5,1397.92
2024,7,Tomato,Karnataka,Year-round,263.2,24.1,0.966,27.5,1220.94
2024,7,Tomato,Andhra Pradesh,Year-round,290.6,25.0,1.032,27.5,1362.84
2024,7,Tomato,Madhya Pradesh,Year-round,263.4,23.5,0.955,27.5,1289.44
2024,7,Tomato,Rajasthan,Year-round,310.4,23.5,0.963,27.5,1312.21
2024,7,Tomato,Gujarat,Year-round,299.8,21.9,1.003,27.5,1370.59
2024,7,Tomato,Bihar,Year-round,274.7,23.4,0.964,27.5,1356.95
2024,7,Tomato,West Bengal,Year-round,286.4,23.5,0.948,27.5,1336.74
2024,7,Tomato,Tamil Nadu,Year-round,269.8,28.5,0.967,27.5,1286.22
2024,7,Onion,Punjab,Rabi,253.8,21.4,1.084,27.5,1744.03
2024,7,Onion,Haryana,Rabi,263.9,21.2,0.993,27.5,1613.32
2024,7,Onion,UP,Rabi,224.6,22.3,1.009,27.5,1586.88
2024,7,Onion,Maharashtra,Rabi,238.8,24.7,0.995,27.5,1684.77
2024,7,Onion,Karnataka,Rabi,276.4,24.3,1.058,27.5,1680.06
2024,7,Onion,Andhra Pradesh,Rabi,237.2,23.3,1.026,27.5,1728.5
2024,7,Onion,Madhya Pradesh,Rabi,234.8,24.6,1.066,27.5,1620.97
2024,7,Onion,Rajasthan,Rabi,243.8,23.5,1.065,27.5,1592.94
2024,7,Onion,Gujarat,Rabi,264.0,26.4,1.051,27.5,1706.68
2024,7,Onion,Bihar,Rabi,220.6,23.3,1.046,27.5,1691.99
2024,7,Onion,West Bengal,Rabi,232.6,22.6,1.063,27.5,1687.64
2024,7,Onion,Tamil Nadu,Rabi,232.3,21.8,1.035,27.5,1563.38
2024,7,Soybean,Punjab,Kharif,166.5,29.3,0.999,27.5,4788.78
2024,7,Soybean,Haryana,Kharif,197.3,30.7,0.989,27.5,4683.39
2024,7,Soybean,UP,Kharif,160.2,29.4,0.987,27.5,4638.18
2024,7,Soybean,Maharashtra,Kharif,187.0,27.7,0.942,27.5,4889.71
2024,7,Soybean,Karnataka,Kharif,145.8,28.8,1.001,27.5,4598.09
2024,7,Soybean,Andhra Pradesh,Kharif,189.3,29.5,0.948,27.5,4791.63
2024,7,Soybean,Madhya Pradesh,Kharif,165.0,30.6,0.942,27.5,4789.1
2024,7,Soybean,Rajasthan,Kharif,224.3,32.4,0.972,27.5,5225.65
2024,7,Soybean,Gujarat,Kharif,186.3,30.0,0.95,27.5,5105.88
2024,7,Soybean,Bihar,Kharif,172.6,29.5,1.0,27.5,4786.53
2024,7,Soybean,West Bengal,Kharif,135.0,30.3,0.913,27.5,4740.97
2024,7,Soybean,Tamil Nadu,Kharif,195.6,27.2,0.993,27.5,5022.49
2024,7,Cotton,Punjab,Kharif,145.9,22.8,0.921,27.5,5672.95
2024,7,Cotton,Haryana,Kharif,160.1,26.7,0.891,27.5,5433.06
2024,7,Cotton,UP,Kharif,146.5,19.9,0.886,27.5,5838.38
2024,7,Cotton,Maharashtra,Kharif,152.6,22.0,0.929,27.5,5867.32
2024,7,Cotton,Karnataka,Kharif,156.9,22.5,0.887,27.5,5254.38
2024,7,Cotton,Andhra Pradesh,Kharif,159.7,24.9,0.916,27.5,5722.67
2024,7,Cotton,Madhya Pradesh,Kharif,165.2,22.0,0.921,27.5,5422.99
2024,7,Cotton,Rajasthan,Kharif,127.2,24.2,0.858,27.5,6069.6
2024,7,Cotton,Gujarat,Kharif,178.6,22.5,0.902,27.5,5859.04
2024,7,Cotton,Bihar,Kharif,193.0,24.2,0.874,27.5,6033.46
2024,7,Cotton,West Bengal,Kharif,164.5,22.9,0.896,27.5,5708.62
2024,7,Cotton,Tamil Nadu,Kharif,179.1,26.2,0.853,27.5,5938.88
2024,7,Sugarcane,Punjab,Year-round,267.2,29.0,1.067,27.5,367.16
2024,7,Sugarcane,Haryana,Year-round,265.2,29.3,1.021,27.5,356.96
2024,7,Sugarcane,UP,Year-round,296.0,29.2,1.088,27.5,394.08
2024,7,Sugarcane,Maharashtra,Year-round,266.0,25.2,1.024,27.5,354.72
2024,7,Sugarcane,Karnataka,Year-round,262.9,29.1,1.022,27.5,365.04
2024,7,Sugarcane,Andhra Pradesh,Year-round,274.3,25.0,0.998,27.5,379.6
2024,7,Sugarcane,Madhya Pradesh,Year-round,301.7,26.4,1.047,27.5,402.55
2024,7,Sugarcane,Rajasthan,Year-round,296.6,25.4,1.093,27.5,359.05
2024,7,Sugarcane,Gujarat,Year-round,279.2,25.5,1.033,27.5,356.34
2024,7,Sugarcane,Bihar,Year-round,270.0,27.2,1.088,27.5,393.76
2024,7,Sugarcane,West Bengal,Year-round,308.8,29.7,0.998,27.5,367.75
2024,7,Sugarcane,Tamil Nadu,Year-round,276.8,27.9,1.056,27.5,345.56
2024,7,Chilli,Punjab,Kharif,159.3,31.4,1.069,27.5,8259.83
2024,7,Chilli,Haryana,Kharif,148.1,27.2,1.049,27.5,9379.67
2024,7,Chilli,UP,Kharif,147.8,31.7,1.063,27.5,9085.92
2024,7,Chilli,Maharashtra,Kharif,157.6,31.6,1.015,27.5,8874.55
2024,7,Chilli,Karnataka,Kharif,164.9,26.8,1.026,27.5,8316.09
2024,7,Chilli,Andhra Pradesh,Kharif,152.1,30.2,1.049,27.5,8584.05
2024,7,Chilli,Madhya Pradesh,Kharif,126.3,30.6,1.055,27.5,8805.76
2024,7,Chilli,Rajasthan,Kharif,139.1,28.6,1.042,27.5,8367.28
2024,7,Chilli,Gujarat,Kharif,193.8,32.7,1.039,27.5,8821.41
2024,7,Chilli,Bihar,Kharif,175.0,30.0,1.015,27.5,8510.48
2024,7,Chilli,West Bengal,Kharif,154.3,26.7,1.028,27.5,8348.97
2024,7,Chilli,Tamil Nadu,Kharif,132.9,29.8,1.095,27.5,9447.5
2024,7,Gram,Punjab,Rabi,195.4,20.7,1.071,27.5,6854.91
2024,7,Gram,Haryana,Rabi,187.0,24.8,1.03,27.5,6969.24
2024,7,Gram,UP,Rabi,186.8,20.1,1.103,27.5,6658.51
2024,7,Gram,Maharashtra,Rabi,157.3,24.2,1.1,27.5,6600.15
2024,7,Gram,Karnataka,Rabi,178.3,21.7,1.1,27.5,6830.78
2024,7,Gram,Andhra Pradesh,Rabi,159.0,21.5,1.033,27.5,6428.61
2024,7,Gram,Madhya Pradesh,Rabi,192.3,26.8,1.064,27.5,6410.9
2024,7,Gram,Rajasthan,Rabi,193.0,23.3,1.059,27.5,6216.66
2024,7,Gram,Gujarat,Rabi,180.5,25.2,1.042,27.5,6341.94
2024,7,Gram,Bihar,Rabi,185.4,22.9,1.072,27.5,6650.35
2024,7,Gram,West Bengal,Rabi,171.6,22.4,1.103,27.5,6774.38
2024,7,Gram,Tamil Nadu,Rabi,202.9,24.3,1.04,27.5,6223.43
2024,7,Mustard,Punjab,Rabi,182.7,16.2,1.144,27.5,6489.92
2024,7,Mustard,Haryana,Rabi,152.8,16.4,1.091,27.5,7024.94
2024,7,Mustard,UP,Rabi,153.1,18.5,1.116,27.5,6900.63
2024,7,Mustard,Maharashtra,Rabi,152.7,19.7,1.142,27.5,7280.78
2024,7,Mustard,Karnataka,Rabi,147.0,20.3,1.176,27.5,7382.31
2024,7,Mustard,Andhra Pradesh,Rabi,143.6,16.7,1.124,27.5,7257.04
2024,7,Mustard,Madhya Pradesh,Rabi,123.3,21.7,1.136,27.5,6463.4
2024,7,Mustard,Rajasthan,Rabi,130.6,19.7,1.152,27.5,6760.67
2024,7,Mustard,Gujarat,Rabi,121.4,18.4,1.102,27.5,6463.77
2024,7,Mustard,Bihar,Rabi,178.3,22.9,1.193,27.5,7455.58
2024,7,Mustard,West Bengal,Rabi,153.0,21.4,1.191,27.5,7462.15
2024,7,Mustard,Tamil Nadu,Rabi,148.0,20.0,1.172,27.5,7423.15
2024,8,Wheat,Punjab,Rabi,71.6,23.9,1.06,27.5,2856.72
2024,8,Wheat,Haryana,Rabi,89.4,21.9,1.076,27.5,3200.59
2024,8,Wheat,UP,Rabi,75.0,21.2,1.051,27.5,3237.33
2024,8,Wheat,Maharashtra,Rabi,99.7,19.4,1.15,27.5,2944.74
2024,8,Wheat,Karnataka,Rabi,94.9,19.3,1.062,27.5,2867.23
2024,8,Wheat,Andhra Pradesh,Rabi,88.4,22.5,1.112,27.5,3129.24
2024,8,Wheat,Madhya Pradesh,Rabi,92.6,23.8,1.131,27.5,2960.87
2024,8,Wheat,Rajasthan,Rabi,51.4,18.3,1.086,27.5,2912.28
2024,8,Wheat,Gujarat,Rabi,62.0,21.9,1.057,27.5,2935.58
2024,8,Wheat,Bihar,Rabi,34.8,23.2,1.134,27.5,2919.15
2024,8,Wheat,West Bengal,Rabi,71.8,21.4,1.092,27.5,2817.51
2024,8,Wheat,Tamil Nadu,Rabi,78.3,24.4,1.097,27.5,3171.44
2024,8,Rice,Punjab,Kharif,163.2,27.8,0.907,27.5,2291.45
2024,8,Rice,Haryana,Kharif,148.5,28.9,0.946,27.5,2450.02
2024,8,Rice,UP,Kharif,123.2,24.6,0.933,27.5,2490.35
2024,8,Rice,Maharashtra,Kharif,106.0,27.8,0.941,27.5,2219.39
2024,8,Rice,Karnataka,Kharif,99.9,28.0,0.902,27.5,2225.26
2024,8,Rice,Andhra Pradesh,Kharif,108.7,25.3,0.929,27.5,2218.51
2024,8,Rice,Madhya Pradesh,Kharif,127.2,27.6,0.943,27.5,2200.09
2024,8,Rice,Rajasthan,Kharif,123.1,27.3,0.895,27.5,2534.53
2024,8,Rice,Gujarat,Kharif,102.4,26.9,0.943,27.5,2323.15
2024,8,Rice,Bihar,Kharif,100.4,30.2,0.868,27.5,2173.79
2024,8,Rice,West Bengal,Kharif,118.5,26.9,0.928,27.5,2273.63
2024,8,Rice,Tamil Nadu,Kharif,107.4,25.2,0.871,27.5,2369.1
2024,8,Maize,Punjab,Kharif,215.7,37.3,0.97,27.5,2580.46
2024,8,Maize,Haryana,Kharif,208.7,35.3,0.939,27.5,2621.41
2024,8,Maize,UP,Kharif,213.3,35.6,0.92,27.5,2701.94
2024,8,Maize,Maharashtra,Kharif,229.0,34.0,0.945,27.5,2397.68
2024,8,Maize,Karnataka,Kharif,227.8,38.2,0.997,27.5,2664.88
2024,8,Maize,Andhra Pradesh,Kharif,208.7,37.0,0.917,27.5,2506.82
2024,8,Maize,Madhya Pradesh,Kharif,246.0,34.5,0.929,27.5,2389.43
2024,8,Maize,Rajasthan,Kharif,233.5,37.1,0.957,27.5,2377.53
2024,8,Maize,Gujarat,Kharif,261.1,38.3,0.95,27.5,2363.1
2024,8,Maize,Bihar,Kharif,271.8,38.2,1.007,27.5,2693.11
2024,8,Maize,West Bengal,Kharif,220.1,37.0,0.99,27.5,2560.27
2024,8,Maize,Tamil Nadu,Kharif,225.6,33.2,0.999,27.5,2632.4
2024,8,Potato,Punjab,Rabi,315.9,26.3,1.064,27.5,1071.82
2024,8,Potato,Haryana,Rabi,344.9,26.5,1.034,27.5,1095.58
2024,8,Potato,UP,Rabi,316.2,28.6,1.092,27.5,1089.8
2024,8,Potato,Maharashtra,Rabi,353.6,25.4,1.062,27.5,1054.22
2024,8,Potato,Karnataka,Rabi,325.9,24.1,1.101,27.5,1030.81
2024,8,Potato,Andhra Pradesh,Rabi,345.6,23.2,1.05,27.5,1088.68
2024,8,Potato,Madhya Pradesh,Rabi,328.6,26.9,1.05,27.5,965.6
2024,8,Potato,Rajasthan,Rabi,317.6,25.2,1.017,27.5,1050.59
2024,8,Potato,Gujarat,Rabi,340.4,27.1,1.086,27.5,1007.38
2024,8,Potato,Bihar,Rabi,341.5,23.7,1.017,27.5,1059.71
2024,8,Potato,West Bengal,Rabi,356.7,29.4,1.014,27.5,966.0
2024,8,Potato,Tamil Nadu,Rabi,332.3,25.9,1.101,27.5,1002.12
2024,8,Tomato,Punjab,Year-round,259.5,21.7,1.111,27.5,1410.29
2024,8,Tomato,Haryana,Year-round,229.2,24.5,1.028,27.5,1464.23
2024,8,Tomato,UP,Year-round,231.1,25.7,1.094,27.5,1471.79
2024,8,Tomato,Maharashtra,Year-round,193.3,24.2,1.036,27.5,1478.72
2024,8,Tomato,Karnataka,Year-round,255.4,22.9,1.103,27.5,1415.55
2024,8,Tomato,Andhra Pradesh,Year-round,185.7,26.1,1.076,27.5,1388.42
2024,8,Tomato,Madhya Pradesh,Year-round,237.0,23.0,1.114,27.5,1502.12
2024,8,Tomato,Rajasthan,Year-round,207.2,25.8,1.086,27.5,1374.8
2024,8,Tomato,Gujarat,Year-round,235.4,24.0,1.078,27.5,1548.66
2024,8,Tomato,Bihar,Year-round,223.0,22.6,1.067,27.5,1462.74
2024,8,Tomato,West Bengal,Year-round,228.4,26.2,1.098,27.5,1553.18
2024,8,Tomato,Tamil Nadu,Year-round,200.4,24.2,1.052,27.5,1529.85
2024,8,Onion,Punjab,Rabi,171.4,29.4,1.162,27.5,2030.31
2024,8,Onion,Haryana,Rabi,167.4,31.6,1.149,27.5,1938.33
2024,8,Onion,UP,Rabi,166.2,26.2,1.14,27.5,2090.23
2024,8,Onion,Maharashtra,Rabi,152.3,24.3,1.164,27.5,1946.27
2024,8,Onion,Karnataka,Rabi,167.9,26.6,1.189,27.5,2023.49
2024,8,Onion,Andhra Pradesh,Rabi,167.9,27.8,1.13,27.5,1953.77
2024,8,Onion,Madhya Pradesh,Rabi,170.2,28.0,1.089,27.5,1794.85
2024,8,Onion,Rajasthan,Rabi,172.5,27.7,1.159,27.5,1863.09
2024,8,Onion,Gujarat,Rabi,216.0,28.2,1.13,27.5,1992.08
2024,8,Onion,Bihar,Rabi,154.3,25.5,1.172,27.5,1965.31
2024,8,Onion,West Bengal,Rabi,158.0,24.8,1.188,27.5,1875.65
2024,8,Onion,Tamil Nadu,Rabi,205.7,27.0,1.09,27.5,1836.49
2024,8,Soybean,Punjab,Kharif,133.7,26.9,0.912,27.5,4945.08
2024,8,Soybean,Haryana,Kharif,134.7,31.4,0.902,27.5,4497.56
2024,8,Soybean,UP,Kharif,106.5,26.6,0.857,27.5,4479.83
2024,8,Soybean,Maharashtra,Kharif,147.3,27.9,0.882,27.5,4541.29
2024,8,Soybean,Karnataka,Kharif,145.2,28.1,0.893,27.5,4651.84
2024,8,Soybean,Andhra Pradesh,Kharif,135.7,24.2,0.851,27.5,4832.63
2024,8,Soybean,Madhya Pradesh,Kharif,166.4,26.6,0.854,27.5,4818.93
2024,8,Soybean,Rajasthan,Kharif,116.4,27.9,0.841,27.5,4607.99
2024,8,Soybean,Gujarat,Kharif,182.7,29.3,0.873,27.5,4543.27
2024,8,Soybean,Bihar,Kharif,158.1,34.1,0.843,27.5,4680.46
2024,8,Soybean,West Bengal,Kharif,144.9,25.3,0.902,27.5,4609.12
2024,8,Soybean,Tamil Nadu,Kharif,128.2,26.8,0.838,27.5,4739.78
2024,8,Cotton,Punjab,Kharif,111.9,35.1,1.005,27.5,7306.4
2024,8,Cotton,Haryana,Kharif,90.5,31.2,0.952,27.5,6562.59
2024,8,Cotton,UP,Kharif,75.4,30.8,0.974,27.5,7667.34
2024,8,Cotton,Maharashtra,Kharif,99.5,31.4,0.92,27.5,6862.54
2024,8,Cotton,Karnataka,Kharif,63.1,29.2,0.942,27.5,7149.17
2024,8,Cotton,Andhra Pradesh,Kharif,110.5,33.2,0.924,27.5,6697.99
2024,8,Cotton,Madhya Pradesh,Kharif,118.2,33.2,0.956,27.5,6561.39
2024,8,Cotton,Rajasthan,Kharif,66.2,31.1,0.99,27.5,6985.84
2024,8,Cotton,Gujarat,Kharif,111.0,29.4,0.918,27.5,6789.43
2024,8,Cotton,Bihar,Kharif,54.5,35.1,0.925,27.5,7416.64
2024,8,Cotton,West Bengal,Kharif,119.0,34.3,0.996,27.5,7321.0
2024,8,Cotton,Tamil Nadu,Kharif,110.4,33.5,0.934,27.5,6871.07
2024,8,Sugarcane,Punjab,Year-round,201.8,31.3,1.003,27.5,351.62
2024,8,Sugarcane,Haryana,Year-round,184.6,33.7,0.951,27.5,359.55
2024,8,Sugarcane,UP,Year-round,247.4,34.0,0.954,27.5,365.65
2024,8,Sugarcane,Maharashtra,Year-round,221.3,36.0,0.963,27.5,359.37
2024,8,Sugarcane,Karnataka,Year-round,222.8,36.8,0.983,27.5,382.41
2024,8,Sugarcane,Andhra Pradesh,Year-round,232.5,32.4,0.972,27.5,365.27
2024,8,Sugarcane,Madhya Pradesh,Year-round,181.2,30.0,0.952,27.5,366.53
2024,8,Sugarcane,Rajasthan,Year-round,252.5,32.9,1.008,27.5,360.13
2024,8,Sugarcane,Gujarat,Year-round,244.9,35.4,0.976,27.5,366.94
2024,8,Sugarcane,Bihar,Year-round,223.0,35.7,0.969,27.5,350.13
2024,8,Sugarcane,West Bengal,Year-round,234.2,35.3,1.046,27.5,359.6
2024,8,Sugarcane,Tamil Nadu,Year-round,222.5,32.4,0.977,27.5,371.73
2024,8,Chilli,Punjab,Kharif,200.0,34.8,1.062,27.5,8619.66
2024,8,Chilli,Haryana,Kharif,176.3,34.5,1.042,27.5,9723.74
2024,8,Chilli,UP,Kharif,182.4,33.2,1.072,27.5,9815.66
2024,8,Chilli,Maharashtra,Kharif,170.8,33.1,0.987,27.5,8994.42
2024,8,Chilli,Karnataka,Kharif,160.0,30.0,1.062,27.5,9388.11
2024,8,Chilli,Andhra Pradesh,Kharif,190.5,33.1,0.987,27.5,9620.5
2024,8,Chilli,Madhya Pradesh,Kharif,177.0,31.2,1.063,27.5,8745.84
2024,8,Chilli,Rajasthan,Kharif,204.6,34.8,1.059,27.5,9287.09
2024,8,Chilli,Gujarat,Kharif,153.6,31.0,1.063,27.5,8591.75
2024,8,Chilli,Bihar,Kharif,176.7,32.1,1.028,27.5,9849.23
2024,8,Chilli,West Bengal,Kharif,167.6,35.0,1.018,27.5,9155.34
2024,8,Chilli,Tamil Nadu,Kharif,167.2,32.0,1.036,27.5,8482.57
2024,8,Gram,Punjab,Rabi,233.0,36.1,0.82,27.5,5124.7
2024,8,Gram,Haryana,Rabi,125.6,35.3,0.872,27.5,5300.23
2024,8,Gram,UP,Rabi,131.1,31.4,0.873,27.5,5613.5
2024,8,Gram,Maharashtra,Rabi,177.1,36.1,0.861,27.5,5427.52
2024,8,Gram,Karnataka,Rabi,172.7,36.3,0.874,27.5,5060.39
2024,8,Gram,Andhra Pradesh,Rabi,172.0,31.8,0.84,27.5,5319.21
2024,8,Gram,Madhya Pradesh,Rabi,185.6,32.7,0.877,27.5,5123.87
2024,8,Gram,Rajasthan,Rabi,113.9,33.1,0.843,27.5,5177.62
2024,8,Gram,Gujarat,Rabi,183.0,33.5,0.884,27.5,5188.51
2024,8,Gram,Bihar,Rabi,177.9,37.6,0.82,27.5,5308.62
2024,8,Gram,West Bengal,Rabi,192.4,32.0,0.857,27.5,5657.42
2024,8,Gram,Tamil Nadu,Rabi,215.6,33.4,0.815,27.5,5543.93
2024,8,Mustard,Punjab,Rabi,246.9,19.1,1.051,27.5,5743.44
2024,8,Mustard,Haryana,Rabi,255.7,17.4,1.036,27.5,6005.4
2024,8,Mustard,UP,Rabi,248.0,18.7,0.969,27.5,6341.02
2024,8,Mustard,Maharashtra,Rabi,235.9,17.4,1.023,27.5,6161.14
2024,8,Mustard,Karnataka,Rabi,210.5,18.7,0.974,27.5,5525.28
2024,8,Mustard,Andhra Pradesh,Rabi,211.4,18.0,0.972,27.5,5654.13
2024,8,Mustard,Madhya Pradesh,Rabi,259.9,21.3,1.058,27.5,5755.43
2024,8,Mustard,Rajasthan,Rabi,225.9,20.1,0.999,27.5,5624.59
2024,8,Mustard,Gujarat,Rabi,230.6,15.9,1.039,27.5,5844.2
2024,8,Mustard,Bihar,Rabi,230.9,22.8,1.048,27.5,6348.84
2024,8,Mustard,West Bengal,Rabi,241.5,16.3,1.003,27.5,6218.59
2024,8,Mustard,Tamil Nadu,Rabi,237.5,19.5,1.055,27.5,6080.88
2024,9,Wheat,Punjab,Rabi,214.3,25.2,1.079,27.5,3017.35
2024,9,Wheat,Haryana,Rabi,219.3,29.0,1.091,27.5,3080.93
2024,9,Wheat,UP,Rabi,201.7,28.0,1.109,27.5,3417.04
2024,9,Wheat,Maharashtra,Rabi,216.7,23.9,1.041,27.5,2939.59
2024,9,Wheat,Karnataka,Rabi,188.1,29.4,1.052,27.5,3241.31
2024,9,Wheat,Andhra Pradesh,Rabi,210.7,25.3,1.058,27.5,3154.53
2024,9,Wheat,Madhya Pradesh,Rabi,203.1,28.7,1.122,27.5,3240.45
2024,9,Wheat,Rajasthan,Rabi,220.9,27.2,1.092,27.5,3066.82
2024,9,Wheat,Gujarat,Rabi,204.1,27.3,1.067,27.5,3167.82
2024,9,Wheat,Bihar,Rabi,214.8,28.3,1.058,27.5,3324.08
2024,9,Wheat,West Bengal,Rabi,250.0,25.2,1.075,27.5,2935.13
2024,9,Wheat,Tamil Nadu,Rabi,240.1,29.8,1.074,27.5,3337.51
2024,9,Rice,Punjab,Kharif,243.9,36.4,0.885,27.5,2356.9
2024,9,Rice,Haryana,Kharif,261.7,33.4,0.866,27.5,2399.79
2024,9,Rice,UP,Kharif,210.9,37.2,0.828,27.5,2443.72
2024,9,Rice,Maharashtra,Kharif,239.5,35.6,0.865,27.5,2224.27
2024,9,Rice,Karnataka,Kharif,242.1,29.8,0.861,27.5,2295.6
2024,9,Rice,Andhra Pradesh,Kharif,267.9,34.0,0.888,27.5,2450.13
2024,9,Rice,Madhya Pradesh,Kharif,212.3,32.9,0.875,27.5,2193.75
2024,9,Rice,Rajasthan,Kharif,248.5,33.7,0.89,27.5,2225.93
2024,9,Rice,Gujarat,Kharif,261.7,34.0,0.851,27.5,2246.26
2024,9,Rice,Bihar,Kharif,243.2,31.3,0.892,27.5,2159.02
2024,9,Rice,West Bengal,Kharif,277.7,32.8,0.883,27.5,2357.35
2024,9,Rice,Tamil Nadu,Kharif,230.9,31.5,0.858,27.5,2346.67
2024,9,Maize,Punjab,Kharif,238.4,25.1,0.901,27.5,2449.96
2024,9,Maize,Haryana,Kharif,224.0,23.2,0.913,27.5,2691.93
2024,9,Maize,UP,Kharif,223.7,25.0,0.937,27.5,2692.44
2024,9,Maize,Maharashtra,Kharif,227.6,24.8,0.918,27.5,2732.93
2024,9,Maize,Karnataka,Kharif,264.8,24.4,0.89,27.5,2488.09
2024,9,Maize,Andhra Pradesh,Kharif,217.2,27.0,0.918,27.5,2737.78
2024,9,Maize,Madhya Pradesh,Kharif,230.8,24.9,0.919,27.5,2657.52
2024,9,Maize,Rajasthan,Kharif,223.8,25.5,0.955,27.5,2690.83
2024,9,Maize,Gujarat,Kharif,269.4,28.1,0.907,27.5,2691.3
2024,9,Maize,Bihar,Kharif,247.0,24.4,0.909,27.5,2812.17
2024,9,Maize,West Bengal,Kharif,248.9,29.0,0.956,27.5,2769.03
2024,9,Maize,Tamil Nadu,Kharif,250.2,26.1,0.91,27.5,2782.12
2024,9,Potato,Punjab,Rabi,178.5,30.7,0.92,27.5,892.65
2024,9,Potato,Haryana,Rabi,200.9,27.8,0.963,27.5,895.89
2024,9,Potato,UP,Rabi,174.0,30.6,1.013,27.5,918.59
2024,9,Potato,Maharashtra,Rabi,172.7,29.4,0.938,27.5,834.88
2024,9,Potato,Karnataka,Rabi,191.2,25.8,0.919,27.5,903.37
2024,9,Potato,Andhra Pradesh,Rabi,152.7,32.6,0.924,27.5,881.94
2024,9,Potato,Madhya Pradesh,Rabi,181.8,34.1,0.984,27.5,900.13
2024,9,Potato,Rajasthan,Rabi,160.7,30.1,0.955,27.5,843.09
2024,9,Potato,Gujarat,Rabi,182.1,31.8,1.011,27.5,823.24
2024,9,Potato,Bihar,Rabi,149.5,32.6,0.969,27.5,947.03
2024,9,Potato,West Bengal,Rabi,180.2,28.9,1.01,27.5,857.38
2024,9,Potato,Tamil Nadu,Rabi,188.2,28.8,0.952,27.5,889.02
2024,9,Tomato,Punjab,Year-round,186.7,33.6,0.926,27.5,1420.18
2024,9,Tomato,Haryana,Year-round,210.0,32.8,0.889,27.5,1356.81
2024,9,Tomato,UP,Year-round,200.6,31.2,0.857,27.5,1304.36
2024,9,Tomato,Maharashtra,Year-round,272.1,34.5,0.895,27.5,1368.98
2024,9,Tomato,Karnataka,Year-round,221.6,32.0,0.931,27.5,1459.14
2024,9,Tomato,Andhra Pradesh,Year-round,272.0,32.6,0.87,27.5,1276.52
2024,9,Tomato,Madhya Pradesh,Year-round,226.2,35.7,0.882,27.5,1323.13
2024,9,Tomato,Rajasthan,Year-round,203.9,35.4,0.897,27.5,1436.05
2024,9,Tomato,Gujarat,Year-round,243.6,29.9,0.876,27.5,1413.95
2024,9,Tomato,Bihar,Year-round,227.7,32.5,0.928,27.5,1331.84
2024,9,Tomato,West Bengal,Year-round,206.4,33.1,0.912,27.5,1392.05
2024,9,Tomato,Tamil Nadu,Year-round,241.4,33.6,0.857,27.5,1339.8
2024,9,Onion,Punjab,Rabi,318.4,29.0,1.067,27.5,2019.8
2024,9,Onion,Haryana,Rabi,298.4,33.2,0.975,27.5,1995.61
2024,9,Onion,UP,Rabi,319.7,30.7,0.997,27.5,2076.26
2024,9,Onion,Maharashtra,Rabi,320.8,30.9,1.028,27.5,1940.79
2024,9,Onion,Karnataka,Rabi,296.9,30.1,0.997,27.5,2002.28
2024,9,Onion,Andhra Pradesh,Rabi,355.2,30.8,0.988,27.5,1985.24
2024,9,Onion,Madhya Pradesh,Rabi,312.1,29.1,1.026,27.5,2042.94
2024,9,Onion,Rajasthan,Rabi,301.9,32.3,1.039,27.5,2010.36
2024,9,Onion,Gujarat,Rabi,326.9,31.2,1.038,27.5,1997.8
2024,9,Onion,Bihar,Rabi,334.6,32.9,1.024,27.5,1891.06
2024,9,Onion,West Bengal,Rabi,321.7,32.6,1.029,27.5,1891.65
2024,9,Onion,Tamil Nadu,Rabi,308.2,33.2,1.048,27.5,1910.72
2024,9,Soybean,Punjab,Kharif,174.3,37.5,1.035,27.5,5248.31
2024,9,Soybean,Haryana,Kharif,188.8,34.2,1.002,27.5,5396.27
2024,9,Soybean,UP,Kharif,153.0,38.6,1.005,27.5,5214.76
2024,9,Soybean,Maharashtra,Kharif,195.1,34.6,1.038,27.5,5755.22
2024,9,Soybean,Karnataka,Kharif,172.7,36.3,0.988,27.5,5949.92
2024,9,Soybean,Andhra Pradesh,Kharif,137.9,38.5,0.989,27.5,5625.55
2024,9,Soybean,Madhya Pradesh,Kharif,200.3,37.8,1.039,27.5,5224.41
2024,9,Soybean,Rajasthan,Kharif,181.6,36.0,1.007,27.5,5190.75
2024,9,Soybean,Gujarat,Kharif,133.8,36.1,0.964,27.5,5291.02
2024,9,Soybean,Bihar,Kharif,168.4,37.3,1.049,27.5,5809.61
2024,9,Soybean,West Bengal,Kharif,139.7,35.6,1.007,27.5,5767.38
2024,9,Soybean,Tamil Nadu,Kharif,178.3,40.5,1.04,27.5,5444.8
2024,9,Cotton,Punjab,Kharif,240.8,30.0,1.026,27.5,7309.18
2024,9,Cotton,Haryana,Kharif,240.5,30.6,1.003,27.5,7506.92
2024,9,Cotton,UP,Kharif,232.7,28.6,1.037,27.5,7518.41
2024,9,Cotton,Maharashtra,Kharif,274.1,26.1,0.973,27.5,7432.78
2024,9,Cotton,Karnataka,Kharif,225.6,22.0,0.954,27.5,7462.29
2024,9,Cotton,Andhra Pradesh,Kharif,238.1,28.1,0.952,27.5,7085.13
2024,9,Cotton,Madhya Pradesh,Kharif,224.9,25.7,1.038,27.5,7996.25
2024,9,Cotton,Rajasthan,Kharif,248.3,28.5,0.995,27.5,8194.49
2024,9,Cotton,Gujarat,Kharif,247.9,24.9,1.024,27.5,7330.76
2024,9,Cotton,Bihar,Kharif,231.2,25.1,0.996,27.5,7909.61
2024,9,Cotton,West Bengal,Kharif,246.2,25.5,1.015,27.5,7831.42
2024,9,Cotton,Tamil Nadu,Kharif,226.2,25.1,1.035,27.5,7286.43
2024,9,Sugarcane,Punjab,Year-round,30.4,25.6,0.841,27.5,364.13
2024,9,Sugarcane,Haryana,Year-round,61.9,24.3,0.853,27.5,364.76
2024,9,Sugarcane,UP,Year-round,33.9,25.5,0.904,27.5,356.57
2024,9,Sugarcane,Maharashtra,Year-round,42.7,25.5,0.908,27.5,376.29
2024,9,Sugarcane,Karnataka,Year-round,39.5,22.9,0.918,27.5,350.43
2024,9,Sugarcane,Andhra Pradesh,Year-round,53.7,24.0,0.905,27.5,351.2
2024,9,Sugarcane,Madhya Pradesh,Year-round,53.0,22.4,0.915,27.5,333.18
2024,9,Sugarcane,Rajasthan,Year-round,101.4,22.7,0.893,27.5,373.52
2024,9,Sugarcane,Gujarat,Year-round,34.6,21.8,0.871,27.5,333.17
2024,9,Sugarcane,Bihar,Year-round,39.4,21.4,0.871,27.5,342.5
2024,9,Sugarcane,West Bengal,Year-round,64.3,22.8,0.913,27.5,354.63
2024,9,Sugarcane,Tamil Nadu,Year-round,61.9,22.7,0.919,27.5,341.04
2024,9,Chilli,Punjab,Kharif,120.6,35.3,0.895,27.5,9407.61
2024,9,Chilli,Haryana,Kharif,151.2,39.6,0.879,27.5,9377.27
2024,9,Chilli,UP,Kharif,128.1,34.8,0.91,27.5,8457.08
2024,9,Chilli,Maharashtra,Kharif,161.3,38.7,0.905,27.5,8512.63
2024,9,Chilli,Karnataka,Kharif,138.5,34.9,0.952,27.5,9224.16
2024,9,Chilli,Andhra Pradesh,Kharif,132.3,40.5,0.937,27.5,9366.8
2024,9,Chilli,Madhya Pradesh,Kharif,185.1,38.5,0.959,27.5,8654.05
2024,9,Chilli,Rajasthan,Kharif,154.1,36.3,0.893,27.5,8499.28
2024,9,Chilli,Gujarat,Kharif,164.8,35.2,0.883,27.5,9589.74
2024,9,Chilli,Bihar,Kharif,135.4,35.8,0.919,27.5,8960.94
2024,9,Chilli,West Bengal,Kharif,132.6,34.1,0.938,27.5,8867.84
2024,9,Chilli,Tamil Nadu,Kharif,106.8,36.3,0.908,27.5,8576.03
2024,9,Gram,Punjab,Rabi,182.5,33.5,1.138,27.5,7477.6
2024,9,Gram,Haryana,Rabi,124.2,36.8,1.068,27.5,7364.35
2024,9,Gram,UP,Rabi,110.3,35.1,1.129,27.5,7940.28
2024,9,Gram,Maharashtra,Rabi,114.8,38.5,1.159,27.5,7516.09
2024,9,Gram,Karnataka,Rabi,154.5,31.0,1.172,27.5,7736.78
2024,9,Gram,Andhra Pradesh,Rabi,139.8,31.9,1.146,27.5,7011.39
2024,9,Gram,Madhya Pradesh,Rabi,131.9,33.6,1.131,27.5,8039.13
2024,9,Gram,Rajasthan,Rabi,73.8,34.5,1.123,27.5,6977.24
2024,9,Gram,Gujarat,Rabi,88.3,34.0,1.131,27.5,7805.07
2024,9,Gram,Bihar,Rabi,134.2,33.6,1.125,27.5,7014.79
2024,9,Gram,West Bengal,Rabi,123.9,34.0,1.07,27.5,7958.65
2024,9,Gram,Tamil Nadu,Rabi,129.5,30.3,1.085,27.5,7461.02
2024,9,Mustard,Punjab,Rabi,216.6,23.0,0.872,27.5,5906.11
2024,9,Mustard,Haryana,Rabi,207.5,21.6,0.895,27.5,5312.4
2024,9,Mustard,UP,Rabi,227.9,25.2,0.885,27.5,5618.58
2024,9,Mustard,Maharashtra,Rabi,166.6,25.1,0.881,27.5,6095.39
2024,9,Mustard,Karnataka,Rabi,231.4,22.8,0.875,27.5,5366.72
2024,9,Mustard,Andhra Pradesh,Rabi,207.7,25.7,0.864,27.5,5921.56
2024,9,Mustard,Madhya Pradesh,Rabi,182.9,25.3,0.874,27.5,5795.93
2024,9,Mustard,Rajasthan,Rabi,195.6,21.3,0.857,27.5,5579.19
2024,9,Mustard,Gujarat,Rabi,177.8,24.3,0.886,27.5,5617.65
2024,9,Mustard,Bihar,Rabi,223.1,29.6,0.865,27.5,5661.92
2024,9,Mustard,West Bengal,Rabi,166.6,26.8,0.863,27.5,5895.81
2024,9,Mustard,Tamil Nadu,Rabi,164.9,29.0,0.819,27.5,5475.35
2024,10,Wheat,Punjab,Rabi,82.9,31.0,1.082,27.5,2930.08
2024,10,Wheat,Haryana,Rabi,60.1,35.5,1.092,27.5,3112.06
2024,10,Wheat,UP,Rabi,56.0,37.4,1.074,27.5,3351.37
2024,10,Wheat,Maharashtra,Rabi,89.6,34.0,1.169,27.5,3172.89
2024,10,Wheat,Karnataka,Rabi,79.5,34.1,1.072,27.5,3212.4
2024,10,Wheat,Andhra Pradesh,Rabi,108.4,33.8,1.071,27.5,3245.33
2024,10,Wheat,Madhya Pradesh,Rabi,64.5,28.6,1.148,27.5,3048.08
2024,10,Wheat,Rajasthan,Rabi,87.8,32.5,1.151,27.5,3154.6
2024,10,Wheat,Gujarat,Rabi,91.0,34.4,1.114,27.5,3312.07
2024,10,Wheat,Bihar,Rabi,67.2,28.4,1.148,27.5,2956.46
2024,10,Wheat,West Bengal,Rabi,82.8,32.2,1.128,27.5,2945.72
2024,10,Wheat,Tamil Nadu,Rabi,63.2,34.5,1.094,27.5,3306.21
2024,10,Rice,Punjab,Kharif,82.8,35.4,1.105,27.5,3272.95
2024,10,Rice,Haryana,Kharif,126.1,35.5,1.041,27.5,2878.63
2024,10,Rice,UP,Kharif,107.2,38.2,1.047,27.5,2985.36
2024,10,Rice,Maharashtra,Kharif,98.2,37.3,1.091,27.5,2910.87
2024,10,Rice,Karnataka,Kharif,119.6,36.4,1.017,27.5,3123.18
2024,10,Rice,Andhra Pradesh,Kharif,133.9,38.8,1.061,27.5,3051.55
2024,10,Rice,Madhya Pradesh,Kharif,116.6,34.2,1.075,27.5,3221.21
2024,10,Rice,Rajasthan,Kharif,127.3,36.5,1.02,27.5,2934.43
2024,10,Rice,Gujarat,Kharif,176.3,39.7,1.119,27.5,2878.29
2024,10,Rice,Bihar,Kharif,105.2,37.8,1.026,27.5,3084.17
2024,10,Rice,West Bengal,Kharif,132.3,38.6,1.062,27.5,3085.16
2024,10,Rice,Tamil Nadu,Kharif,104.5,36.3,1.093,27.5,3073.6
2024,10,Maize,Punjab,Kharif,0.0,33.4,1.02,27.5,3262.0
2024,10,Maize,Haryana,Kharif,9.1,31.8,0.987,27.5,3384.48
2024,10,Maize,UP,Kharif,49.5,35.5,0.978,27.5,3320.46
2024,10,Maize,Maharashtra,Kharif,0.0,28.9,1.067,27.5,3266.68
2024,10,Maize,Karnataka,Kharif,2.6,34.0,0.978,27.5,3164.73
2024,10,Maize,Andhra Pradesh,Kharif,54.8,34.0,1.029,27.5,3326.23
2024,10,Maize,Madhya Pradesh,Kharif,13.0,34.5,1.023,27.5,3105.69
2024,10,Maize,Rajasthan,Kharif,8.9,32.8,1.0,27.5,3285.5
2024,10,Maize,Gujarat,Kharif,15.0,31.2,1.033,27.5,3260.68
2024,10,Maize,Bihar,Kharif,10.7,32.6,1.056,27.5,3083.74
2024,10,Maize,West Bengal,Kharif,41.4,32.0,1.002,27.5,3145.77
2024,10,Maize,Tamil Nadu,Kharif,15.9,34.2,0.97,27.5,3172.8
2024,10,Potato,Punjab,Rabi,195.5,26.6,1.045,27.5,1045.62
2024,10,Potato,Haryana,Rabi,140.2,29.5,1.051,27.5,1061.03
2024,10,Potato,UP,Rabi,159.5,30.9,0.989,27.5,1099.53
2024,10,Potato,Maharashtra,Rabi,131.2,25.6,0.988,27.5,1068.31
2024,10,Potato,Karnataka,Rabi,161.7,28.0,1.067,27.5,1125.35
2024,10,Potato,Andhra Pradesh,Rabi,146.5,28.1,0.983,27.5,1144.35
2024,10,Potato,Madhya Pradesh,Rabi,180.9,27.9,0.978,27.5,1158.95
2024,10,Potato,Rajasthan,Rabi,180.4,27.1,1.034,27.5,1157.11
2024,10,Potato,Gujarat,Rabi,183.5,28.7,1.043,27.5,1160.12
2024,10,Potato,Bihar,Rabi,142.9,28.6,1.055,27.5,1022.04
2024,10,Potato,West Bengal,Rabi,161.4,28.1,0.984,27.5,1005.5
2024,10,Potato,Tamil Nadu,Rabi,161.2,26.6,1.044,27.5,1155.87
2024,10,Tomato,Punjab,Year-round,107.8,14.9,1.067,27.5,1570.81
2024,10,Tomato,Haryana,Year-round,117.9,17.3,1.078,27.5,1689.18
2024,10,Tomato,UP,Year-round,121.7,15.8,1.045,27.5,1478.56
2024,10,Tomato,Maharashtra,Year-round,154.9,20.1,1.107,27.5,1567.52
2024,10,Tomato,Karnataka,Year-round,123.6,16.7,1.083,27.5,1603.8
2024,10,Tomato,Andhra Pradesh,Year-round,135.1,17.1,1.077,27.5,1612.99
2024,10,Tomato,Madhya Pradesh,Year-round,123.1,17.9,1.05,27.5,1700.67
2024,10,Tomato,Rajasthan,Year-round,164.2,14.8,1.031,27.5,1562.66
2024,10,Tomato,Gujarat,Year-round,156.4,17.9,1.009,27.5,1617.76
2024,10,Tomato,Bihar,Year-round,131.8,13.7,1.01,27.5,1534.05
2024,10,Tomato,West Bengal,Year-round,136.1,15.8,1.067,27.5,1521.07
2024,10,Tomato,Tamil Nadu,Year-round,146.5,20.8,1.052,27.5,1502.63
2024,10,Onion,Punjab,Rabi,165.8,24.8,0.898,27.5,1654.12
2024,10,Onion,Haryana,Rabi,176.6,27.0,0.927,27.5,1806.09
2024,10,Onion,UP,Rabi,178.7,27.9,0.882,27.5,1797.16
2024,10,Onion,Maharashtra,Rabi,179.2,29.1,0.916,27.5,1640.57
2024,10,Onion,Karnataka,Rabi,140.4,26.0,0.96,27.5,1720.94
2024,10,Onion,Andhra Pradesh,Rabi,182.5,28.8,0.878,27.5,1704.82
2024,10,Onion,Madhya Pradesh,Rabi,183.8,25.5,0.9,27.5,1631.13
2024,10,Onion,Rajasthan,Rabi,148.9,27.1,0.896,27.5,1622.0
2024,10,Onion,Gujarat,Rabi,166.8,26.2,0.899,27.5,1715.55
2024,10,Onion,Bihar,Rabi,176.3,28.0,0.884,27.5,1808.02
2024,10,Onion,West Bengal,Rabi,163.3,28.1,0.893,27.5,1682.1
2024,10,Onion,Tamil Nadu,Rabi,153.6,28.2,0.956,27.5,1651.96
2024,10,Soybean,Punjab,Kharif,106.5,32.3,1.057,27.5,6276.77
2024,10,Soybean,Haryana,Kharif,106.4,35.6,1.051,27.5,6422.28
2024,10,Soybean,UP,Kharif,101.0,35.0,1.097,27.5,6039.32
2024,10,Soybean,Maharashtra,Kharif,104.2,34.0,1.124,27.5,6280.2
2024,10,Soybean,Karnataka,Kharif,134.0,32.1,1.134,27.5,6204.96
2024,10,Soybean,Andhra Pradesh,Kharif,118.7,34.9,1.073,27.5,6357.76
2024,10,Soybean,Madhya Pradesh,Kharif,78.6,31.3,1.062,27.5,6225.98
2024,10,Soybean,Rajasthan,Kharif,52.5,32.8,1.04,27.5,6134.97
2024,10,Soybean,Gujarat,Kharif,126.3,30.7,1.137,27.5,6198.67
2024,10,Soybean,Bihar,Kharif,107.4,35.6,1.079,27.5,5816.15
2024,10,Soybean,West Bengal,Kharif,123.5,31.2,1.115,27.5,6254.71
2024,10,Soybean,Tamil Nadu,Kharif,115.7,34.3,1.079,27.5,6485.89
2024,10,Cotton,Punjab,Kharif,126.2,38.7,0.916,27.5,7898.11
2024,10,Cotton,Haryana,Kharif,122.4,42.2,0.945,27.5,7876.5
2024,10,Cotton,UP,Kharif,94.1,38.2,0.946,27.5,7349.29
2024,10,Cotton,Maharashtra,Kharif,117.9,38.0,0.902,27.5,7089.66
2024,10,Cotton,Karnataka,Kharif,102.4,40.3,0.926,27.5,7152.07
2024,10,Cotton,Andhra Pradesh,Kharif,133.3,37.0,0.894,27.5,7059.87
2024,10,Cotton,Madhya Pradesh,Kharif,111.8,36.2,0.869,27.5,6959.91
2024,10,Cotton,Rajasthan,Kharif,113.9,38.8,0.871,27.5,7011.96
2024,10,Cotton,Gujarat,Kharif,96.0,37.8,0.913,27.5,7872.0
2024,10,Cotton,Bihar,Kharif,157.5,35.1,0.947,27.5,6876.48
2024,10,Cotton,West Bengal,Kharif,109.6,38.9,0.9,27.5,7214.82
2024,10,Cotton,Tamil Nadu,Kharif,66.4,37.7,0.949,27.5,7092.13
2024,10,Sugarcane,Punjab,Year-round,131.7,30.8,0.88,27.5,347.74
2024,10,Sugarcane,Haryana,Year-round,124.6,35.2,0.887,27.5,350.99
2024,10,Sugarcane,UP,Year-round,128.2,33.4,0.894,27.5,377.47
2024,10,Sugarcane,Maharashtra,Year-round,183.2,36.5,0.874,27.5,392.8
2024,10,Sugarcane,Karnataka,Year-round,126.8,31.4,0.89,27.5,397.22
2024,10,Sugarcane,Andhra Pradesh,Year-round,81.2,31.6,0.926,27.5,399.04
2024,10,Sugarcane,Madhya Pradesh,Year-round,131.7,34.3,0.875,27.5,351.64
2024,10,Sugarcane,Rajasthan,Year-round,134.3,32.3,0.941,27.5,352.32
2024,10,Sugarcane,Gujarat,Year-round,109.6,32.1,0.939,27.5,383.18
2024,10,Sugarcane,Bihar,Year-round,117.7,29.7,0.903,27.5,364.84
2024,10,Sugarcane,West Bengal,Year-round,109.9,33.7,0.894,27.5,359.75
2024,10,Sugarcane,Tamil Nadu,Year-round,152.8,32.4,0.912,27.5,388.87
2024,10,Chilli,Punjab,Kharif,63.5,24.7,0.984,27.5,10413.81
2024,10,Chilli,Haryana,Kharif,75.0,21.3,1.047,27.5,10294.59
2024,10,Chilli,UP,Kharif,103.6,21.5,1.045,27.5,10089.9
2024,10,Chilli,Maharashtra,Kharif,109.9,25.9,0.989,27.5,10535.9
2024,10,Chilli,Karnataka,Kharif,67.3,22.9,1.083,27.5,10529.47
2024,10,Chilli,Andhra Pradesh,Kharif,99.3,24.8,0.996,27.5,10351.56
2024,10,Chilli,Madhya Pradesh,Kharif,104.8,25.2,1.062,27.5,11243.67
2024,10,Chilli,Rajasthan,Kharif,81.7,25.6,1.023,27.5,9824.03
2024,10,Chilli,Gujarat,Kharif,89.6,25.4,0.994,27.5,10165.68
2024,10,Chilli,Bihar,Kharif,75.5,27.4,0.999,27.5,10606.95
2024,10,Chilli,West Bengal,Kharif,105.2,24.8,0.998,27.5,11067.51
2024,10,Chilli,Tamil Nadu,Kharif,125.3,26.2,1.025,27.5,10652.72
2024,10,Gram,Punjab,Rabi,166.9,29.2,1.085,27.5,7335.64
2024,10,Gram,Haryana,Rabi,191.4,27.7,1.077,27.5,7481.22
2024,10,Gram,UP,Rabi,194.0,26.7,1.123,27.5,7571.83
2024,10,Gram,Maharashtra,Rabi,146.5,25.2,1.031,27.5,7549.64
2024,10,Gram,Karnataka,Rabi,189.5,26.1,1.066,27.5,7765.3
2024,10,Gram,Andhra Pradesh,Rabi,156.2,24.2,1.047,27.5,7720.94
2024,10,Gram,Madhya Pradesh,Rabi,181.7,26.8,1.064,27.5,6919.36
2024,10,Gram,Rajasthan,Rabi,190.8,29.7,1.105,27.5,7479.87
2024,10,Gram,Gujarat,Rabi,204.9,26.6,1.125,27.5,7615.39
2024,10,Gram,Bihar,Rabi,157.3,28.8,1.056,27.5,7486.75
2024,10,Gram,West Bengal,Rabi,158.1,28.3,1.108,27.5,7273.21
2024,10,Gram,Tamil Nadu,Rabi,159.1,28.3,1.107,27.5,7333.46
2024,10,Mustard,Punjab,Rabi,127.1,22.7,0.924,27.5,6572.85
2024,10,Mustard,Haryana,Rabi,94.8,21.3,0.963,27.5,6770.11
2024,10,Mustard,UP,Rabi,136.1,23.4,0.977,27.5,7611.24
2024,10,Mustard,Maharashtra,Rabi,99.2,22.6,0.969,27.5,6958.0
2024,10,Mustard,Karnataka,Rabi,158.1,23.2,0.941,27.5,6707.98
2024,10,Mustard,Andhra Pradesh,Rabi,160.2,23.4,0.903,27.5,6593.79
2024,10,Mustard,Madhya Pradesh,Rabi,125.7,22.1,0.924,27.5,7338.36
2024,10,Mustard,Rajasthan,Rabi,138.1,23.6,0.949,27.5,7251.56
2024,10,Mustard,Gujarat,Rabi,147.8,21.7,0.95,27.5,6507.38
2024,10,Mustard,Bihar,Rabi,127.6,21.4,0.937,27.5,7034.02
2024,10,Mustard,West Bengal,Rabi,106.9,24.2,0.901,27.5,7519.98
2024,10,Mustard,Tamil Nadu,Rabi,186.1,21.8,0.97,27.5,6706.54
2024,11,Wheat,Punjab,Rabi,223.5,27.3,0.913,27.5,2596.2
2024,11,Wheat,Haryana,Rabi,209.8,30.6,0.945,27.5,2793.18
2024,11,Wheat,UP,Rabi,202.4,28.7,0.879,27.5,2854.69
2024,11,Wheat,Maharashtra,Rabi,194.7,29.6,0.918,27.5,2668.23
2024,11,Wheat,Karnataka,Rabi,219.2,31.9,0.886,27.5,2660.01
2024,11,Wheat,Andhra Pradesh,Rabi,204.9,29.6,0.948,27.5,2907.8
2024,11,Wheat,Madhya Pradesh,Rabi,187.7,33.3,0.885,27.5,2767.47
2024,11,Wheat,Rajasthan,Rabi,208.3,28.1,0.943,27.5,2525.59
2024,11,Wheat,Gujarat,Rabi,186.0,31.3,0.878,27.5,2872.99
2024,11,Wheat,Bihar,Rabi,187.1,28.0,0.865,27.5,2588.97
2024,11,Wheat,West Bengal,Rabi,219.5,29.6,0.883,27.5,2815.43
2024,11,Wheat,Tamil Nadu,Rabi,201.3,32.2,0.939,27.5,2664.4
2024,11,Rice,Punjab,Kharif,160.3,21.5,1.023,27.5,3257.03
2024,11,Rice,Haryana,Kharif,180.0,23.4,1.041,27.5,3375.08
2024,11,Rice,UP,Kharif,173.6,23.1,1.02,27.5,3306.36
2024,11,Rice,Maharashtra,Kharif,161.0,22.5,1.088,27.5,3167.83
2024,11,Rice,Karnataka,Kharif,159.3,23.2,1.091,27.5,3302.2
2024,11,Rice,Andhra Pradesh,Kharif,156.1,23.7,1.06,27.5,3248.68
2024,11,Rice,Madhya Pradesh,Kharif,180.7,27.4,1.022,27.5,3006.33
2024,11,Rice,Rajasthan,Kharif,150.1,26.9,1.027,27.5,3198.07
2024,11,Rice,Gujarat,Kharif,199.1,22.4,1.091,27.5,3274.63
2024,11,Rice,Bihar,Kharif,157.9,23.9,1.094,27.5,3032.1
2024,11,Rice,West Bengal,Kharif,198.0,25.2,1.062,27.5,3175.06
2024,11,Rice,Tamil Nadu,Kharif,199.0,26.2,1.069,27.5,2946.34
2024,11,Maize,Punjab,Kharif,69.5,37.7,1.078,27.5,3511.18
2024,11,Maize,Haryana,Kharif,146.7,39.5,1.13,27.5,3270.11
2024,11,Maize,UP,Kharif,132.3,37.8,1.143,27.5,3113.08
2024,11,Maize,Maharashtra,Kharif,94.8,40.1,1.091,27.5,3557.5
2024,11,Maize,Karnataka,Kharif,121.8,39.6,1.169,27.5,3125.95
2024,11,Maize,Andhra Pradesh,Kharif,125.2,37.1,1.114,27.5,3626.03
2024,11,Maize,Madhya Pradesh,Kharif,131.8,37.8,1.171,27.5,3413.15
2024,11,Maize,Rajasthan,Kharif,127.0,39.0,1.113,27.5,3348.4
2024,11,Maize,Gujarat,Kharif,136.8,36.7,1.118,27.5,3537.57
2024,11,Maize,Bihar,Kharif,106.1,36.2,1.101,27.5,3459.75
2024,11,Maize,West Bengal,Kharif,138.3,39.2,1.109,27.5,3509.33
2024,11,Maize,Tamil Nadu,Kharif,120.1,38.3,1.101,27.5,3500.59
2024,11,Potato,Punjab,Rabi,127.5,25.7,1.051,27.5,1136.63
2024,11,Potato,Haryana,Rabi,127.7,29.4,1.041,27.5,1047.29
2024,11,Potato,UP,Rabi,136.8,28.1,1.072,27.5,1044.27
2024,11,Potato,Maharashtra,Rabi,112.1,31.0,1.06,27.5,1069.05
2024,11,Potato,Karnataka,Rabi,128.4,25.1,1.018,27.5,1014.83
2024,11,Potato,Andhra Pradesh,Rabi,110.8,27.9,1.035,27.5,1035.1
2024,11,Potato,Madhya Pradesh,Rabi,122.6,29.9,1.099,27.5,1036.01
2024,11,Potato,Rajasthan,Rabi,146.4,31.4,1.085,27.5,1144.78
2024,11,Potato,Gujarat,Rabi,112.3,28.9,1.107,27.5,1115.16
2024,11,Potato,Bihar,Rabi,118.1,31.1,1.065,27.5,1080.2
2024,11,Potato,West Bengal,Rabi,149.0,30.5,1.055,27.5,1080.13
2024,11,Potato,Tamil Nadu,Rabi,126.8,26.6,1.076,27.5,1111.82
2024,11,Tomato,Punjab,Year-round,101.4,30.5,1.089,27.5,1558.38
2024,11,Tomato,Haryana,Year-round,74.1,30.7,1.09,27.5,1803.38
2024,11,Tomato,UP,Year-round,128.4,29.7,1.107,27.5,1563.44
2024,11,Tomato,Maharashtra,Year-round,121.8,31.2,1.127,27.5,1665.46
2024,11,Tomato,Karnataka,Year-round,107.2,28.4,1.05,27.5,1730.78
2024,11,Tomato,Andhra Pradesh,Year-round,118.4,26.6,1.095,27.5,1719.97
2024,11,Tomato,Madhya Pradesh,Year-round,105.6,29.2,1.141,27.5,1728.89
2024,11,Tomato,Rajasthan,Year-round,108.5,30.9,1.082,27.5,1584.51
2024,11,Tomato,Gujarat,Year-round,135.4,26.9,1.137,27.5,1602.76
2024,11,Tomato,Bihar,Year-round,92.4,26.2,1.127,27.5,1593.11
2024,11,Tomato,West Bengal,Year-round,87.9,27.8,1.082,27.5,1595.82
2024,11,Tomato,Tamil Nadu,Year-round,97.3,31.2,1.105,27.5,1660.45
2024,11,Onion,Punjab,Rabi,138.1,39.3,1.025,27.5,1975.13
2024,11,Onion,Haryana,Rabi,131.7,40.2,1.084,27.5,2287.1
2024,11,Onion,UP,Rabi,134.5,35.7,0.998,27.5,2237.18
2024,11,Onion,Maharashtra,Rabi,106.2,38.1,0.998,27.5,2112.19
2024,11,Onion,Karnataka,Rabi,83.2,34.7,1.053,27.5,2152.62
2024,11,Onion,Andhra Pradesh,Rabi,115.3,32.0,1.096,27.5,2165.75
2024,11,Onion,Madhya Pradesh,Rabi,92.1,38.7,1.03,27.5,2279.81
2024,11,Onion,Rajasthan,Rabi,119.6,37.5,1.043,27.5,2254.64
2024,11,Onion,Gujarat,Rabi,107.0,36.7,1.066,27.5,2247.39
2024,11,Onion,Bihar,Rabi,85.3,38.5,1.085,27.5,2248.0
2024,11,Onion,West Bengal,Rabi,106.7,35.7,1.065,27.5,2149.85
2024,11,Onion,Tamil Nadu,Rabi,104.2,39.8,1.053,27.5,2107.78
2024,11,Soybean,Punjab,Kharif,104.1,20.1,0.883,27.5,4837.56
2024,11,Soybean,Haryana,Kharif,98.8,20.5,0.908,27.5,4912.02
2024,11,Soybean,UP,Kharif,131.8,25.7,0.909,27.5,5024.19
2024,11,Soybean,Maharashtra,Kharif,129.2,21.1,0.951,27.5,5129.45
2024,11,Soybean,Karnataka,Kharif,124.6,19.4,0.916,27.5,4899.69
2024,11,Soybean,Andhra Pradesh,Kharif,166.5,22.4,0.875,27.5,5291.6
2024,11,Soybean,Madhya Pradesh,Kharif,141.1,22.7,0.916,27.5,5415.55
2024,11,Soybean,Rajasthan,Kharif,109.8,21.4,0.957,27.5,5380.82
2024,11,Soybean,Gujarat,Kharif,122.6,18.2,0.881,27.5,5035.38
2024,11,Soybean,Bihar,Kharif,83.2,21.7,0.952,27.5,5138.02
2024,11,Soybean,West Bengal,Kharif,131.3,20.6,0.89,27.5,4812.81
2024,11,Soybean,Tamil Nadu,Kharif,152.2,20.2,0.962,27.5,5217.06
2024,11,Cotton,Punjab,Kharif,193.1,30.7,0.94,27.5,8002.44
2024,11,Cotton,Haryana,Kharif,157.4,28.7,0.943,27.5,8733.99
2024,11,Cotton,UP,Kharif,159.9,29.7,0.985,27.5,8931.58
2024,11,Cotton,Maharashtra,Kharif,141.4,27.2,0.933,27.5,8159.94
2024,11,Cotton,Karnataka,Kharif,179.3,28.3,0.925,27.5,9275.34
2024,11,Cotton,Andhra Pradesh,Kharif,158.8,26.7,0.951,27.5,9284.84
2024,11,Cotton,Madhya Pradesh,Kharif,177.7,27.3,0.946,27.5,8490.83
2024,11,Cotton,Rajasthan,Kharif,169.0,26.1,0.92,27.5,8075.8
2024,11,Cotton,Gujarat,Kharif,148.6,29.2,0.943,27.5,8942.29
2024,11,Cotton,Bihar,Kharif,147.1,29.6,0.962,27.5,9062.03
2024,11,Cotton,West Bengal,Kharif,197.7,28.6,0.973,27.5,9272.91
2024,11,Cotton,Tamil Nadu,Kharif,159.5,23.8,0.974,27.5,9158.95
2024,11,Sugarcane,Punjab,Year-round,29.6,22.0,1.025,27.5,393.09
2024,11,Sugarcane,Haryana,Year-round,91.8,24.8,0.999,27.5,421.91
2024,11,Sugarcane,UP,Year-round,108.6,24.4,1.042,27.5,419.66
2024,11,Sugarcane,Maharashtra,Year-round,107.8,26.7,1.058,27.5,440.07
2024,11,Sugarcane,Karnataka,Year-round,99.0,26.3,1.038,27.5,389.77
2024,11,Sugarcane,Andhra Pradesh,Year-round,63.9,24.2,1.064,27.5,401.74
2024,11,Sugarcane,Madhya Pradesh,Year-round,108.9,18.6,1.059,27.5,386.96
2024,11,Sugarcane,Rajasthan,Year-round,92.3,20.6,0.996,27.5,406.01
2024,11,Sugarcane,Gujarat,Year-round,88.4,20.6,1.048,27.5,435.21
2024,11,Sugarcane,Bihar,Year-round,77.7,23.6,1.005,27.5,405.48
2024,11,Sugarcane,West Bengal,Year-round,84.4,26.5,1.02,27.5,407.1
2024,11,Sugarcane,Tamil Nadu,Year-round,101.5,26.6,1.084,27.5,418.97
2024,11,Chilli,Punjab,Kharif,176.4,20.2,1.016,27.5,9392.46
2024,11,Chilli,Haryana,Kharif,142.8,19.1,0.986,27.5,9997.01
2024,11,Chilli,UP,Kharif,161.3,21.5,0.971,27.5,10631.35
2024,11,Chilli,Maharashtra,Kharif,163.3,25.5,1.025,27.5,10504.99
2024,11,Chilli,Karnataka,Kharif,186.7,22.7,1.036,27.5,9312.32
2024,11,Chilli,Andhra Pradesh,Kharif,180.1,23.6,0.974,27.5,10201.26
2024,11,Chilli,Madhya Pradesh,Kharif,189.4,22.4,0.997,27.5,10743.06
2024,11,Chilli,Rajasthan,Kharif,201.3,20.9,1.059,27.5,10776.79
2024,11,Chilli,Gujarat,Kharif,140.1,21.7,1.059,27.5,10771.69
2024,11,Chilli,Bihar,Kharif,158.4,18.9,1.018,27.5,10881.65
2024,11,Chilli,West Bengal,Kharif,164.1,18.1,1.06,27.5,9440.19
2024,11,Chilli,Tamil Nadu,Kharif,153.9,22.8,1.012,27.5,9336.33
2024,11,Gram,Punjab,Rabi,135.5,27.6,1.026,27.5,6880.11
2024,11,Gram,Haryana,Rabi,154.8,27.6,1.049,27.5,6466.42
2024,11,Gram,UP,Rabi,164.1,26.7,0.97,27.5,6861.77
2024,11,Gram,Maharashtra,Rabi,182.6,27.2,1.021,27.5,6669.69
2024,11,Gram,Karnataka,Rabi,128.6,21.2,1.01,27.5,6638.31
2024,11,Gram,Andhra Pradesh,Rabi,128.9,23.0,0.985,27.5,6572.82
2024,11,Gram,Madhya Pradesh,Rabi,154.2,27.8,0.987,27.5,7017.39
2024,11,Gram,Rajasthan,Rabi,153.5,24.2,0.985,27.5,7061.72
2024,11,Gram,Gujarat,Rabi,173.3,28.6,1.045,27.5,6554.95
2024,11,Gram,Bihar,Rabi,119.8,24.5,0.989,27.5,6794.74
2024,11,Gram,West Bengal,Rabi,133.2,29.7,1.048,27.5,6636.05
2024,11,Gram,Tamil Nadu,Rabi,171.3,28.4,0.974,27.5,7143.38
2024,11,Mustard,Punjab,Rabi,86.8,22.8,0.85,27.5,6216.84
2024,11,Mustard,Haryana,Rabi,91.7,19.9,0.888,27.5,6522.17
2024,11,Mustard,UP,Rabi,102.6,24.9,0.906,27.5,5957.4
2024,11,Mustard,Maharashtra,Rabi,122.0,22.2,0.826,27.5,6196.65
2024,11,Mustard,Karnataka,Rabi,117.6,22.3,0.831,27.5,5792.18
2024,11,Mustard,Andhra Pradesh,Rabi,110.1,21.5,0.86,27.5,6388.23
2024,11,Mustard,Madhya Pradesh,Rabi,77.3,22.6,0.835,27.5,5867.62
2024,11,Mustard,Rajasthan,Rabi,95.7,24.8,0.893,27.5,6220.96
2024,11,Mustard,Gujarat,Rabi,61.6,24.6,0.901,27.5,6733.91
2024,11,Mustard,Bihar,Rabi,95.4,24.8,0.888,27.5,6451.69
2024,11,Mustard,West Bengal,Rabi,100.6,27.1,0.862,27.5,6643.43
2024,11,Mustard,Tamil Nadu,Rabi,80.6,26.6,0.864,27.5,6576.14
2024,12,Wheat,Punjab,Rabi,134.5,12.1,1.088,27.5,3133.5
2024,12,Wheat,Haryana,Rabi,111.4,12.1,1.079,27.5,3026.47
2024,12,Wheat,UP,Rabi,120.0,12.6,1.09,27.5,3385.06
2024,12,Wheat,Maharashtra,Rabi,91.7,14.8,1.067,27.5,3193.84
2024,12,Wheat,Karnataka,Rabi,75.5,14.3,1.06,27.5,3033.01
2024,12,Wheat,Andhra Pradesh,Rabi,74.8,10.2,1.139,27.5,3357.83
2024,12,Wheat,Madhya Pradesh,Rabi,109.9,11.3,1.169,27.5,3197.2
2024,12,Wheat,Rajasthan,Rabi,90.7,12.8,1.094,27.5,3103.04
2024,12,Wheat,Gujarat,Rabi,102.2,13.1,1.085,27.5,3002.93
2024,12,Wheat,Bihar,Rabi,96.8,10.3,1.071,27.5,3339.15
2024,12,Wheat,West Bengal,Rabi,113.1,13.5,1.098,27.5,3458.83
2024,12,Wheat,Tamil Nadu,Rabi,124.6,9.0,1.128,27.5,3227.2
2024,12,Rice,Punjab,Kharif,67.7,19.0,0.982,27.5,2748.52
2024,12,Rice,Haryana,Kharif,44.2,21.3,1.005,27.5,2612.06
2024,12,Rice,UP,Kharif,58.2,17.8,0.953,27.5,2560.23
2024,12,Rice,Maharashtra,Kharif,50.5,18.7,0.95,27.5,2568.43
2024,12,Rice,Karnataka,Kharif,68.1,15.9,0.951,27.5,2923.8
2024,12,Rice,Andhra Pradesh,Kharif,44.0,20.5,0.98,27.5,2938.9
2024,12,Rice,Madhya Pradesh,Kharif,18.6,18.9,0.969,27.5,2549.39
2024,12,Rice,Rajasthan,Kharif,68.1,21.2,0.926,27.5,2875.46
2024,12,Rice,Gujarat,Kharif,55.9,16.9,0.985,27.5,2794.29
2024,12,Rice,Bihar,Kharif,86.0,16.6,1.007,27.5,2789.9
2024,12,Rice,West Bengal,Kharif,41.3,19.9,1.01,27.5,2741.25
2024,12,Rice,Tamil Nadu,Kharif,81.7,19.3,0.961,27.5,2623.0
2024,12,Maize,Punjab,Kharif,130.5,14.7,0.983,27.5,3111.41
2024,12,Maize,Haryana,Kharif,158.5,16.5,0.995,27.5,2915.73
2024,12,Maize,UP,Kharif,156.0,18.3,1.029,27.5,3041.54
2024,12,Maize,Maharashtra,Kharif,143.0,12.7,0.979,27.5,2999.39
2024,12,Maize,Karnataka,Kharif,115.1,15.0,1.057,27.5,3026.58
2024,12,Maize,Andhra Pradesh,Kharif,91.2,14.0,1.045,27.5,3031.76
2024,12,Maize,Madhya Pradesh,Kharif,143.3,14.9,1.049,27.5,3063.16
2024,12,Maize,Rajasthan,Kharif,121.1,16.2,1.005,27.5,2821.61
2024,12,Maize,Gujarat,Kharif,111.7,16.6,1.027,27.5,3173.58
2024,12,Maize,Bihar,Kharif,137.6,15.6,1.018,27.5,2969.16
2024,12,Maize,West Bengal,Kharif,120.7,16.0,0.964,27.5,2818.8
2024,12,Maize,Tamil Nadu,Kharif,133.8,16.3,0.963,27.5,3178.04
2024,12,Potato,Punjab,Rabi,130.8,21.8,1.11,27.5,1192.47
2024,12,Potato,Haryana,Rabi,108.7,20.8,1.135,27.5,1267.96
2024,12,Potato,UP,Rabi,79.8,22.9,1.047,27.5,1126.0
2024,12,Potato,Maharashtra,Rabi,105.4,22.9,1.093,27.5,1111.25
2024,12,Potato,Karnataka,Rabi,126.1,19.2,1.083,27.5,1263.61
2024,12,Potato,Andhra Pradesh,Rabi,118.1,22.5,1.042,27.5,1127.62
2024,12,Potato,Madhya Pradesh,Rabi,135.4,20.0,1.125,27.5,1189.84
2024,12,Potato,Rajasthan,Rabi,110.7,16.9,1.113,27.5,1234.02
2024,12,Potato,Gujarat,Rabi,140.8,22.1,1.125,27.5,1116.25
2024,12,Potato,Bihar,Rabi,119.0,16.8,1.108,27.5,1108.51
2024,12,Potato,West Bengal,Rabi,120.7,21.3,1.119,27.5,1225.45
2024,12,Potato,Tamil Nadu,Rabi,108.3,21.5,1.089,27.5,1205.11
2024,12,Tomato,Punjab,Year-round,21.0,14.9,0.875,27.5,1473.46
2024,12,Tomato,Haryana,Year-round,55.2,13.9,0.875,27.5,1531.2
2024,12,Tomato,UP,Year-round,55.8,16.7,0.869,27.5,1625.54
2024,12,Tomato,Maharashtra,Year-round,53.2,13.3,0.878,27.5,1590.13
2024,12,Tomato,Karnataka,Year-round,27.1,12.1,0.881,27.5,1404.7
2024,12,Tomato,Andhra Pradesh,Year-round,69.6,15.6,0.847,27.5,1584.07
2024,12,Tomato,Madhya Pradesh,Year-round,63.1,12.5,0.829,27.5,1607.0
2024,12,Tomato,Rajasthan,Year-round,46.5,10.8,0.88,27.5,1404.45
2024,12,Tomato,Gujarat,Year-round,49.1,15.9,0.816,27.5,1518.22
2024,12,Tomato,Bihar,Year-round,44.0,16.8,0.829,27.5,1563.47
2024,12,Tomato,West Bengal,Year-round,20.0,14.9,0.889,27.5,1589.52
2024,12,Tomato,Tamil Nadu,Year-round,36.1,14.1,0.862,27.5,1624.76
2024,12,Onion,Punjab,Rabi,128.0,20.9,0.866,27.5,1625.37
2024,12,Onion,Haryana,Rabi,120.4,18.3,0.858,27.5,1666.4
2024,12,Onion,UP,Rabi,101.5,20.1,0.864,27.5,1545.11
2024,12,Onion,Maharashtra,Rabi,99.9,16.8,0.871,27.5,1544.5
2024,12,Onion,Karnataka,Rabi,105.7,19.1,0.856,27.5,1788.79
2024,12,Onion,Andhra Pradesh,Rabi,91.1,19.2,0.847,27.5,1660.46
2024,12,Onion,Madhya Pradesh,Rabi,120.9,17.9,0.883,27.5,1546.11
2024,12,Onion,Rajasthan,Rabi,92.1,21.6,0.906,27.5,1674.45
2024,12,Onion,Gujarat,Rabi,130.5,22.9,0.9,27.5,1759.46
2024,12,Onion,Bihar,Rabi,119.0,22.5,0.893,27.5,1634.76
2024,12,Onion,West Bengal,Rabi,97.3,19.2,0.908,27.5,1702.52
2024,12,Onion,Tamil Nadu,Rabi,58.2,19.2,0.834,27.5,1586.52
2024,12,Soybean,Punjab,Kharif,117.9,18.8,1.021,27.5,6190.92
2024,12,Soybean,Haryana,Kharif,123.0,19.1,1.028,27.5,5648.14
2024,12,Soybean,UP,Kharif,95.1,19.2,1.004,27.5,6435.97
2024,12,Soybean,Maharashtra,Kharif,110.2,19.8,1.047,27.5,5667.2
2024,12,Soybean,Karnataka,Kharif,101.0,19.3,1.013,27.5,6147.53
2024,12,Soybean,Andhra Pradesh,Kharif,92.4,20.2,0.956,27.5,6457.39
2024,12,Soybean,Madhya Pradesh,Kharif,100.2,19.6,1.015,27.5,5985.19
2024,12,Soybean,Rajasthan,Kharif,134.0,17.3,1.045,27.5,5712.0
2024,12,Soybean,Gujarat,Kharif,87.0,24.8,1.028,27.5,6401.72
2024,12,Soybean,Bihar,Kharif,92.5,19.4,1.037,27.5,5898.62
2024,12,Soybean,West Bengal,Kharif,94.5,20.1,1.008,27.5,6525.64
2024,12,Soybean,Tamil Nadu,Kharif,89.0,15.5,1.03,27.5,5788.93
2024,12,Cotton,Punjab,Kharif,145.7,11.9,0.861,27.5,7730.12
2024,12,Cotton,Haryana,Kharif,127.5,8.3,0.83,27.5,7358.69
2024,12,Cotton,UP,Kharif,113.7,7.2,0.859,27.5,7120.91
2024,12,Cotton,Maharashtra,Kharif,120.7,9.6,0.852,27.5,7285.53
2024,12,Cotton,Karnataka,Kharif,93.2,11.2,0.876,27.5,7464.8
2024,12,Cotton,Andhra Pradesh,Kharif,66.7,10.4,0.86,27.5,7867.42
2024,12,Cotton,Madhya Pradesh,Kharif,135.7,11.4,0.863,27.5,8022.85
2024,12,Cotton,Rajasthan,Kharif,119.6,9.6,0.865,27.5,8020.38
2024,12,Cotton,Gujarat,Kharif,136.9,9.8,0.892,27.5,8045.87
2024,12,Cotton,Bihar,Kharif,104.9,9.8,0.872,27.5,8013.23
2024,12,Cotton,West Bengal,Kharif,153.0,8.4,0.867,27.5,7136.39
2024,12,Cotton,Tamil Nadu,Kharif,105.8,8.8,0.898,27.5,7068.97
2024,12,Sugarcane,Punjab,Year-round,125.0,17.9,0.987,27.5,420.36
2024,12,Sugarcane,Haryana,Year-round,148.1,23.2,0.95,27.5,396.6
2024,12,Sugarcane,UP,Year-round,163.0,18.3,0.941,27.5,388.37
2024,12,Sugarcane,Maharashtra,Year-round,154.8,15.6,1.01,27.5,392.43
2024,12,Sugarcane,Karnataka,Year-round,126.9,18.9,0.956,27.5,445.38
2024,12,Sugarcane,Andhra Pradesh,Year-round,158.4,21.4,0.956,27.5,403.06
2024,12,Sugarcane,Madhya Pradesh,Year-round,131.7,18.5,0.945,27.5,439.88
2024,12,Sugarcane,Rajasthan,Year-round,166.0,18.9,0.961,27.5,410.59
2024,12,Sugarcane,Gujarat,Year-round,131.1,21.0,0.961,27.5,425.73
2024,12,Sugarcane,Bihar,Year-round,151.0,19.9,1.003,27.5,428.55
2024,12,Sugarcane,West Bengal,Year-round,113.3,17.4,0.987,27.5,391.79
2024,12,Sugarcane,Tamil Nadu,Year-round,146.5,18.9,1.015,27.5,447.74
2024,12,Chilli,Punjab,Kharif,143.1,10.3,0.845,27.5,8398.01
2024,12,Chilli,Haryana,Kharif,118.7,11.0,0.821,27.5,8855.99
2024,12,Chilli,UP,Kharif,127.8,11.0,0.859,27.5,8168.32
2024,12,Chilli,Maharashtra,Kharif,124.3,11.5,0.886,27.5,8241.14
2024,12,Chilli,Karnataka,Kharif,108.8,8.7,0.876,27.5,8078.99
2024,12,Chilli,Andhra Pradesh,Kharif,163.4,10.0,0.861,27.5,8552.88
2024,12,Chilli,Madhya Pradesh,Kharif,79.7,10.6,0.823,27.5,7996.63
2024,12,Chilli,Rajasthan,Kharif,95.0,8.1,0.894,27.5,9040.69
2024,12,Chilli,Gujarat,Kharif,104.4,11.6,0.87,27.5,8064.41
2024,12,Chilli,Bihar,Kharif,106.3,14.2,0.858,27.5,8426.85
2024,12,Chilli,West Bengal,Kharif,146.3,7.3,0.843,27.5,8533.11
2024,12,Chilli,Tamil Nadu,Kharif,151.6,11.7,0.829,27.5,8995.34
2024,12,Gram,Punjab,Rabi,107.3,19.0,0.938,27.5,6568.61
2024,12,Gram,Haryana,Rabi,108.2,15.7,0.879,27.5,5836.29
2024,12,Gram,UP,Rabi,155.1,11.7,0.948,27.5,6520.17
2024,12,Gram,Maharashtra,Rabi,105.4,15.2,0.935,27.5,6590.91
2024,12,Gram,Karnataka,Rabi,99.7,15.4,0.909,27.5,5938.42
2024,12,Gram,Andhra Pradesh,Rabi,89.3,12.6,0.95,27.5,6591.61
2024,12,Gram,Madhya Pradesh,Rabi,115.7,14.4,0.946,27.5,6196.36
2024,12,Gram,Rajasthan,Rabi,105.3,13.7,0.955,27.5,6356.71
2024,12,Gram,Gujarat,Rabi,109.8,12.5,0.932,27.5,5886.52
2024,12,Gram,Bihar,Rabi,133.4,11.8,0.943,27.5,6417.95
2024,12,Gram,West Bengal,Rabi,139.3,10.4,0.945,27.5,6312.34
2024,12,Gram,Tamil Nadu,Rabi,109.2,13.0,0.906,27.5,6600.62
2024,12,Mustard,Punjab,Rabi,188.5,12.4,0.98,27.5,6473.65
2024,12,Mustard,Haryana,Rabi,212.3,14.6,0.94,27.5,6828.54
2024,12,Mustard,UP,Rabi,195.5,8.2,0.99,27.5,7166.44
2024,12,Mustard,Maharashtra,Rabi,179.3,12.0,0.925,27.5,7080.71
2024,12,Mustard,Karnataka,Rabi,184.1,7.1,0.972,27.5,6526.43
2024,12,Mustard,Andhra Pradesh,Rabi,206.3,11.9,0.965,27.5,7315.2
2024,12,Mustard,Madhya Pradesh,Rabi,163.7,9.1,0.98,27.5,6760.82
2024,12,Mustard,Rajasthan,Rabi,184.2,10.2,1.011,27.5,7383.26
2024,12,Mustard,Gujarat,Rabi,184.0,9.9,1.012,27.5,6794.32
2024,12,Mustard,Bihar,Rabi,200.9,6.9,0.982,27.5,7204.35
2024,12,Mustard,West Bengal,Rabi,191.4,9.3,0.925,27.5,6718.3
2024,12,Mustard,Tamil Nadu,Rabi,191.5,9.7,0.944,27.5,6542.19
